-- phpMyAdmin SQL Dump
-- version 5.2.1
-- https://www.phpmyadmin.net/
--
-- Host: 127.0.0.1:3306
-- Generation Time: Nov 13, 2024 at 06:09 AM
-- Server version: 10.11.9-MariaDB
-- PHP Version: 7.2.34

SET SQL_MODE = "NO_AUTO_VALUE_ON_ZERO";
START TRANSACTION;
SET time_zone = "+00:00";


/*!40101 SET @OLD_CHARACTER_SET_CLIENT=@@CHARACTER_SET_CLIENT */;
/*!40101 SET @OLD_CHARACTER_SET_RESULTS=@@CHARACTER_SET_RESULTS */;
/*!40101 SET @OLD_COLLATION_CONNECTION=@@COLLATION_CONNECTION */;
/*!40101 SET NAMES utf8mb4 */;

--
-- Database: `u212969025_spemsyavatmal`
--

-- --------------------------------------------------------

--
-- Table structure for table `academic_session`
--

CREATE TABLE `academic_session` (
  `session_id` int(255) NOT NULL,
  `session` varchar(200) NOT NULL,
  `is_running` int(1) NOT NULL COMMENT '0-no,1-yes',
  `status` int(1) NOT NULL COMMENT '1-active , 2- inactive'
) ENGINE=InnoDB DEFAULT CHARSET=utf8mb4 COLLATE=utf8mb4_general_ci;

--
-- Dumping data for table `academic_session`
--

INSERT INTO `academic_session` (`session_id`, `session`, `is_running`, `status`) VALUES
(4, '2022-23', 0, 1),
(5, '2023-24', 0, 1),
(11, '2024-25', 1, 1),
(12, '2020-21', 0, 1),
(13, '2021-22', 0, 1),
(14, '2025-26', 0, 1);

-- --------------------------------------------------------

--
-- Table structure for table `bonafide_certificate`
--

CREATE TABLE `bonafide_certificate` (
  `bonafide_id` int(11) NOT NULL,
  `bona_no` varchar(200) NOT NULL,
  `student_id` int(11) NOT NULL,
  `fullname` text NOT NULL,
  `fathername` text NOT NULL,
  `session` text NOT NULL,
  `class` varchar(200) NOT NULL,
  `caste` text NOT NULL,
  `dob` date NOT NULL,
  `date` date NOT NULL,
  `created_by` int(11) NOT NULL,
  `statusID` int(11) NOT NULL
) ENGINE=InnoDB DEFAULT CHARSET=utf8mb4 COLLATE=utf8mb4_general_ci;

--
-- Dumping data for table `bonafide_certificate`
--

INSERT INTO `bonafide_certificate` (`bonafide_id`, `bona_no`, `student_id`, `fullname`, `fathername`, `session`, `class`, `caste`, `dob`, `date`, `created_by`, `statusID`) VALUES
(1, 'LBEHJCS-1', 2, 'sham singh', 'sanjay', '2023-24', 'First', 'obc', '1999-02-22', '2024-04-04', 8, 1),
(2, 'LBEHJCS-2', 3, 'AMBEKAR SWARA DHIRAJ', 'DHIRAJ', '2023-24', 'Second', 'MALI', '2015-11-27', '2024-04-05', 8, 1),
(3, 'LBEHJCS-3', 3, 'AMBEKAR SWARA DHIRAJ', 'DHIRAJ', '2023-24', 'Second', 'MALI', '2015-11-27', '2024-04-05', 8, 1),
(4, 'LBEHJCS-4', 241, 'MONALI JIVAN AMTE', 'JIVAN', '2024-25', 'Second', 'MANG', '2016-11-22', '2024-05-15', 8, 1),
(5, 'LBEHJCS-5', 241, 'MONALI JIVAN AMTE', 'JIVAN', '2024-25', 'Second', 'MANG', '2016-11-22', '2024-05-25', 8, 1),
(6, 'LBEHJCS-6', 245, 'VEDASHRI MANISH BELE', 'MANISH', '2024-25', 'Second', 'BARI', '2017-07-20', '2024-08-13', 2, 1);

-- --------------------------------------------------------

--
-- Table structure for table `class`
--

CREATE TABLE `class` (
  `class_id` int(12) UNSIGNED NOT NULL,
  `class_name` varchar(255) NOT NULL,
  `numeric_name` varchar(255) NOT NULL
) ENGINE=InnoDB DEFAULT CHARSET=latin1 COLLATE=latin1_swedish_ci;

--
-- Dumping data for table `class`
--

INSERT INTO `class` (`class_id`, `class_name`, `numeric_name`) VALUES
(17, 'Tenth', '10'),
(18, 'Nineth', '9'),
(19, 'Eighth', '8'),
(20, 'Seventh', '7'),
(21, 'Sixth', '6'),
(22, 'Fifth ', '5'),
(23, 'Fourth', '4'),
(24, 'Third', '3'),
(25, 'Second', '2'),
(26, 'First', '1'),
(28, 'KG II', 'KG II'),
(29, 'KG I', 'KG I'),
(30, 'Nursery', 'Nursery');

-- --------------------------------------------------------

--
-- Table structure for table `exam_acadamicexams`
--

CREATE TABLE `exam_acadamicexams` (
  `examID` int(11) NOT NULL,
  `exHeadID` int(11) DEFAULT NULL,
  `class_id` int(11) DEFAULT NULL,
  `session_id` int(11) DEFAULT NULL,
  `evaluation` int(11) DEFAULT NULL,
  `examStartDate` date DEFAULT NULL,
  `examEndDate` date DEFAULT NULL,
  `examStatus` int(11) DEFAULT NULL,
  `created_by` int(10) DEFAULT 0,
  `created_at` datetime DEFAULT current_timestamp(),
  `modified_by` int(10) NOT NULL DEFAULT 0,
  `modified_at` datetime DEFAULT NULL ON UPDATE current_timestamp(),
  `statusID` int(11) DEFAULT 0
) ENGINE=MyISAM DEFAULT CHARSET=latin1 COLLATE=latin1_swedish_ci;

--
-- Dumping data for table `exam_acadamicexams`
--

INSERT INTO `exam_acadamicexams` (`examID`, `exHeadID`, `class_id`, `session_id`, `evaluation`, `examStartDate`, `examEndDate`, `examStatus`, `created_by`, `created_at`, `modified_by`, `modified_at`, `statusID`) VALUES
(1, 1, 25, 11, 1, '2024-07-01', '2024-07-02', 1, 8, '2024-07-24 11:22:39', 0, NULL, 1),
(2, 6, 25, 11, 1, '2024-07-01', '2024-07-02', 1, 8, '2024-07-24 11:23:08', 0, NULL, 1),
(3, 7, 25, 11, 1, '2024-07-01', '2024-07-02', 1, 8, '2024-07-24 11:24:45', 0, NULL, 1),
(4, 8, 25, 11, 1, '2024-07-01', '2024-07-02', 1, 8, '2024-07-24 11:25:12', 0, NULL, 1),
(5, 1, 18, 11, 1, '2024-07-14', '2024-07-25', 1, 8, '2024-07-25 12:28:36', 0, '2024-08-07 23:02:58', 1),
(6, 6, 18, 11, 0, '2024-07-23', '2024-08-02', 1, 8, '2024-07-25 12:29:26', 0, NULL, 1),
(7, 7, 18, 11, 0, '2024-07-14', '2024-07-25', 1, 8, '2024-07-25 12:29:55', 0, NULL, 1),
(8, 8, 18, 11, 0, '2024-07-23', '2024-07-25', 1, 8, '2024-07-25 12:30:22', 0, NULL, 1),
(9, 1, 24, 11, 0, '2024-09-23', '2024-09-28', 0, 1, '2024-09-22 08:20:09', 0, NULL, 1),
(10, 6, 24, 11, 0, '2024-09-23', '2024-09-28', 1, 1, '2024-09-22 10:04:10', 0, NULL, 1),
(11, 7, 24, 11, 0, '2024-09-23', '2024-09-28', 1, 1, '2024-09-22 10:04:35', 0, NULL, 1),
(12, 8, 24, 11, 0, '2024-09-23', '2024-09-28', 1, 1, '2024-09-22 10:05:30', 0, NULL, 1),
(13, 9, 24, 11, 0, '2024-09-23', '2024-09-28', 0, 1, '2024-09-23 20:43:50', 0, NULL, 1);

-- --------------------------------------------------------

--
-- Table structure for table `exam_grades`
--

CREATE TABLE `exam_grades` (
  `gradeID` int(11) NOT NULL,
  `session_id` int(10) DEFAULT 0,
  `grade` varchar(200) DEFAULT NULL,
  `min_grade_range` varchar(200) DEFAULT NULL,
  `max_grade_range` varchar(200) DEFAULT NULL,
  `remark` text DEFAULT NULL,
  `class_id` int(11) DEFAULT NULL,
  `created_by` int(10) DEFAULT 0,
  `created_at` datetime DEFAULT current_timestamp(),
  `modified_by` int(10) DEFAULT 0,
  `modified_at` datetime DEFAULT NULL ON UPDATE current_timestamp(),
  `statusID` int(11) DEFAULT NULL
) ENGINE=MyISAM DEFAULT CHARSET=latin1 COLLATE=latin1_swedish_ci;

--
-- Dumping data for table `exam_grades`
--

INSERT INTO `exam_grades` (`gradeID`, `session_id`, `grade`, `min_grade_range`, `max_grade_range`, `remark`, `class_id`, `created_by`, `created_at`, `modified_by`, `modified_at`, `statusID`) VALUES
(6, 0, 'A-1', '91', '100', 'Super Excellent', 0, 8, '2024-07-13 22:20:19', 8, '2024-07-25 12:18:55', 1),
(7, 0, 'A-2', '81', '90', 'Excellent', 0, 8, '2024-07-13 22:20:43', 8, '2024-07-25 12:19:08', 1),
(8, 0, 'B-1', '71', '80', 'Very Good', 0, 8, '2024-07-13 22:21:01', 8, '2024-07-25 12:19:20', 1),
(9, 0, 'B-2', '61', '70', 'Good', 0, 8, '2024-07-13 22:21:27', 8, '2024-07-25 12:19:28', 1),
(10, 0, 'C-1', '51', '60', 'Average', 0, 8, '2024-07-13 22:22:02', 8, '2024-07-25 12:19:40', 1),
(11, 0, 'C-2', '41', '50', 'Satisfied', 0, 8, '2024-07-13 22:22:23', 8, '2024-07-25 12:19:52', 1),
(12, 0, 'D', '31', '40', 'Satisfied', 0, 8, '2024-07-13 22:22:39', 8, '2024-07-25 12:19:56', 1),
(13, 0, 'E', '0', '30', 'Satisfied', 0, 8, '2024-07-13 22:23:03', 8, '2024-07-25 12:20:01', 1);

-- --------------------------------------------------------

--
-- Table structure for table `exam_heads`
--

CREATE TABLE `exam_heads` (
  `exHeadID` int(11) NOT NULL,
  `session_id` int(10) DEFAULT 0,
  `examName` text DEFAULT NULL,
  `created_by` int(10) DEFAULT 0,
  `created_at` datetime DEFAULT current_timestamp(),
  `modified_by` int(10) DEFAULT 0,
  `mofided_at` datetime DEFAULT NULL ON UPDATE current_timestamp(),
  `statusID` int(11) DEFAULT NULL
) ENGINE=MyISAM DEFAULT CHARSET=latin1 COLLATE=latin1_swedish_ci;

--
-- Dumping data for table `exam_heads`
--

INSERT INTO `exam_heads` (`exHeadID`, `session_id`, `examName`, `created_by`, `created_at`, `modified_by`, `mofided_at`, `statusID`) VALUES
(1, 0, 'First Unit Test', 8, '2024-07-13 22:14:03', 0, NULL, 1),
(2, 0, 'First Term', 8, '2024-07-13 22:14:22', 8, '2024-07-22 03:47:41', 0),
(3, 0, 'Second Unit Test', 8, '2024-07-13 22:14:34', 8, '2024-07-22 03:48:11', 0),
(4, 0, 'Final Exam', 8, '2024-07-13 22:14:45', 8, '2024-07-22 03:48:13', 0),
(5, 0, 'First Term Exam', 8, '2024-07-22 03:47:49', 8, '2024-07-22 03:48:15', 0),
(6, 0, 'First Term Exam', 8, '2024-07-22 03:48:21', 0, NULL, 1),
(7, 0, 'Second Unit Test', 8, '2024-07-22 03:48:37', 0, NULL, 1),
(8, 0, 'Final Exam', 8, '2024-07-22 03:48:56', 0, NULL, 1),
(9, 0, 'Term 1', 1, '2024-09-23 20:43:01', 0, NULL, 1);

-- --------------------------------------------------------

--
-- Table structure for table `exam_parameters`
--

CREATE TABLE `exam_parameters` (
  `paramID` int(20) NOT NULL,
  `session_id` int(10) NOT NULL,
  `student_id` int(10) NOT NULL,
  `class_id` int(10) NOT NULL,
  `total_days` int(10) NOT NULL DEFAULT 0,
  `attended_days` int(10) NOT NULL DEFAULT 0,
  `confidance` varchar(100) NOT NULL,
  `discpline` varchar(100) NOT NULL,
  `pt` varchar(100) NOT NULL,
  `regularity` varchar(100) NOT NULL,
  `weight` varchar(20) NOT NULL DEFAULT '0',
  `height` varchar(20) DEFAULT '0',
  `remarks` text DEFAULT NULL,
  `created_at` datetime NOT NULL DEFAULT current_timestamp(),
  `created_by` int(10) NOT NULL DEFAULT 0,
  `modified_by` int(10) NOT NULL DEFAULT 0,
  `modified_at` datetime DEFAULT NULL ON UPDATE current_timestamp(),
  `statusID` int(2) NOT NULL DEFAULT 0
) ENGINE=InnoDB DEFAULT CHARSET=utf8mb4 COLLATE=utf8mb4_general_ci;

--
-- Dumping data for table `exam_parameters`
--

INSERT INTO `exam_parameters` (`paramID`, `session_id`, `student_id`, `class_id`, `total_days`, `attended_days`, `confidance`, `discpline`, `pt`, `regularity`, `weight`, `height`, `remarks`, `created_at`, `created_by`, `modified_by`, `modified_at`, `statusID`) VALUES
(1, 11, 241, 25, 250, 220, '', '', '', '', '46', '160', NULL, '2024-07-22 03:59:46', 8, 8, '2024-07-22 04:02:36', 1),
(2, 11, 243, 25, 250, 222, '', '', '', '', '044', '0133', NULL, '2024-07-22 04:01:04', 8, 8, '2024-07-25 06:08:37', 1),
(3, 11, 244, 25, 0, 0, '', '', '', '', '0', '0', NULL, '2024-07-22 04:01:04', 8, 8, '2024-07-22 04:02:43', 0),
(4, 11, 244, 25, 220, 20, '', '', '', '', '40', '152', NULL, '2024-07-24 17:58:04', 8, 0, NULL, 1),
(5, 11, 245, 25, 250, 22, '', '', '', '', '0', '0', NULL, '2024-07-25 06:09:50', 8, 0, NULL, 1),
(6, 11, 246, 25, 250, 22, '', '', '', '', '0', '0', NULL, '2024-07-25 06:09:50', 8, 0, NULL, 1),
(7, 11, 247, 25, 250, 22, '', '', '', '', '0', '0', NULL, '2024-07-25 06:09:50', 8, 0, NULL, 1),
(8, 11, 248, 25, 0, 0, '', '', '', '', '0', '0', NULL, '2024-08-09 17:02:00', 8, 0, NULL, 1),
(9, 11, 249, 25, 0, 0, '', '', '', '', '0', '0', NULL, '2024-08-09 17:02:00', 8, 0, NULL, 1),
(10, 11, 250, 25, 0, 0, '', '', '', '', '0', '0', NULL, '2024-08-09 17:02:12', 8, 0, NULL, 1),
(11, 11, 251, 25, 0, 0, '', '', '', '', '0', '0', NULL, '2024-08-09 17:02:12', 8, 0, NULL, 1),
(12, 11, 100, 25, 220, 150, '', '', '', '', '32', '102', NULL, '2024-09-02 20:34:48', 2, 0, NULL, 1),
(13, 11, 101, 25, 220, 120, '', '', '', '', '31', '103', NULL, '2024-09-02 20:49:27', 2, 0, NULL, 1),
(14, 11, 102, 25, 220, 110, '', '', '', '', '30', '101', NULL, '2024-09-02 20:49:27', 2, 0, NULL, 1),
(15, 11, 172, 24, 0, 0, 'Excellent', 'Average', 'Average', 'Average', '0', '0', NULL, '2024-09-25 20:59:41', 1, 0, NULL, 1),
(16, 11, 173, 24, 0, 0, 'Good', 'Average', 'Average', 'Poor', '0', '0', NULL, '2024-09-25 20:59:41', 1, 0, NULL, 1),
(17, 11, 174, 24, 0, 0, 'Good', 'Average', 'Poor', 'Poor', '0', '0', NULL, '2024-09-25 20:59:41', 1, 0, NULL, 1),
(18, 11, 175, 24, 0, 0, 'Good', 'Average', 'Poor', 'Good', '0', '0', NULL, '2024-09-25 20:59:41', 1, 0, NULL, 1),
(19, 11, 176, 24, 0, 0, 'Excellent', 'Average', 'Good', 'Average', '0', '0', NULL, '2024-09-25 20:59:41', 1, 0, NULL, 1),
(20, 11, 177, 24, 0, 0, 'Poor', 'Average', 'Average', 'Good', '0', '0', NULL, '2024-09-25 20:59:41', 1, 0, NULL, 1),
(21, 11, 178, 24, 0, 0, 'Good', 'Excellent', 'Average', 'Good', '0', '0', NULL, '2024-09-25 20:59:41', 1, 0, NULL, 1),
(22, 11, 179, 24, 0, 0, 'Average', 'Poor', 'Good', 'Poor', '0', '0', NULL, '2024-09-25 20:59:41', 1, 0, NULL, 1),
(23, 11, 180, 24, 0, 0, 'Poor', 'Good', 'Average', 'Good', '0', '0', NULL, '2024-09-25 20:59:41', 1, 0, NULL, 1),
(24, 11, 181, 24, 0, 0, 'Excellent', 'Average', 'Good', 'Average', '0', '0', NULL, '2024-09-25 20:59:41', 1, 0, NULL, 1),
(25, 11, 182, 24, 0, 0, 'Good', 'Average', 'Average', 'Poor', '0', '0', NULL, '2024-09-25 20:59:41', 1, 0, NULL, 1),
(26, 11, 183, 24, 0, 0, 'Average', 'Poor', 'Average', 'Average', '0', '0', NULL, '2024-09-25 20:59:41', 1, 0, NULL, 1),
(27, 11, 184, 24, 0, 0, 'Average', 'Average', 'Poor', 'Average', '0', '0', NULL, '2024-09-25 20:59:41', 1, 0, NULL, 1),
(28, 11, 185, 24, 0, 0, 'Excellent', 'Excellent', 'Average', 'Average', '0', '0', NULL, '2024-09-25 20:59:41', 1, 0, NULL, 1),
(29, 11, 186, 24, 0, 0, 'Good', 'Excellent', 'Poor', 'Poor', '0', '0', NULL, '2024-09-25 20:59:41', 1, 0, NULL, 1),
(30, 11, 187, 24, 0, 0, 'Average', 'Good', 'Average', 'Average', '0', '0', NULL, '2024-09-25 20:59:41', 1, 0, NULL, 1),
(31, 11, 188, 24, 0, 0, 'Poor', 'Good', 'Poor', 'Average', '0', '0', NULL, '2024-09-25 20:59:41', 1, 0, NULL, 1),
(32, 11, 189, 24, 0, 0, 'Excellent', 'Average', 'Average', 'Average', '0', '0', NULL, '2024-09-25 20:59:41', 1, 0, NULL, 1),
(33, 11, 190, 24, 0, 0, 'Good', 'Excellent', 'Good', 'Average', '0', '0', NULL, '2024-09-25 20:59:41', 1, 0, NULL, 1),
(34, 11, 191, 24, 0, 0, 'Average', 'Average', 'Excellent', 'Good', '0', '0', NULL, '2024-09-25 20:59:41', 1, 0, NULL, 1),
(35, 11, 192, 24, 0, 0, 'Poor', 'Poor', 'Poor', 'Poor', '0', '0', NULL, '2024-09-25 20:59:41', 1, 0, NULL, 1),
(36, 11, 193, 24, 0, 0, 'Average', 'Good', 'Good', 'Average', '0', '0', NULL, '2024-09-25 20:59:41', 1, 0, NULL, 1),
(37, 11, 194, 24, 0, 0, 'Average', 'Average', 'Poor', 'Average', '0', '0', NULL, '2024-09-25 20:59:41', 1, 0, NULL, 1),
(38, 11, 195, 24, 0, 0, 'Poor', 'Good', 'Good', 'Poor', '0', '0', NULL, '2024-09-25 20:59:41', 1, 0, NULL, 1),
(39, 11, 196, 24, 0, 0, 'Average', 'Average', 'Excellent', 'Poor', '0', '0', NULL, '2024-09-25 20:59:41', 1, 0, NULL, 1),
(40, 11, 197, 24, 0, 0, 'Excellent', 'Average', 'Average', 'Poor', '0', '0', NULL, '2024-09-25 20:59:41', 1, 0, NULL, 1),
(41, 11, 198, 24, 0, 0, 'Good', 'Poor', 'Average', 'Average', '0', '0', NULL, '2024-09-25 20:59:41', 1, 0, NULL, 1),
(42, 11, 199, 24, 0, 0, 'Average', 'Excellent', 'Excellent', 'Poor', '0', '0', NULL, '2024-09-25 20:59:41', 1, 0, NULL, 1),
(43, 11, 200, 24, 0, 0, 'Average', 'Excellent', 'Average', 'Average', '0', '0', NULL, '2024-09-25 20:59:41', 1, 0, NULL, 1),
(44, 11, 201, 24, 0, 0, 'Average', 'Average', 'Average', 'Poor', '0', '0', NULL, '2024-09-25 20:59:41', 1, 0, NULL, 1),
(45, 11, 202, 24, 0, 0, 'Excellent', 'Average', 'Poor', 'Poor', '0', '0', NULL, '2024-09-25 20:59:41', 1, 0, NULL, 1),
(46, 11, 203, 24, 0, 0, 'Good', 'Average', 'Poor', 'Good', '0', '0', NULL, '2024-09-25 20:59:41', 1, 0, NULL, 1),
(47, 11, 204, 24, 0, 0, 'Good', 'Average', 'Average', 'Excellent', '0', '0', NULL, '2024-09-25 20:59:41', 1, 0, NULL, 1),
(48, 11, 205, 24, 0, 0, 'Good', 'Excellent', 'Good', 'Good', '0', '0', NULL, '2024-09-25 20:59:41', 1, 0, NULL, 1),
(49, 11, 206, 24, 0, 0, 'Excellent', 'Excellent', 'Excellent', 'Excellent', '0', '0', NULL, '2024-09-25 20:59:41', 1, 0, NULL, 1);

-- --------------------------------------------------------

--
-- Table structure for table `exam_studentpapers`
--

CREATE TABLE `exam_studentpapers` (
  `studPaperID` int(30) NOT NULL,
  `examID` int(11) DEFAULT NULL,
  `paperID` int(20) DEFAULT 0,
  `student_id` int(11) DEFAULT NULL,
  `class_id` int(11) DEFAULT NULL,
  `marks` int(11) DEFAULT NULL,
  `eveluationType` int(11) DEFAULT NULL,
  `result` varchar(200) DEFAULT NULL,
  `grade` varchar(200) DEFAULT NULL,
  `created_by` int(10) NOT NULL DEFAULT 0,
  `created_at` datetime NOT NULL DEFAULT current_timestamp(),
  `modified_by` int(10) NOT NULL DEFAULT 0,
  `modified_at` datetime DEFAULT NULL ON UPDATE current_timestamp(),
  `statusID` int(11) DEFAULT NULL
) ENGINE=MyISAM DEFAULT CHARSET=latin1 COLLATE=latin1_swedish_ci;

--
-- Dumping data for table `exam_studentpapers`
--

INSERT INTO `exam_studentpapers` (`studPaperID`, `examID`, `paperID`, `student_id`, `class_id`, `marks`, `eveluationType`, `result`, `grade`, `created_by`, `created_at`, `modified_by`, `modified_at`, `statusID`) VALUES
(1, 4, 36, 241, 25, 89, NULL, '1', 'A-2', 8, '2024-07-24 17:41:29', 0, NULL, 1),
(2, 4, 36, 243, 25, 88, NULL, '1', 'A-2', 8, '2024-07-24 17:41:29', 0, NULL, 1),
(3, 4, 36, 244, 25, 87, NULL, '1', 'A-2', 8, '2024-07-24 17:41:29', 0, NULL, 1),
(4, 4, 35, 241, 25, 78, NULL, '1', 'B-1', 8, '2024-07-24 17:41:53', 0, NULL, 1),
(5, 4, 35, 243, 25, 87, NULL, '1', 'A-2', 8, '2024-07-24 17:41:53', 0, NULL, 1),
(6, 4, 35, 244, 25, 78, NULL, '1', 'B-1', 8, '2024-07-24 17:41:53', 0, NULL, 1),
(7, 4, 34, 241, 25, 87, NULL, '1', 'A-2', 8, '2024-07-24 17:42:13', 0, NULL, 1),
(8, 4, 34, 243, 25, 88, NULL, '1', 'A-2', 8, '2024-07-24 17:42:13', 0, NULL, 1),
(9, 4, 34, 244, 25, 95, NULL, '1', 'A-1', 8, '2024-07-24 17:42:13', 0, NULL, 1),
(10, 4, 33, 241, 25, 87, NULL, '1', 'A-2', 8, '2024-07-24 17:42:35', 0, NULL, 1),
(11, 4, 33, 243, 25, 68, NULL, '1', 'B-2', 8, '2024-07-24 17:42:35', 0, NULL, 1),
(12, 4, 33, 244, 25, 68, NULL, '1', 'B-2', 8, '2024-07-24 17:42:35', 0, NULL, 1),
(13, 4, 32, 241, 25, 68, NULL, '1', 'B-2', 8, '2024-07-24 17:42:49', 0, NULL, 1),
(14, 4, 32, 243, 25, 68, NULL, '1', 'B-2', 8, '2024-07-24 17:42:49', 0, NULL, 1),
(15, 4, 32, 244, 25, 78, NULL, '1', 'B-1', 8, '2024-07-24 17:42:49', 0, NULL, 1),
(16, 4, 31, 241, 25, 95, NULL, '1', 'A-1', 8, '2024-07-24 17:43:43', 0, NULL, 1),
(17, 4, 31, 243, 25, 95, NULL, '1', 'A-1', 8, '2024-07-24 17:43:43', 0, NULL, 1),
(18, 4, 31, 244, 25, 85, NULL, '1', 'A-2', 8, '2024-07-24 17:43:43', 0, NULL, 1),
(19, 4, 30, 241, 25, 68, NULL, '1', 'B-2', 8, '2024-07-24 17:44:04', 0, NULL, 1),
(20, 4, 30, 243, 25, 96, NULL, '1', 'A-1', 8, '2024-07-24 17:44:04', 0, NULL, 1),
(21, 4, 30, 244, 25, 96, NULL, '1', 'A-1', 8, '2024-07-24 17:44:04', 0, NULL, 1),
(22, 4, 29, 241, 25, 85, NULL, '1', 'A-2', 8, '2024-07-24 17:45:34', 0, NULL, 1),
(23, 4, 29, 243, 25, 78, NULL, '1', 'B-1', 8, '2024-07-24 17:45:34', 0, NULL, 1),
(24, 4, 29, 244, 25, 68, NULL, '1', 'B-2', 8, '2024-07-24 17:45:34', 0, NULL, 1),
(25, 4, 28, 241, 25, 85, NULL, '1', 'A-2', 8, '2024-07-24 17:45:52', 0, NULL, 1),
(26, 4, 28, 243, 25, 78, NULL, '1', 'B-1', 8, '2024-07-24 17:45:52', 0, NULL, 1),
(27, 4, 28, 244, 25, 96, NULL, '1', 'A-1', 8, '2024-07-24 17:45:52', 0, NULL, 1),
(28, 3, 27, 241, 25, 68, NULL, '1', 'B-2', 8, '2024-07-24 17:46:41', 0, NULL, 1),
(29, 3, 27, 243, 25, 69, NULL, '1', 'B-2', 8, '2024-07-24 17:46:41', 0, NULL, 1),
(30, 3, 27, 244, 25, 75, NULL, '1', 'B-1', 8, '2024-07-24 17:46:41', 0, NULL, 1),
(31, 3, 26, 241, 25, 89, NULL, '1', 'A-2', 8, '2024-07-24 17:47:10', 0, NULL, 1),
(32, 3, 26, 243, 25, 97, NULL, '1', 'A-1', 8, '2024-07-24 17:47:10', 0, NULL, 1),
(33, 3, 26, 244, 25, 91, NULL, '1', 'A-1', 8, '2024-07-24 17:47:10', 0, NULL, 1),
(34, 3, 25, 241, 25, 87, NULL, '1', 'A-2', 8, '2024-07-24 17:48:10', 0, NULL, 1),
(35, 3, 25, 243, 25, 88, NULL, '1', 'A-2', 8, '2024-07-24 17:48:10', 0, NULL, 1),
(36, 3, 25, 244, 25, 98, NULL, '1', 'A-1', 8, '2024-07-24 17:48:10', 0, NULL, 1),
(37, 3, 24, 241, 25, 98, NULL, '1', 'A-1', 8, '2024-07-24 17:48:28', 0, NULL, 1),
(38, 3, 24, 243, 25, 85, NULL, '1', 'A-2', 8, '2024-07-24 17:48:28', 0, NULL, 1),
(39, 3, 24, 244, 25, 78, NULL, '1', 'B-1', 8, '2024-07-24 17:48:28', 0, NULL, 1),
(40, 3, 23, 241, 25, 87, NULL, '1', 'A-2', 8, '2024-07-24 17:48:46', 0, NULL, 1),
(41, 3, 23, 243, 25, 88, NULL, '1', 'A-2', 8, '2024-07-24 17:48:46', 0, NULL, 1),
(42, 3, 23, 244, 25, 98, NULL, '1', 'A-1', 8, '2024-07-24 17:48:46', 0, NULL, 1),
(43, 3, 22, 241, 25, 78, NULL, '1', 'B-1', 8, '2024-07-24 17:49:06', 0, NULL, 1),
(44, 3, 22, 243, 25, 89, NULL, '1', 'A-2', 8, '2024-07-24 17:49:06', 0, NULL, 1),
(45, 3, 22, 244, 25, 89, NULL, '1', 'A-2', 8, '2024-07-24 17:49:06', 0, NULL, 1),
(46, 3, 21, 241, 25, 89, NULL, '1', 'A-2', 8, '2024-07-24 17:49:26', 0, NULL, 1),
(47, 3, 21, 243, 25, 88, NULL, '1', 'A-2', 8, '2024-07-24 17:49:26', 0, NULL, 1),
(48, 3, 21, 244, 25, 87, NULL, '1', 'A-2', 8, '2024-07-24 17:49:26', 0, NULL, 1),
(49, 3, 20, 241, 25, 88, NULL, '1', 'A-2', 8, '2024-07-24 17:49:44', 0, NULL, 1),
(50, 3, 20, 243, 25, 87, NULL, '1', 'A-2', 8, '2024-07-24 17:49:44', 0, NULL, 1),
(51, 3, 20, 244, 25, 68, NULL, '1', 'B-2', 8, '2024-07-24 17:49:44', 0, NULL, 1),
(52, 3, 19, 241, 25, 78, NULL, '1', 'B-1', 8, '2024-07-24 17:50:03', 0, NULL, 1),
(53, 3, 19, 243, 25, 89, NULL, '1', 'A-2', 8, '2024-07-24 17:50:03', 0, NULL, 1),
(54, 3, 19, 244, 25, 71, NULL, '1', 'B-1', 8, '2024-07-24 17:50:03', 0, NULL, 1),
(55, 2, 18, 241, 25, 89, NULL, '1', 'A-2', 8, '2024-07-24 17:51:02', 0, NULL, 1),
(56, 2, 18, 243, 25, 81, NULL, '1', 'A-2', 8, '2024-07-24 17:51:02', 0, NULL, 1),
(57, 2, 18, 244, 25, 85, NULL, '1', 'A-2', 8, '2024-07-24 17:51:02', 0, NULL, 1),
(58, 2, 17, 241, 25, 78, NULL, '1', 'B-1', 8, '2024-07-24 17:51:21', 0, NULL, 1),
(59, 2, 17, 243, 25, 98, NULL, '1', 'A-1', 8, '2024-07-24 17:51:21', 0, NULL, 1),
(60, 2, 17, 244, 25, 88, NULL, '1', 'A-2', 8, '2024-07-24 17:51:21', 0, NULL, 1),
(61, 2, 16, 241, 25, 88, NULL, '1', 'A-2', 8, '2024-07-24 17:51:36', 0, NULL, 1),
(62, 2, 16, 243, 25, 88, NULL, '1', 'A-2', 8, '2024-07-24 17:51:36', 0, NULL, 1),
(63, 2, 16, 244, 25, 89, NULL, '1', 'A-2', 8, '2024-07-24 17:51:36', 0, NULL, 1),
(64, 2, 15, 241, 25, 88, NULL, '1', 'A-2', 8, '2024-07-24 17:52:06', 0, NULL, 1),
(65, 2, 15, 243, 25, 89, NULL, '1', 'A-2', 8, '2024-07-24 17:52:06', 0, NULL, 1),
(66, 2, 15, 244, 25, 98, NULL, '1', 'A-1', 8, '2024-07-24 17:52:06', 0, NULL, 1),
(67, 2, 14, 241, 25, 89, NULL, '1', 'A-2', 8, '2024-07-24 17:52:23', 0, NULL, 1),
(68, 2, 14, 243, 25, 98, NULL, '1', 'A-1', 8, '2024-07-24 17:52:23', 0, NULL, 1),
(69, 2, 14, 244, 25, 95, NULL, '1', 'A-1', 8, '2024-07-24 17:52:23', 0, NULL, 1),
(70, 2, 13, 241, 25, 89, NULL, '1', 'A-2', 8, '2024-07-24 17:52:38', 0, NULL, 1),
(71, 2, 13, 243, 25, 91, NULL, '1', 'A-1', 8, '2024-07-24 17:52:38', 0, NULL, 1),
(72, 2, 13, 244, 25, 98, NULL, '1', 'A-1', 8, '2024-07-24 17:52:38', 0, NULL, 1),
(73, 2, 12, 241, 25, 85, NULL, '1', 'A-2', 8, '2024-07-24 17:52:56', 0, NULL, 1),
(74, 2, 12, 243, 25, 88, NULL, '1', 'A-2', 8, '2024-07-24 17:52:56', 0, NULL, 1),
(75, 2, 12, 244, 25, 81, NULL, '1', 'A-2', 8, '2024-07-24 17:52:56', 0, NULL, 1),
(76, 2, 11, 241, 25, 87, NULL, '1', 'A-2', 8, '2024-07-24 17:53:13', 0, NULL, 1),
(77, 2, 11, 243, 25, 88, NULL, '1', 'A-2', 8, '2024-07-24 17:53:13', 0, NULL, 1),
(78, 2, 11, 244, 25, 89, NULL, '1', 'A-2', 8, '2024-07-24 17:53:13', 0, NULL, 1),
(79, 2, 10, 241, 25, 87, NULL, '1', 'A-2', 8, '2024-07-24 17:53:41', 0, NULL, 1),
(80, 2, 10, 243, 25, 99, NULL, '1', 'A-1', 8, '2024-07-24 17:53:41', 0, NULL, 1),
(81, 2, 10, 244, 25, 88, NULL, '1', 'A-2', 8, '2024-07-24 17:53:41', 0, NULL, 1),
(82, 1, 9, 241, 25, 87, NULL, '1', 'A-2', 8, '2024-07-24 17:54:29', 0, NULL, 1),
(83, 1, 9, 243, 25, 78, NULL, '1', 'B-1', 8, '2024-07-24 17:54:29', 0, NULL, 1),
(84, 1, 9, 244, 25, 89, NULL, '1', 'A-2', 8, '2024-07-24 17:54:29', 0, NULL, 1),
(85, 1, 8, 241, 25, 78, NULL, '1', 'B-1', 8, '2024-07-24 17:54:48', 0, NULL, 1),
(86, 1, 8, 243, 25, 89, NULL, '1', 'A-2', 8, '2024-07-24 17:54:48', 0, NULL, 1),
(87, 1, 8, 244, 25, 88, NULL, '1', 'A-2', 8, '2024-07-24 17:54:48', 0, NULL, 1),
(88, 1, 7, 241, 25, 89, NULL, '1', 'A-2', 8, '2024-07-24 17:55:29', 0, NULL, 1),
(89, 1, 7, 243, 25, 88, NULL, '1', 'A-2', 8, '2024-07-24 17:55:29', 0, NULL, 1),
(90, 1, 7, 244, 25, 78, NULL, '1', 'B-1', 8, '2024-07-24 17:55:29', 0, NULL, 1),
(91, 1, 6, 241, 25, 78, NULL, '1', 'B-1', 8, '2024-07-24 17:55:47', 0, NULL, 1),
(92, 1, 6, 243, 25, 89, NULL, '1', 'A-2', 8, '2024-07-24 17:55:47', 0, NULL, 1),
(93, 1, 6, 244, 25, 88, NULL, '1', 'A-2', 8, '2024-07-24 17:55:47', 0, NULL, 1),
(94, 1, 5, 241, 25, 9, NULL, '1', 'E', 8, '2024-07-24 17:56:01', 8, '2024-07-25 14:32:07', 1),
(95, 1, 5, 243, 25, 88, NULL, '1', 'A-2', 8, '2024-07-24 17:56:01', 0, NULL, 1),
(96, 1, 5, 244, 25, 89, NULL, '1', 'A-2', 8, '2024-07-24 17:56:01', 0, NULL, 1),
(97, 1, 4, 241, 25, 89, NULL, '1', 'A-2', 8, '2024-07-24 17:56:16', 0, NULL, 1),
(98, 1, 4, 243, 25, 88, NULL, '1', 'A-2', 8, '2024-07-24 17:56:16', 0, NULL, 1),
(99, 1, 4, 244, 25, 84, NULL, '1', 'A-2', 8, '2024-07-24 17:56:16', 0, NULL, 1),
(100, 1, 3, 241, 25, 88, NULL, '1', 'A-2', 8, '2024-07-24 17:56:31', 0, NULL, 1),
(101, 1, 3, 243, 25, 88, NULL, '1', 'A-2', 8, '2024-07-24 17:56:31', 0, NULL, 1),
(102, 1, 3, 244, 25, 89, NULL, '1', 'A-2', 8, '2024-07-24 17:56:31', 0, NULL, 1),
(103, 1, 2, 241, 25, 8, NULL, '1', 'E', 8, '2024-07-24 17:56:48', 8, '2024-07-25 14:31:34', 1),
(104, 1, 2, 243, 25, 89, NULL, '1', 'A-2', 8, '2024-07-24 17:56:48', 0, NULL, 1),
(105, 1, 2, 244, 25, 85, NULL, '0', 'A-2', 8, '2024-07-24 17:56:48', 8, '2024-07-24 17:56:54', 1),
(106, 1, 1, 241, 25, 22, NULL, '1', 'E', 8, '2024-07-24 17:57:21', 8, '2024-07-25 14:31:13', 1),
(107, 1, 1, 243, 25, 78, NULL, '1', 'B-1', 8, '2024-07-24 17:57:21', 0, NULL, 1),
(108, 1, 1, 244, 25, 88, NULL, '1', 'A-2', 8, '2024-07-24 17:57:21', 0, NULL, 1),
(109, 5, 37, 370, 18, 55, NULL, '1', 'C-1', 8, '2024-07-25 14:29:11', 0, NULL, 1),
(110, 5, 38, 370, 18, 60, NULL, '1', 'C-1', 8, '2024-07-26 08:14:48', 8, '2024-07-26 08:15:20', 1),
(111, 5, 39, 370, 18, 88, NULL, '1', 'A-2', 8, '2024-07-26 08:15:54', 0, NULL, 1),
(112, 5, 40, 370, 18, 99, NULL, '1', 'A-1', 8, '2024-07-26 08:16:22', 0, NULL, 1),
(113, 5, 41, 370, 18, 77, NULL, '1', 'B-1', 8, '2024-07-26 08:16:54', 0, NULL, 1),
(114, 5, 41, 371, 18, 77, NULL, '1', 'B-1', 8, '2024-07-26 08:16:54', 0, NULL, 1),
(115, 5, 41, 372, 18, 50, NULL, '1', 'C-2', 8, '2024-07-26 08:16:54', 0, NULL, 1),
(116, 5, 42, 370, 18, 44, NULL, '1', 'C-2', 8, '2024-07-26 08:17:26', 0, NULL, 1),
(117, 5, 42, 371, 18, 88, NULL, '1', 'A-2', 8, '2024-07-26 08:17:26', 0, NULL, 1),
(118, 5, 42, 372, 18, 60, NULL, '1', 'C-1', 8, '2024-07-26 08:17:26', 0, NULL, 1),
(119, 5, 43, 370, 18, 33, NULL, '0', 'D', 8, '2024-07-26 08:18:26', 0, NULL, 1),
(120, 5, 43, 371, 18, 33, NULL, '0', 'D', 8, '2024-07-26 08:18:26', 0, NULL, 1),
(121, 5, 44, 370, 18, 50, NULL, '1', 'C-2', 8, '2024-07-26 08:18:46', 0, NULL, 1),
(122, 5, 45, 370, 18, 79, NULL, '1', 'B-1', 8, '2024-07-26 08:19:11', 0, NULL, 1),
(123, 6, 46, 370, 18, 50, NULL, '0', 'C-2', 8, '2024-07-26 08:24:01', 0, NULL, 1),
(124, 6, 47, 370, 18, 50, NULL, '0', 'C-2', 8, '2024-07-26 08:24:44', 0, NULL, 1),
(125, 6, 48, 370, 18, 88, NULL, '1', 'A-2', 8, '2024-07-26 08:25:41', 0, NULL, 1),
(126, 7, 55, 370, 18, 11, NULL, '0', 'E', 8, '2024-07-26 08:38:08', 0, NULL, 1),
(127, 7, 55, 371, 18, 11, NULL, '0', 'E', 8, '2024-07-26 08:38:08', 0, NULL, 1),
(128, 7, 56, 370, 18, 22, NULL, '1', 'C-2', 8, '2024-07-26 08:38:30', 0, NULL, 1),
(129, 7, 56, 371, 18, 20, NULL, '0', 'D', 8, '2024-07-26 08:38:30', 0, NULL, 1),
(130, 7, 57, 370, 18, 24, NULL, '1', 'C-2', 8, '2024-07-26 08:38:56', 0, NULL, 1),
(131, 7, 57, 371, 18, 44, NULL, '1', 'A-2', 8, '2024-07-26 08:38:56', 0, NULL, 1),
(132, 8, 64, 370, 18, 31, NULL, '0', 'D', 8, '2024-07-26 08:42:03', 0, NULL, 1),
(133, 8, 64, 371, 18, 33, NULL, '0', 'D', 8, '2024-07-26 08:42:03', 0, NULL, 1),
(134, 6, 49, 370, 18, 45, NULL, '0', 'C-2', 8, '2024-08-07 20:06:04', 0, NULL, 1),
(135, 6, 49, 371, 18, 68, NULL, '1', 'B-2', 8, '2024-08-07 20:06:04', 0, NULL, 1),
(136, 6, 49, 372, 18, 68, NULL, '1', 'B-2', 8, '2024-08-07 20:06:04', 0, NULL, 1),
(137, 6, 49, 374, 18, 58, NULL, '1', 'C-1', 8, '2024-08-07 20:06:04', 0, NULL, 1),
(138, 6, 49, 375, 18, 89, NULL, '1', 'A-2', 8, '2024-08-07 20:06:04', 0, NULL, 1),
(139, 6, 49, 376, 18, 52, NULL, '0', 'C-1', 8, '2024-08-07 20:06:04', 0, NULL, 1),
(140, 6, 49, 377, 18, 65, NULL, '1', 'B-2', 8, '2024-08-07 20:06:04', 0, NULL, 1),
(141, 6, 49, 378, 18, 65, NULL, '1', 'B-2', 8, '2024-08-07 20:06:04', 0, NULL, 1),
(142, 6, 49, 379, 18, 87, NULL, '1', 'A-2', 8, '2024-08-07 20:06:04', 0, NULL, 1),
(143, 6, 50, 370, 18, 68, NULL, '1', 'B-2', 8, '2024-08-07 20:08:14', 0, NULL, 1),
(144, 6, 50, 371, 18, 66, NULL, '1', 'B-2', 8, '2024-08-07 20:08:14', 0, NULL, 1),
(145, 6, 50, 372, 18, 67, NULL, '1', 'B-2', 8, '2024-08-07 20:08:14', 0, NULL, 1),
(146, 6, 50, 374, 18, 78, NULL, '1', 'B-1', 8, '2024-08-07 20:08:14', 0, NULL, 1),
(147, 6, 51, 370, 18, 86, NULL, '1', 'A-2', 8, '2024-08-07 20:09:12', 0, NULL, 1),
(148, 6, 51, 371, 18, 85, NULL, '1', 'A-2', 8, '2024-08-07 20:09:12', 0, NULL, 1),
(149, 6, 51, 372, 18, 85, NULL, '1', 'A-2', 8, '2024-08-07 20:09:12', 0, NULL, 1),
(150, 6, 51, 374, 18, 95, NULL, '1', 'A-1', 8, '2024-08-07 20:09:12', 0, NULL, 1),
(151, 6, 51, 375, 18, 68, NULL, '1', 'B-2', 8, '2024-08-07 20:09:12', 0, NULL, 1),
(152, 6, 52, 370, 18, 68, NULL, '1', 'B-2', 8, '2024-08-07 20:09:39', 0, NULL, 1),
(153, 6, 52, 371, 18, 66, NULL, '1', 'B-2', 8, '2024-08-07 20:09:39', 0, NULL, 1),
(154, 6, 52, 372, 18, 85, NULL, '1', 'A-2', 8, '2024-08-07 20:09:39', 0, NULL, 1),
(155, 6, 52, 374, 18, 85, NULL, '1', 'A-2', 8, '2024-08-07 20:09:39', 0, NULL, 1),
(156, 6, 52, 375, 18, 58, NULL, '1', 'C-1', 8, '2024-08-07 20:09:39', 0, NULL, 1),
(157, 6, 53, 370, 18, 85, NULL, '1', 'A-2', 8, '2024-08-07 20:11:55', 0, NULL, 1),
(158, 6, 53, 371, 18, 65, NULL, '1', 'B-2', 8, '2024-08-07 20:11:55', 0, NULL, 1),
(159, 6, 53, 372, 18, 42, NULL, '0', 'C-2', 8, '2024-08-07 20:11:55', 0, NULL, 1),
(160, 6, 53, 374, 18, 38, NULL, '0', 'D', 8, '2024-08-07 20:11:55', 0, NULL, 1),
(161, 6, 54, 370, 18, 85, NULL, '1', 'A-2', 8, '2024-08-07 20:12:16', 0, NULL, 1),
(162, 6, 54, 371, 18, 65, NULL, '1', 'B-2', 8, '2024-08-07 20:12:16', 0, NULL, 1),
(163, 6, 54, 372, 18, 69, NULL, '1', 'B-2', 8, '2024-08-07 20:12:16', 0, NULL, 1),
(164, 6, 54, 374, 18, 88, NULL, '1', 'A-2', 8, '2024-08-07 20:12:16', 0, NULL, 1),
(165, 7, 58, 370, 18, 68, NULL, '1', '', 8, '2024-08-07 20:14:03', 0, NULL, 1),
(166, 7, 58, 371, 18, 95, NULL, '1', '', 8, '2024-08-07 20:14:03', 0, NULL, 1),
(167, 7, 58, 372, 18, 85, NULL, '1', '', 8, '2024-08-07 20:14:03', 0, NULL, 1),
(168, 7, 58, 374, 18, 85, NULL, '1', '', 8, '2024-08-07 20:14:03', 0, NULL, 1),
(169, 7, 59, 370, 18, 85, NULL, '1', '', 8, '2024-08-07 20:14:26', 0, NULL, 1),
(170, 7, 59, 371, 18, 68, NULL, '1', '', 8, '2024-08-07 20:14:26', 0, NULL, 1),
(171, 7, 59, 372, 18, 68, NULL, '1', '', 8, '2024-08-07 20:14:26', 0, NULL, 1),
(172, 7, 59, 374, 18, 85, NULL, '1', '', 8, '2024-08-07 20:14:26', 0, NULL, 1),
(173, 7, 60, 370, 18, 85, NULL, '1', '', 8, '2024-08-07 20:15:04', 0, NULL, 1),
(174, 7, 60, 371, 18, 95, NULL, '1', '', 8, '2024-08-07 20:15:04', 0, NULL, 1),
(175, 7, 60, 372, 18, 68, NULL, '1', '', 8, '2024-08-07 20:15:04', 0, NULL, 1),
(176, 7, 60, 374, 18, 68, NULL, '1', '', 8, '2024-08-07 20:15:04', 0, NULL, 1),
(177, 7, 61, 370, 18, 50, NULL, '1', 'A-1', 8, '2024-08-07 20:15:29', 8, '2024-08-07 20:15:45', 1),
(178, 7, 61, 371, 18, 45, NULL, '1', 'A-2', 8, '2024-08-07 20:15:29', 8, '2024-08-07 20:15:49', 1),
(179, 7, 61, 372, 18, 20, NULL, '1', 'D', 8, '2024-08-07 20:15:29', 8, '2024-08-07 20:15:54', 1),
(180, 7, 61, 374, 18, 45, NULL, '1', 'A-2', 8, '2024-08-07 20:15:29', 0, NULL, 1),
(181, 7, 62, 370, 18, 25, NULL, '1', 'C-2', 8, '2024-08-07 20:16:32', 0, NULL, 1),
(182, 7, 62, 371, 18, 22, NULL, '1', 'C-2', 8, '2024-08-07 20:16:32', 0, NULL, 1),
(183, 7, 62, 372, 18, 30, NULL, '1', 'C-1', 8, '2024-08-07 20:16:32', 0, NULL, 1),
(184, 7, 62, 374, 18, 35, NULL, '1', 'B-2', 8, '2024-08-07 20:16:32', 0, NULL, 1),
(185, 7, 63, 370, 18, 50, NULL, '1', 'A-1', 8, '2024-08-07 20:17:05', 0, NULL, 1),
(186, 7, 63, 371, 18, 20, NULL, '0', 'D', 8, '2024-08-07 20:17:05', 0, NULL, 1),
(187, 7, 63, 372, 18, 30, NULL, '1', 'C-1', 8, '2024-08-07 20:17:05', 0, NULL, 1),
(188, 8, 65, 370, 18, 58, NULL, '1', 'C-1', 8, '2024-08-07 20:18:36', 0, NULL, 1),
(189, 8, 65, 371, 18, 68, NULL, '1', 'B-2', 8, '2024-08-07 20:18:36', 0, NULL, 1),
(190, 8, 65, 372, 18, 55, NULL, '1', 'C-1', 8, '2024-08-07 20:18:36', 0, NULL, 1),
(191, 8, 66, 370, 18, 85, NULL, '1', 'A-2', 8, '2024-08-07 20:19:02', 0, NULL, 1),
(192, 8, 66, 371, 18, 85, NULL, '1', 'A-2', 8, '2024-08-07 20:19:02', 0, NULL, 1),
(193, 8, 66, 372, 18, 68, NULL, '1', 'B-2', 8, '2024-08-07 20:19:02', 0, NULL, 1),
(194, 8, 66, 374, 18, 78, NULL, '1', 'B-1', 8, '2024-08-07 20:19:02', 0, NULL, 1),
(195, 8, 67, 370, 18, 50, NULL, '1', 'C-2', 8, '2024-08-07 20:19:24', 0, NULL, 1),
(196, 8, 67, 371, 18, 50, NULL, '1', 'C-2', 8, '2024-08-07 20:19:24', 0, NULL, 1),
(197, 8, 67, 372, 18, 58, NULL, '1', 'C-1', 8, '2024-08-07 20:19:24', 0, NULL, 1),
(198, 8, 67, 374, 18, 68, NULL, '1', 'B-2', 8, '2024-08-07 20:19:24', 0, NULL, 1),
(199, 8, 67, 375, 18, 85, NULL, '1', 'A-2', 8, '2024-08-07 20:19:24', 0, NULL, 1),
(200, 8, 68, 370, 18, 85, NULL, '1', 'A-2', 8, '2024-08-07 20:19:48', 0, NULL, 1),
(201, 8, 68, 371, 18, 85, NULL, '1', 'A-2', 8, '2024-08-07 20:19:48', 0, NULL, 1),
(202, 8, 68, 372, 18, 85, NULL, '1', 'A-2', 8, '2024-08-07 20:19:48', 0, NULL, 1),
(203, 8, 68, 374, 18, 68, NULL, '1', 'B-2', 8, '2024-08-07 20:19:48', 0, NULL, 1),
(204, 8, 68, 375, 18, 95, NULL, '1', 'A-1', 8, '2024-08-07 20:19:48', 0, NULL, 1),
(205, 8, 69, 370, 18, 98, NULL, '1', 'A-1', 8, '2024-08-07 20:20:06', 0, NULL, 1),
(206, 8, 69, 371, 18, 68, NULL, '1', 'B-2', 8, '2024-08-07 20:20:06', 0, NULL, 1),
(207, 8, 69, 372, 18, 98, NULL, '1', 'A-1', 8, '2024-08-07 20:20:06', 0, NULL, 1),
(208, 1, 1, 97, 25, 0, NULL, '0', 'E', 8, '2024-08-08 00:27:39', 0, NULL, 1),
(209, 1, 1, 245, 25, 0, NULL, '0', 'E', 8, '2024-08-08 23:33:16', 0, NULL, 1),
(210, 1, 1, 246, 25, 0, NULL, '0', 'E', 8, '2024-08-08 23:33:16', 0, NULL, 1),
(211, 1, 1, 247, 25, 0, NULL, '0', 'E', 8, '2024-08-08 23:33:16', 0, NULL, 1),
(212, 1, 1, 248, 25, 0, NULL, '0', 'E', 8, '2024-08-08 23:33:16', 0, NULL, 1),
(213, 1, 1, 249, 25, 0, NULL, '0', 'E', 8, '2024-08-08 23:33:16', 0, NULL, 1),
(214, 1, 1, 250, 25, 0, NULL, '0', 'E', 8, '2024-08-08 23:33:16', 0, NULL, 1),
(215, 1, 1, 251, 25, 0, NULL, '0', 'E', 8, '2024-08-08 23:33:16', 0, NULL, 1),
(216, 1, 1, 252, 25, 0, NULL, '0', 'E', 8, '2024-08-08 23:33:16', 0, NULL, 1),
(217, 1, 1, 253, 25, 0, NULL, '0', 'E', 8, '2024-08-08 23:33:16', 0, NULL, 1),
(218, 1, 1, 254, 25, 0, NULL, '0', 'E', 8, '2024-08-08 23:33:16', 0, NULL, 1),
(219, 1, 1, 255, 25, 0, NULL, '0', 'E', 8, '2024-08-08 23:33:16', 0, NULL, 1),
(220, 1, 1, 256, 25, 0, NULL, '0', 'E', 8, '2024-08-08 23:33:16', 0, NULL, 1),
(221, 1, 1, 257, 25, 0, NULL, '0', 'E', 8, '2024-08-08 23:33:16', 0, NULL, 1),
(222, 1, 1, 258, 25, 0, NULL, '0', 'E', 8, '2024-08-08 23:33:16', 0, NULL, 1),
(223, 1, 1, 259, 25, 0, NULL, '0', 'E', 8, '2024-08-08 23:33:16', 0, NULL, 1),
(224, 1, 1, 260, 25, 0, NULL, '0', 'E', 8, '2024-08-08 23:33:16', 0, NULL, 1),
(225, 1, 1, 261, 25, 0, NULL, '0', 'E', 8, '2024-08-08 23:33:16', 0, NULL, 1),
(226, 1, 1, 262, 25, 0, NULL, '0', 'E', 8, '2024-08-08 23:33:16', 0, NULL, 1),
(227, 1, 1, 263, 25, 0, NULL, '0', 'E', 8, '2024-08-08 23:33:16', 0, NULL, 1),
(228, 1, 1, 264, 25, 0, NULL, '0', 'E', 8, '2024-08-08 23:33:16', 0, NULL, 1),
(229, 1, 1, 265, 25, 0, NULL, '0', 'E', 8, '2024-08-08 23:33:16', 0, NULL, 1),
(230, 1, 1, 266, 25, 0, NULL, '0', 'E', 8, '2024-08-08 23:33:16', 0, NULL, 1),
(231, 1, 1, 267, 25, 0, NULL, '0', 'E', 8, '2024-08-08 23:33:16', 0, NULL, 1),
(232, 1, 1, 268, 25, 0, NULL, '0', 'E', 8, '2024-08-08 23:33:16', 0, NULL, 1),
(233, 1, 1, 269, 25, 0, NULL, '0', 'E', 8, '2024-08-08 23:33:16', 0, NULL, 1),
(234, 1, 1, 270, 25, 0, NULL, '0', 'E', 8, '2024-08-08 23:33:16', 0, NULL, 1),
(235, 1, 1, 271, 25, 0, NULL, '0', 'E', 8, '2024-08-08 23:33:16', 0, NULL, 1),
(236, 1, 1, 272, 25, 0, NULL, '0', 'E', 8, '2024-08-08 23:33:16', 0, NULL, 1),
(237, 1, 1, 273, 25, 0, NULL, '0', 'E', 8, '2024-08-08 23:33:16', 0, NULL, 1),
(238, 1, 1, 274, 25, 0, NULL, '0', 'E', 8, '2024-08-08 23:33:16', 0, NULL, 1),
(239, 1, 1, 275, 25, 0, NULL, '0', 'E', 8, '2024-08-08 23:33:16', 0, NULL, 1),
(240, 1, 1, 276, 25, 0, NULL, '0', 'E', 8, '2024-08-08 23:33:16', 0, NULL, 1),
(241, 1, 1, 277, 25, 0, NULL, '0', 'E', 8, '2024-08-08 23:33:16', 0, NULL, 1),
(242, 1, 1, 278, 25, 0, NULL, '0', 'E', 8, '2024-08-08 23:33:16', 0, NULL, 1),
(243, 1, 1, 279, 25, 0, NULL, '0', 'E', 8, '2024-08-08 23:33:16', 0, NULL, 1),
(244, 1, 1, 280, 25, 0, NULL, '0', 'E', 8, '2024-08-08 23:33:16', 0, NULL, 1),
(245, 1, 1, 281, 25, 0, NULL, '0', 'E', 8, '2024-08-08 23:33:16', 0, NULL, 1),
(246, 1, 1, 282, 25, 0, NULL, '0', 'E', 8, '2024-08-08 23:33:16', 0, NULL, 1),
(247, 1, 1, 283, 25, 0, NULL, '0', 'E', 8, '2024-08-08 23:33:16', 0, NULL, 1),
(248, 1, 1, 284, 25, 0, NULL, '0', 'E', 8, '2024-08-08 23:33:16', 0, NULL, 1),
(249, 1, 1, 285, 25, 0, NULL, '0', 'E', 8, '2024-08-08 23:33:16', 0, NULL, 1),
(250, 1, 1, 286, 25, 0, NULL, '0', 'E', 8, '2024-08-08 23:33:16', 0, NULL, 1),
(251, 1, 1, 287, 25, 0, NULL, '0', 'E', 8, '2024-08-08 23:33:22', 0, NULL, 1),
(252, 1, 1, 98, 25, 0, NULL, '0', 'E', 8, '2024-08-09 00:13:30', 0, NULL, 1),
(253, 1, 1, 99, 25, 0, NULL, '0', 'E', 8, '2024-08-09 00:13:30', 0, NULL, 1),
(254, 1, 1, 100, 25, 89, NULL, '0', 'A-2', 8, '2024-08-09 00:13:30', 1, '2024-09-01 14:19:19', 1),
(255, 1, 1, 101, 25, 8555, NULL, '1', '', 8, '2024-08-09 00:13:30', 0, NULL, 1),
(256, 1, 1, 107, 25, 8, NULL, '0', 'E', 8, '2024-08-09 01:14:21', 0, NULL, 1),
(257, 1, 2, 100, 25, 67, NULL, '1', 'B-2', 1, '2024-09-01 14:19:55', 0, NULL, 1),
(258, 1, 3, 100, 25, 85, NULL, '1', 'A-2', 1, '2024-09-01 14:20:14', 0, NULL, 1),
(259, 1, 4, 100, 25, 78, NULL, '1', 'B-1', 1, '2024-09-01 14:20:33', 0, NULL, 1),
(260, 1, 5, 100, 25, 98, NULL, '1', 'A-1', 1, '2024-09-01 14:20:56', 0, NULL, 1),
(261, 1, 6, 100, 25, 89, NULL, '1', 'A-2', 1, '2024-09-01 14:21:17', 0, NULL, 1),
(262, 1, 7, 100, 25, 99, NULL, '1', 'A-1', 1, '2024-09-01 14:21:35', 0, NULL, 1),
(263, 1, 8, 100, 25, 89, NULL, '1', 'A-2', 1, '2024-09-01 14:21:51', 0, NULL, 1),
(264, 1, 9, 100, 25, 85, NULL, '1', 'A-2', 1, '2024-09-01 14:22:10', 0, NULL, 1),
(265, 4, 28, 100, 25, 98, NULL, '1', 'A-1', 1, '2024-09-01 14:23:31', 0, NULL, 1),
(266, 4, 29, 100, 25, 79, NULL, '1', 'B-1', 1, '2024-09-01 14:23:54', 0, NULL, 1),
(267, 4, 30, 100, 25, 89, NULL, '1', 'A-2', 1, '2024-09-01 14:24:14', 0, NULL, 1),
(268, 4, 31, 100, 25, 87, NULL, '0', 'A-2', 1, '2024-09-01 14:24:31', 1, '2024-09-01 14:24:41', 1),
(269, 4, 32, 100, 25, 94, NULL, '1', 'A-1', 1, '2024-09-01 14:25:06', 0, NULL, 1),
(270, 4, 33, 100, 25, 93, NULL, '1', 'A-1', 1, '2024-09-01 14:25:26', 0, NULL, 1),
(271, 4, 34, 100, 25, 94, NULL, '1', 'A-1', 1, '2024-09-01 14:25:48', 0, NULL, 1),
(272, 4, 35, 100, 25, 96, NULL, '1', 'A-1', 1, '2024-09-01 14:26:08', 0, NULL, 1),
(273, 4, 36, 100, 25, 79, NULL, '1', 'B-1', 1, '2024-09-01 14:26:24', 0, NULL, 1),
(274, 9, 70, 172, 24, 89, NULL, '1', 'A-2', 1, '2024-09-22 08:23:49', 0, NULL, 1),
(275, 9, 70, 173, 24, 99, NULL, '1', 'A-1', 1, '2024-09-22 08:23:49', 0, NULL, 1),
(276, 9, 70, 174, 24, 81, NULL, '1', 'A-2', 1, '2024-09-22 08:23:49', 0, NULL, 1),
(277, 9, 70, 175, 24, 67, NULL, '1', 'B-2', 1, '2024-09-22 10:25:13', 0, NULL, 1),
(278, 9, 70, 176, 24, 98, NULL, '1', 'A-1', 1, '2024-09-22 10:25:13', 0, NULL, 1),
(279, 9, 70, 177, 24, 76, NULL, '1', 'B-1', 1, '2024-09-22 10:25:13', 0, NULL, 1),
(280, 9, 70, 178, 24, 98, NULL, '1', 'A-1', 1, '2024-09-22 10:25:13', 0, NULL, 1),
(281, 9, 70, 179, 24, 79, NULL, '1', 'B-1', 1, '2024-09-22 10:25:13', 0, NULL, 1),
(282, 9, 70, 180, 24, 86, NULL, '1', 'A-2', 1, '2024-09-22 10:25:13', 0, NULL, 1),
(283, 9, 70, 181, 24, 74, NULL, '1', 'B-1', 1, '2024-09-22 10:25:30', 0, NULL, 1),
(284, 9, 71, 172, 24, 100, NULL, '1', 'A-1', 1, '2024-09-22 10:28:07', 0, NULL, 1),
(285, 9, 71, 173, 24, 78, NULL, '1', 'B-1', 1, '2024-09-22 10:28:07', 0, NULL, 1),
(286, 9, 71, 174, 24, 95, NULL, '1', 'A-1', 1, '2024-09-22 10:28:07', 0, NULL, 1),
(287, 9, 71, 175, 24, 87, NULL, '1', 'A-2', 1, '2024-09-22 10:28:07', 0, NULL, 1),
(288, 9, 71, 176, 24, 34, NULL, '1', 'D', 1, '2024-09-22 10:28:07', 0, NULL, 1),
(289, 9, 71, 177, 24, 35, NULL, '1', 'D', 1, '2024-09-22 10:28:07', 0, NULL, 1),
(290, 9, 71, 178, 24, 74, NULL, '1', 'B-1', 1, '2024-09-22 10:28:07', 0, NULL, 1),
(291, 9, 71, 179, 24, 87, NULL, '1', 'A-2', 1, '2024-09-22 10:28:07', 0, NULL, 1),
(292, 9, 71, 180, 24, 27, NULL, '0', 'E', 1, '2024-09-22 10:28:07', 0, NULL, 1),
(293, 9, 71, 181, 24, 48, NULL, '1', 'C-2', 1, '2024-09-22 10:28:07', 0, NULL, 1),
(294, 9, 72, 172, 24, 35, NULL, '1', 'D', 1, '2024-09-22 10:29:42', 0, NULL, 1),
(295, 9, 72, 173, 24, 75, NULL, '1', 'B-1', 1, '2024-09-22 10:29:42', 0, NULL, 1),
(296, 9, 72, 174, 24, 36, NULL, '1', 'D', 1, '2024-09-22 10:29:42', 0, NULL, 1),
(297, 9, 72, 175, 24, 98, NULL, '1', 'A-1', 1, '2024-09-22 10:29:42', 0, NULL, 1),
(298, 9, 72, 176, 24, 78, NULL, '1', 'B-1', 1, '2024-09-22 10:29:42', 0, NULL, 1),
(299, 9, 72, 177, 24, 92, NULL, '1', 'A-1', 1, '2024-09-22 10:29:42', 0, NULL, 1),
(300, 9, 72, 178, 24, 21, NULL, '0', 'E', 1, '2024-09-22 10:29:42', 0, NULL, 1),
(301, 9, 72, 179, 24, 87, NULL, '1', 'A-2', 1, '2024-09-22 10:29:42', 0, NULL, 1),
(302, 9, 72, 180, 24, 56, NULL, '1', 'C-1', 1, '2024-09-22 10:29:42', 0, NULL, 1),
(303, 9, 72, 181, 24, 65, NULL, '1', 'B-2', 1, '2024-09-22 10:29:42', 0, NULL, 1),
(304, 9, 73, 172, 24, 100, NULL, '1', 'A-1', 1, '2024-09-22 10:31:16', 0, NULL, 1),
(305, 9, 73, 173, 24, 56, NULL, '1', 'C-1', 1, '2024-09-22 10:31:16', 0, NULL, 1),
(306, 9, 73, 174, 24, 28, NULL, '0', 'E', 1, '2024-09-22 10:31:16', 0, NULL, 1),
(307, 9, 73, 175, 24, 87, NULL, '1', 'A-2', 1, '2024-09-22 10:31:16', 0, NULL, 1),
(308, 9, 73, 176, 24, 65, NULL, '1', 'B-2', 1, '2024-09-22 10:31:16', 0, NULL, 1),
(309, 9, 73, 177, 24, 98, NULL, '1', 'A-1', 1, '2024-09-22 10:31:16', 0, NULL, 1),
(310, 9, 73, 178, 24, 56, NULL, '1', 'C-1', 1, '2024-09-22 10:31:16', 0, NULL, 1),
(311, 9, 73, 179, 24, 98, NULL, '1', 'A-1', 1, '2024-09-22 10:31:16', 0, NULL, 1),
(312, 9, 73, 180, 24, 91, NULL, '1', 'A-1', 1, '2024-09-22 10:31:16', 0, NULL, 1),
(313, 9, 73, 181, 24, 94, NULL, '1', 'A-1', 1, '2024-09-22 10:31:16', 0, NULL, 1),
(314, 9, 74, 172, 24, 98, NULL, '1', 'A-1', 1, '2024-09-22 10:32:24', 0, NULL, 1),
(315, 9, 74, 173, 24, 56, NULL, '1', 'C-1', 1, '2024-09-22 10:32:24', 0, NULL, 1),
(316, 9, 74, 174, 24, 76, NULL, '1', 'B-1', 1, '2024-09-22 10:32:24', 0, NULL, 1),
(317, 9, 74, 175, 24, 76, NULL, '1', 'B-1', 1, '2024-09-22 10:32:24', 0, NULL, 1),
(318, 9, 74, 176, 24, 98, NULL, '1', 'A-1', 1, '2024-09-22 10:32:24', 0, NULL, 1),
(319, 9, 74, 177, 24, 71, NULL, '1', 'B-1', 1, '2024-09-22 10:32:24', 0, NULL, 1),
(320, 9, 74, 178, 24, 96, NULL, '1', 'A-1', 1, '2024-09-22 10:32:24', 0, NULL, 1),
(321, 9, 74, 179, 24, 83, NULL, '1', 'A-2', 1, '2024-09-22 10:32:24', 0, NULL, 1),
(322, 9, 74, 180, 24, 61, NULL, '1', 'B-2', 1, '2024-09-22 10:32:24', 0, NULL, 1),
(323, 9, 74, 181, 24, 83, NULL, '1', 'A-2', 1, '2024-09-22 10:32:24', 0, NULL, 1),
(324, 9, 75, 172, 24, 43, NULL, '1', 'C-2', 1, '2024-09-22 10:33:37', 0, NULL, 1),
(325, 9, 75, 173, 24, 76, NULL, '1', 'B-1', 1, '2024-09-22 10:33:37', 0, NULL, 1),
(326, 9, 75, 174, 24, 72, NULL, '1', 'B-1', 1, '2024-09-22 10:33:37', 0, NULL, 1),
(327, 9, 75, 175, 24, 91, NULL, '1', 'A-1', 1, '2024-09-22 10:33:37', 0, NULL, 1),
(328, 9, 75, 176, 24, 49, NULL, '1', 'C-2', 1, '2024-09-22 10:33:37', 0, NULL, 1),
(329, 9, 75, 177, 24, 73, NULL, '1', 'B-1', 1, '2024-09-22 10:33:37', 0, NULL, 1),
(330, 9, 75, 178, 24, 84, NULL, '1', 'A-2', 1, '2024-09-22 10:33:37', 0, NULL, 1),
(331, 9, 75, 179, 24, 74, NULL, '1', 'B-1', 1, '2024-09-22 10:33:37', 0, NULL, 1),
(332, 9, 75, 180, 24, 95, NULL, '1', 'A-1', 1, '2024-09-22 10:33:37', 0, NULL, 1),
(333, 9, 75, 181, 24, 75, NULL, '1', 'B-1', 1, '2024-09-22 10:33:37', 0, NULL, 1),
(334, 9, 76, 172, 24, 12, NULL, '0', 'E', 1, '2024-09-22 10:35:29', 0, NULL, 1),
(335, 9, 76, 173, 24, 54, NULL, '1', 'C-1', 1, '2024-09-22 10:35:29', 0, NULL, 1),
(336, 9, 76, 174, 24, 76, NULL, '1', 'B-1', 1, '2024-09-22 10:35:29', 0, NULL, 1),
(337, 9, 76, 175, 24, 84, NULL, '1', 'A-2', 1, '2024-09-22 10:35:29', 0, NULL, 1),
(338, 9, 76, 176, 24, 99, NULL, '1', 'A-1', 1, '2024-09-22 10:35:29', 0, NULL, 1),
(339, 9, 76, 177, 24, 56, NULL, '1', 'C-1', 1, '2024-09-22 10:35:29', 0, NULL, 1),
(340, 9, 76, 178, 24, 87, NULL, '1', 'A-2', 1, '2024-09-22 10:35:29', 0, NULL, 1),
(341, 9, 76, 179, 24, 56, NULL, '1', 'C-1', 1, '2024-09-22 10:35:29', 0, NULL, 1),
(342, 9, 76, 180, 24, 87, NULL, '1', 'A-2', 1, '2024-09-22 10:35:29', 0, NULL, 1),
(343, 9, 76, 181, 24, 59, NULL, '1', 'C-1', 1, '2024-09-22 10:35:29', 0, NULL, 1),
(344, 9, 77, 172, 24, 86, NULL, '1', 'A-2', 1, '2024-09-22 10:36:47', 0, NULL, 1),
(345, 9, 77, 173, 24, 45, NULL, '1', 'C-2', 1, '2024-09-22 10:36:47', 0, NULL, 1),
(346, 9, 77, 174, 24, 76, NULL, '1', 'B-1', 1, '2024-09-22 10:36:47', 0, NULL, 1),
(347, 9, 77, 175, 24, 76, NULL, '1', 'B-1', 1, '2024-09-22 10:36:47', 0, NULL, 1),
(348, 9, 77, 176, 24, 98, NULL, '1', 'A-1', 1, '2024-09-22 10:36:47', 0, NULL, 1),
(349, 9, 77, 177, 24, 34, NULL, '1', 'D', 1, '2024-09-22 10:36:47', 0, NULL, 1),
(350, 9, 77, 178, 24, 98, NULL, '1', 'A-1', 1, '2024-09-22 10:36:47', 0, NULL, 1),
(351, 9, 77, 179, 24, 78, NULL, '1', 'B-1', 1, '2024-09-22 10:36:47', 0, NULL, 1),
(352, 9, 77, 180, 24, 68, NULL, '1', 'B-2', 1, '2024-09-22 10:36:47', 0, NULL, 1),
(353, 9, 77, 181, 24, 90, NULL, '1', 'A-2', 1, '2024-09-22 10:36:47', 0, NULL, 1),
(354, 9, 78, 172, 24, 67, NULL, '1', 'B-2', 1, '2024-09-22 10:37:55', 0, NULL, 1),
(355, 9, 78, 173, 24, 89, NULL, '1', 'A-2', 1, '2024-09-22 10:37:55', 0, NULL, 1),
(356, 9, 78, 174, 24, 45, NULL, '1', 'C-2', 1, '2024-09-22 10:37:55', 0, NULL, 1),
(357, 9, 78, 175, 24, 98, NULL, '1', 'A-1', 1, '2024-09-22 10:37:55', 0, NULL, 1),
(358, 9, 78, 176, 24, 89, NULL, '1', 'A-2', 1, '2024-09-22 10:37:55', 0, NULL, 1),
(359, 9, 78, 177, 24, 71, NULL, '1', 'B-1', 1, '2024-09-22 10:37:55', 0, NULL, 1),
(360, 9, 78, 178, 24, 67, NULL, '1', 'B-2', 1, '2024-09-22 10:37:55', 0, NULL, 1),
(361, 9, 78, 179, 24, 90, NULL, '1', 'A-2', 1, '2024-09-22 10:37:55', 0, NULL, 1),
(362, 9, 78, 180, 24, 56, NULL, '1', 'C-1', 1, '2024-09-22 10:37:55', 0, NULL, 1),
(363, 9, 78, 181, 24, 89, NULL, '1', 'A-2', 1, '2024-09-22 10:37:55', 0, NULL, 1),
(364, 10, 79, 172, 24, 87, NULL, '1', 'A-2', 1, '2024-09-22 10:41:52', 0, NULL, 1),
(365, 10, 79, 173, 24, 56, NULL, '1', 'C-1', 1, '2024-09-22 10:41:52', 0, NULL, 1),
(366, 10, 79, 174, 24, 87, NULL, '1', 'A-2', 1, '2024-09-22 10:41:52', 0, NULL, 1),
(367, 10, 79, 175, 24, 90, NULL, '1', 'A-2', 1, '2024-09-22 10:41:52', 0, NULL, 1),
(368, 10, 79, 176, 24, 31, NULL, '0', 'D', 1, '2024-09-22 10:41:52', 0, NULL, 1),
(369, 10, 79, 177, 24, 45, NULL, '1', 'C-2', 1, '2024-09-22 10:41:52', 0, NULL, 1),
(370, 10, 79, 178, 24, 73, NULL, '1', 'B-1', 1, '2024-09-22 10:41:52', 0, NULL, 1),
(371, 10, 79, 179, 24, 69, NULL, '1', 'B-2', 1, '2024-09-22 10:41:52', 0, NULL, 1),
(372, 10, 79, 180, 24, 90, NULL, '1', 'A-2', 1, '2024-09-22 10:41:52', 0, NULL, 1),
(373, 10, 79, 181, 24, 49, NULL, '1', 'C-2', 1, '2024-09-22 10:41:52', 0, NULL, 1),
(374, 10, 80, 172, 24, 100, NULL, '1', 'A-1', 1, '2024-09-22 10:43:00', 0, NULL, 1),
(375, 10, 80, 173, 24, 79, NULL, '1', 'B-1', 1, '2024-09-22 10:43:00', 0, NULL, 1),
(376, 10, 80, 174, 24, 56, NULL, '1', 'C-1', 1, '2024-09-22 10:43:00', 0, NULL, 1),
(377, 10, 80, 175, 24, 21, NULL, '0', 'E', 1, '2024-09-22 10:43:00', 0, NULL, 1),
(378, 10, 80, 176, 24, 94, NULL, '1', 'A-1', 1, '2024-09-22 10:43:00', 0, NULL, 1),
(379, 10, 80, 177, 24, 49, NULL, '1', 'C-2', 1, '2024-09-22 10:43:00', 0, NULL, 1),
(380, 10, 80, 178, 24, 78, NULL, '1', 'B-1', 1, '2024-09-22 10:43:00', 0, NULL, 1),
(381, 10, 80, 179, 24, 63, NULL, '1', 'B-2', 1, '2024-09-22 10:43:00', 0, NULL, 1),
(382, 10, 80, 180, 24, 90, NULL, '1', 'A-2', 1, '2024-09-22 10:43:00', 0, NULL, 1),
(383, 10, 80, 181, 24, 60, NULL, '1', 'C-1', 1, '2024-09-22 10:43:00', 0, NULL, 1),
(384, 10, 81, 172, 24, 90, NULL, '1', 'A-2', 1, '2024-09-22 10:44:21', 0, NULL, 1),
(385, 10, 81, 173, 24, 67, NULL, '1', 'B-2', 1, '2024-09-22 10:44:21', 0, NULL, 1),
(386, 10, 81, 174, 24, 98, NULL, '1', 'A-1', 1, '2024-09-22 10:44:21', 0, NULL, 1),
(387, 10, 81, 175, 24, 41, NULL, '1', 'C-2', 1, '2024-09-22 10:44:21', 0, NULL, 1),
(388, 10, 81, 176, 24, 56, NULL, '1', 'C-1', 1, '2024-09-22 10:44:21', 0, NULL, 1),
(389, 10, 81, 177, 24, 90, NULL, '1', 'A-2', 1, '2024-09-22 10:44:21', 0, NULL, 1),
(390, 10, 81, 178, 24, 65, NULL, '1', 'B-2', 1, '2024-09-22 10:44:21', 0, NULL, 1),
(391, 10, 81, 179, 24, 83, NULL, '1', 'A-2', 1, '2024-09-22 10:44:21', 0, NULL, 1),
(392, 10, 81, 180, 24, 49, NULL, '1', 'C-2', 1, '2024-09-22 10:44:21', 0, NULL, 1),
(393, 10, 81, 181, 24, 93, NULL, '1', 'A-1', 1, '2024-09-22 10:44:21', 0, NULL, 1),
(394, 10, 82, 172, 24, 29, NULL, '0', 'E', 1, '2024-09-22 10:45:33', 0, NULL, 1),
(395, 10, 82, 173, 24, 94, NULL, '1', 'A-1', 1, '2024-09-22 10:45:33', 0, NULL, 1),
(396, 10, 82, 174, 24, 87, NULL, '1', 'A-2', 1, '2024-09-22 10:45:33', 0, NULL, 1),
(397, 10, 82, 175, 24, 49, NULL, '1', 'C-2', 1, '2024-09-22 10:45:33', 0, NULL, 1),
(398, 10, 82, 176, 24, 89, NULL, '1', 'A-2', 1, '2024-09-22 10:45:33', 0, NULL, 1),
(399, 10, 82, 177, 24, 79, NULL, '1', 'B-1', 1, '2024-09-22 10:45:33', 0, NULL, 1),
(400, 10, 82, 178, 24, 40, NULL, '1', 'D', 1, '2024-09-22 10:45:33', 0, NULL, 1),
(401, 10, 82, 179, 24, 71, NULL, '1', 'B-1', 1, '2024-09-22 10:45:33', 0, NULL, 1),
(402, 10, 82, 180, 24, 76, NULL, '1', 'B-1', 1, '2024-09-22 10:45:33', 0, NULL, 1),
(403, 10, 82, 181, 24, 21, NULL, '0', 'E', 1, '2024-09-22 10:45:33', 0, NULL, 1),
(404, 10, 83, 172, 24, 45, NULL, '1', 'C-2', 1, '2024-09-22 10:46:52', 0, NULL, 1),
(405, 10, 83, 173, 24, 98, NULL, '1', 'A-1', 1, '2024-09-22 10:46:52', 0, NULL, 1),
(406, 10, 83, 174, 24, 12, NULL, '0', 'E', 1, '2024-09-22 10:46:52', 0, NULL, 1),
(407, 10, 83, 175, 24, 98, NULL, '1', 'A-1', 1, '2024-09-22 10:46:52', 0, NULL, 1),
(408, 10, 83, 176, 24, 56, NULL, '1', 'C-1', 1, '2024-09-22 10:46:52', 0, NULL, 1),
(409, 10, 83, 177, 24, 93, NULL, '1', 'A-1', 1, '2024-09-22 10:46:52', 0, NULL, 1),
(410, 10, 83, 178, 24, 70, NULL, '1', 'B-2', 1, '2024-09-22 10:46:52', 0, NULL, 1),
(411, 10, 83, 179, 24, 73, NULL, '1', 'B-1', 1, '2024-09-22 10:46:52', 0, NULL, 1),
(412, 10, 83, 180, 24, 60, NULL, '1', 'C-1', 1, '2024-09-22 10:46:52', 0, NULL, 1),
(413, 10, 83, 181, 24, 93, NULL, '1', 'A-1', 1, '2024-09-22 10:46:52', 0, NULL, 1),
(414, 10, 84, 172, 24, 31, NULL, '0', 'D', 1, '2024-09-22 10:48:18', 0, NULL, 1),
(415, 10, 84, 173, 24, 98, NULL, '1', 'A-1', 1, '2024-09-22 10:48:18', 0, NULL, 1),
(416, 10, 84, 174, 24, 59, NULL, '1', 'C-1', 1, '2024-09-22 10:48:18', 0, NULL, 1),
(417, 10, 84, 175, 24, 84, NULL, '1', 'A-2', 1, '2024-09-22 10:48:18', 0, NULL, 1),
(418, 10, 84, 176, 24, 70, NULL, '1', 'B-2', 1, '2024-09-22 10:48:18', 0, NULL, 1),
(419, 10, 84, 177, 24, 40, NULL, '1', 'D', 1, '2024-09-22 10:48:18', 0, NULL, 1),
(420, 10, 84, 178, 24, 71, NULL, '1', 'B-1', 1, '2024-09-22 10:48:18', 0, NULL, 1),
(421, 10, 84, 179, 24, 39, NULL, '1', 'D', 1, '2024-09-22 10:48:18', 0, NULL, 1),
(422, 10, 84, 180, 24, 59, NULL, '1', 'C-1', 1, '2024-09-22 10:48:18', 0, NULL, 1),
(423, 10, 84, 181, 24, 88, NULL, '1', 'A-2', 1, '2024-09-22 10:48:18', 0, NULL, 1),
(424, 10, 85, 172, 24, 86, NULL, '1', 'A-2', 1, '2024-09-22 10:49:33', 0, NULL, 1),
(425, 10, 85, 173, 24, 41, NULL, '1', 'C-2', 1, '2024-09-22 10:49:33', 0, NULL, 1),
(426, 10, 85, 174, 24, 85, NULL, '1', 'A-2', 1, '2024-09-22 10:49:33', 0, NULL, 1),
(427, 10, 85, 175, 24, 77, NULL, '1', 'B-1', 1, '2024-09-22 10:49:33', 0, NULL, 1),
(428, 10, 85, 176, 24, 61, NULL, '1', 'B-2', 1, '2024-09-22 10:49:33', 0, NULL, 1),
(429, 10, 85, 177, 24, 90, NULL, '1', 'A-2', 1, '2024-09-22 10:49:33', 0, NULL, 1),
(430, 10, 85, 178, 24, 61, NULL, '1', 'B-2', 1, '2024-09-22 10:49:33', 0, NULL, 1),
(431, 10, 85, 179, 24, 48, NULL, '1', 'C-2', 1, '2024-09-22 10:49:33', 0, NULL, 1),
(432, 10, 85, 180, 24, 81, NULL, '1', 'A-2', 1, '2024-09-22 10:49:33', 0, NULL, 1),
(433, 10, 85, 181, 24, 50, NULL, '1', 'C-2', 1, '2024-09-22 10:49:33', 0, NULL, 1),
(434, 10, 86, 172, 24, 89, NULL, '1', 'A-2', 1, '2024-09-22 10:50:36', 0, NULL, 1),
(435, 10, 86, 173, 24, 56, NULL, '1', 'C-1', 1, '2024-09-22 10:50:36', 0, NULL, 1),
(436, 10, 86, 174, 24, 87, NULL, '1', 'A-2', 1, '2024-09-22 10:50:36', 0, NULL, 1),
(437, 10, 86, 175, 24, 50, NULL, '1', 'C-2', 1, '2024-09-22 10:50:36', 0, NULL, 1),
(438, 10, 86, 176, 24, 11, NULL, '0', 'E', 1, '2024-09-22 10:50:36', 0, NULL, 1),
(439, 10, 86, 177, 24, 56, NULL, '1', 'C-1', 1, '2024-09-22 10:50:36', 0, NULL, 1),
(440, 10, 86, 178, 24, 85, NULL, '1', 'A-2', 1, '2024-09-22 10:50:36', 0, NULL, 1),
(441, 10, 86, 179, 24, 89, NULL, '1', 'A-2', 1, '2024-09-22 10:50:36', 0, NULL, 1),
(442, 10, 86, 180, 24, 40, NULL, '1', 'D', 1, '2024-09-22 10:50:36', 0, NULL, 1),
(443, 10, 86, 181, 24, 41, NULL, '1', 'C-2', 1, '2024-09-22 10:50:36', 0, NULL, 1),
(444, 10, 87, 172, 24, 89, NULL, '1', 'A-2', 1, '2024-09-22 10:51:44', 0, NULL, 1),
(445, 10, 87, 173, 24, 34, NULL, '1', 'D', 1, '2024-09-22 10:51:44', 0, NULL, 1),
(446, 10, 87, 174, 24, 78, NULL, '1', 'B-1', 1, '2024-09-22 10:51:44', 0, NULL, 1),
(447, 10, 87, 175, 24, 61, NULL, '1', 'B-2', 1, '2024-09-22 10:51:44', 0, NULL, 1),
(448, 10, 87, 176, 24, 60, NULL, '1', 'C-1', 1, '2024-09-22 10:51:44', 0, NULL, 1),
(449, 10, 87, 177, 24, 30, NULL, '0', 'E', 1, '2024-09-22 10:51:44', 0, NULL, 1),
(450, 10, 87, 178, 24, 67, NULL, '1', 'B-2', 1, '2024-09-22 10:51:44', 0, NULL, 1),
(451, 10, 87, 179, 24, 61, NULL, '1', 'B-2', 1, '2024-09-22 10:51:44', 0, NULL, 1),
(452, 10, 87, 180, 24, 89, NULL, '1', 'A-2', 1, '2024-09-22 10:51:44', 0, NULL, 1),
(453, 10, 87, 181, 24, 30, NULL, '0', 'E', 1, '2024-09-22 10:51:44', 0, NULL, 1),
(454, 11, 88, 172, 24, 31, NULL, '0', 'D', 1, '2024-09-22 10:55:25', 0, NULL, 1),
(455, 11, 88, 173, 24, 39, NULL, '1', 'D', 1, '2024-09-22 10:55:25', 0, NULL, 1),
(456, 11, 88, 174, 24, 98, NULL, '1', 'A-1', 1, '2024-09-22 10:55:25', 0, NULL, 1),
(457, 11, 88, 175, 24, 40, NULL, '1', 'D', 1, '2024-09-22 10:55:25', 0, NULL, 1),
(458, 11, 88, 176, 24, 97, NULL, '1', 'A-1', 1, '2024-09-22 10:55:25', 0, NULL, 1),
(459, 11, 88, 177, 24, 49, NULL, '1', 'C-2', 1, '2024-09-22 10:55:25', 0, NULL, 1),
(460, 11, 88, 178, 24, 67, NULL, '1', 'B-2', 1, '2024-09-22 10:55:25', 0, NULL, 1),
(461, 11, 88, 179, 24, 49, NULL, '1', 'C-2', 1, '2024-09-22 10:55:25', 0, NULL, 1),
(462, 11, 88, 180, 24, 91, NULL, '1', 'A-1', 1, '2024-09-22 10:55:25', 0, NULL, 1),
(463, 11, 88, 181, 24, 40, NULL, '1', 'D', 1, '2024-09-22 10:55:25', 0, NULL, 1),
(464, 11, 89, 172, 24, 100, NULL, '1', 'A-1', 1, '2024-09-22 11:00:43', 0, NULL, 1),
(465, 11, 89, 173, 24, 89, NULL, '1', 'A-2', 1, '2024-09-22 11:00:43', 0, NULL, 1),
(466, 11, 89, 174, 24, 61, NULL, '1', 'B-2', 1, '2024-09-22 11:00:43', 0, NULL, 1),
(467, 11, 89, 175, 24, 67, NULL, '1', 'B-2', 1, '2024-09-22 11:00:43', 0, NULL, 1),
(468, 11, 89, 176, 24, 23, NULL, '0', 'E', 1, '2024-09-22 11:00:43', 0, NULL, 1),
(469, 11, 89, 177, 24, 47, NULL, '1', 'C-2', 1, '2024-09-22 11:00:43', 0, NULL, 1),
(470, 11, 89, 178, 24, 78, NULL, '1', 'B-1', 1, '2024-09-22 11:00:43', 0, NULL, 1),
(471, 11, 89, 179, 24, 83, NULL, '1', 'A-2', 1, '2024-09-22 11:00:43', 0, NULL, 1),
(472, 11, 89, 180, 24, 49, NULL, '1', 'C-2', 1, '2024-09-22 11:00:43', 0, NULL, 1),
(473, 11, 89, 181, 24, 20, NULL, '0', 'E', 1, '2024-09-22 11:00:43', 0, NULL, 1),
(474, 11, 90, 172, 24, 10, NULL, '0', 'E', 1, '2024-09-22 11:01:42', 0, NULL, 1),
(475, 11, 90, 173, 24, 49, NULL, '1', 'C-2', 1, '2024-09-22 11:01:42', 0, NULL, 1),
(476, 11, 90, 174, 24, 84, NULL, '1', 'A-2', 1, '2024-09-22 11:01:42', 0, NULL, 1),
(477, 11, 90, 175, 24, 38, NULL, '1', 'D', 1, '2024-09-22 11:01:42', 0, NULL, 1),
(478, 11, 90, 176, 24, 98, NULL, '1', 'A-1', 1, '2024-09-22 11:01:42', 0, NULL, 1),
(479, 11, 90, 177, 24, 29, NULL, '0', 'E', 1, '2024-09-22 11:01:42', 0, NULL, 1),
(480, 11, 90, 178, 24, 89, NULL, '1', 'A-2', 1, '2024-09-22 11:01:42', 0, NULL, 1),
(481, 11, 90, 179, 24, 79, NULL, '1', 'B-1', 1, '2024-09-22 11:01:42', 0, NULL, 1),
(482, 11, 90, 180, 24, 93, NULL, '1', 'A-1', 1, '2024-09-22 11:01:42', 0, NULL, 1),
(483, 11, 90, 181, 24, 100, NULL, '1', 'A-1', 1, '2024-09-22 11:01:42', 0, NULL, 1);

-- --------------------------------------------------------

--
-- Table structure for table `exam_subjectpaper`
--

CREATE TABLE `exam_subjectpaper` (
  `paperID` int(11) NOT NULL,
  `session_id` int(10) DEFAULT 0,
  `subjectID` int(11) DEFAULT NULL,
  `class_id` int(11) DEFAULT NULL,
  `examID` int(11) DEFAULT NULL,
  `passingMarks` int(11) DEFAULT NULL,
  `totalMarks` int(11) DEFAULT NULL,
  `evaluation` int(2) DEFAULT 0,
  `date` date DEFAULT NULL,
  `created_by` int(10) DEFAULT 0,
  `created_at` datetime DEFAULT current_timestamp(),
  `modified_by` int(10) DEFAULT 0,
  `modified_at` datetime DEFAULT NULL ON UPDATE current_timestamp(),
  `statusID` int(11) DEFAULT NULL
) ENGINE=MyISAM DEFAULT CHARSET=latin1 COLLATE=latin1_swedish_ci;

--
-- Dumping data for table `exam_subjectpaper`
--

INSERT INTO `exam_subjectpaper` (`paperID`, `session_id`, `subjectID`, `class_id`, `examID`, `passingMarks`, `totalMarks`, `evaluation`, `date`, `created_by`, `created_at`, `modified_by`, `modified_at`, `statusID`) VALUES
(1, 11, 1, 25, 1, 35, 100, 0, '2024-07-17', 8, '2024-07-24 17:29:08', 1, '2024-09-01 14:19:04', 1),
(2, 11, 2, 25, 1, 35, 100, 0, '2024-07-10', 8, '2024-07-24 17:29:08', 0, NULL, 1),
(3, 11, 3, 25, 1, 35, 100, 0, '2024-07-10', 8, '2024-07-24 17:29:08', 0, NULL, 1),
(4, 11, 4, 25, 1, 35, 100, 0, '2024-07-25', 8, '2024-07-24 17:29:08', 0, NULL, 1),
(5, 11, 5, 25, 1, 35, 100, 0, '2024-07-25', 8, '2024-07-24 17:29:08', 0, NULL, 1),
(6, 11, 6, 25, 1, 35, 100, 0, '2024-07-25', 8, '2024-07-24 17:29:08', 0, NULL, 1),
(7, 11, 7, 25, 1, 35, 100, 0, '2024-07-16', 8, '2024-07-24 17:29:08', 0, NULL, 1),
(8, 11, 8, 25, 1, 35, 100, 0, '2024-07-16', 8, '2024-07-24 17:29:08', 0, NULL, 1),
(9, 11, 9, 25, 1, 35, 100, 0, '2024-07-03', 8, '2024-07-24 17:29:08', 0, NULL, 1),
(10, 11, 1, 25, 2, 35, 100, 0, '2024-07-10', 8, '2024-07-24 17:31:44', 0, NULL, 1),
(11, 11, 2, 25, 2, 35, 100, 0, '2024-07-10', 8, '2024-07-24 17:31:44', 0, NULL, 1),
(12, 11, 3, 25, 2, 35, 100, 0, '2024-07-11', 8, '2024-07-24 17:31:44', 0, NULL, 1),
(13, 11, 4, 25, 2, 35, 100, 0, '2024-07-19', 8, '2024-07-24 17:31:44', 0, NULL, 1),
(14, 11, 5, 25, 2, 35, 100, 0, '2024-07-19', 8, '2024-07-24 17:31:44', 0, NULL, 1),
(15, 11, 6, 25, 2, 35, 100, 0, '2024-07-18', 8, '2024-07-24 17:31:44', 0, NULL, 1),
(16, 11, 7, 25, 2, 35, 100, 0, '2024-07-19', 8, '2024-07-24 17:31:44', 0, NULL, 1),
(17, 11, 8, 25, 2, 35, 100, 0, '2024-07-19', 8, '2024-07-24 17:31:44', 0, NULL, 1),
(18, 11, 9, 25, 2, 35, 100, 0, '2024-07-26', 8, '2024-07-24 17:31:44', 0, NULL, 1),
(19, 11, 1, 25, 3, 35, 100, 0, '2024-07-17', 8, '2024-07-24 17:34:41', 0, NULL, 1),
(20, 11, 2, 25, 3, 35, 100, 0, '2024-07-17', 8, '2024-07-24 17:34:41', 0, NULL, 1),
(21, 11, 3, 25, 3, 35, 100, 0, '2024-07-11', 8, '2024-07-24 17:34:41', 0, NULL, 1),
(22, 11, 4, 25, 3, 35, 100, 0, '2024-07-11', 8, '2024-07-24 17:34:41', 0, NULL, 1),
(23, 11, 5, 25, 3, 35, 100, 0, '2024-07-18', 8, '2024-07-24 17:34:41', 0, NULL, 1),
(24, 11, 6, 25, 3, 35, 100, 0, '2024-07-18', 8, '2024-07-24 17:34:41', 0, NULL, 1),
(25, 11, 7, 25, 3, 35, 100, 0, '2024-07-18', 8, '2024-07-24 17:34:41', 0, NULL, 1),
(26, 11, 8, 25, 3, 35, 100, 0, '2024-07-10', 8, '2024-07-24 17:34:41', 0, NULL, 1),
(27, 11, 9, 25, 3, 35, 100, 0, '2024-07-25', 8, '2024-07-24 17:34:41', 0, NULL, 1),
(28, 11, 1, 25, 4, 35, 100, 0, '2024-07-17', 8, '2024-07-24 17:36:56', 0, NULL, 1),
(29, 11, 2, 25, 4, 35, 100, 0, '2024-07-03', 8, '2024-07-24 17:36:56', 0, NULL, 1),
(30, 11, 3, 25, 4, 35, 100, 0, '2024-07-11', 8, '2024-07-24 17:36:56', 0, NULL, 1),
(31, 11, 4, 25, 4, 35, 100, 0, '2024-07-04', 8, '2024-07-24 17:36:56', 0, NULL, 1),
(32, 11, 5, 25, 4, 35, 100, 0, '2024-07-25', 8, '2024-07-24 17:36:56', 0, NULL, 1),
(33, 11, 6, 25, 4, 35, 100, 0, '2024-07-25', 8, '2024-07-24 17:36:56', 0, NULL, 1),
(34, 11, 7, 25, 4, 35, 100, 0, '2024-07-25', 8, '2024-07-24 17:36:56', 0, NULL, 1),
(35, 11, 8, 25, 4, 35, 100, 0, '2024-07-18', 8, '2024-07-24 17:36:56', 0, NULL, 1),
(36, 11, 9, 25, 4, 35, 100, 0, '2024-07-17', 8, '2024-07-24 17:36:56', 0, NULL, 1),
(37, 11, 1, 18, 5, 40, 100, 0, '2024-07-30', 8, '2024-07-25 14:28:40', 0, NULL, 1),
(38, 11, 2, 18, 5, 40, 100, 0, '2024-07-25', 8, '2024-07-25 14:28:40', 0, NULL, 1),
(39, 11, 3, 18, 5, 40, 100, 0, '2024-07-30', 8, '2024-07-25 14:28:40', 0, NULL, 1),
(40, 11, 4, 18, 5, 40, 100, 0, '2024-07-24', 8, '2024-07-25 14:28:40', 0, NULL, 1),
(41, 11, 5, 18, 5, 40, 100, 0, '2024-07-30', 8, '2024-07-25 14:28:40', 0, NULL, 1),
(42, 11, 6, 18, 5, 40, 100, 0, '2024-07-09', 8, '2024-07-25 14:28:40', 0, NULL, 1),
(43, 11, 7, 18, 5, 40, 100, 0, '2024-07-17', 8, '2024-07-25 14:28:40', 0, NULL, 1),
(44, 11, 8, 18, 5, 40, 100, 0, '2024-07-15', 8, '2024-07-25 14:28:40', 0, NULL, 1),
(45, 11, 9, 18, 5, 40, 100, 0, '2024-07-16', 8, '2024-07-25 14:28:40', 0, NULL, 1),
(46, 11, 1, 18, 6, 55, 100, 0, '2024-07-25', 8, '2024-07-26 08:23:22', 0, NULL, 1),
(47, 11, 2, 18, 6, 55, 100, 0, '2024-07-31', 8, '2024-07-26 08:23:22', 0, NULL, 1),
(48, 11, 3, 18, 6, 55, 100, 0, '2024-07-11', 8, '2024-07-26 08:23:22', 0, NULL, 1),
(49, 11, 4, 18, 6, 55, 100, 0, '2024-07-01', 8, '2024-07-26 08:23:22', 0, NULL, 1),
(50, 11, 5, 18, 6, 55, 100, 0, '2024-07-08', 8, '2024-07-26 08:23:22', 0, NULL, 1),
(51, 11, 6, 18, 6, 55, 100, 0, '2024-07-28', 8, '2024-07-26 08:23:22', 0, NULL, 1),
(52, 11, 7, 18, 6, 55, 100, 0, '2024-07-09', 8, '2024-07-26 08:23:22', 0, NULL, 1),
(53, 11, 8, 18, 6, 55, 100, 0, '2024-07-02', 8, '2024-07-26 08:23:22', 0, NULL, 1),
(54, 11, 9, 18, 6, 55, 100, 0, '2024-07-02', 8, '2024-07-26 08:23:22', 0, NULL, 1),
(55, 11, 1, 18, 7, 22, 50, 0, '2024-07-01', 8, '2024-07-26 08:37:50', 0, NULL, 1),
(56, 11, 2, 18, 7, 22, 50, 0, '2024-07-09', 8, '2024-07-26 08:37:50', 0, NULL, 1),
(57, 11, 3, 18, 7, 22, 50, 0, '2024-07-09', 8, '2024-07-26 08:37:50', 0, NULL, 1),
(58, 11, 4, 18, 7, 22, 50, 0, '2024-07-02', 8, '2024-07-26 08:37:50', 0, NULL, 1),
(59, 11, 5, 18, 7, 22, 50, 0, '2024-07-09', 8, '2024-07-26 08:37:50', 0, NULL, 1),
(60, 11, 6, 18, 7, 22, 50, 0, '2024-07-03', 8, '2024-07-26 08:37:50', 0, NULL, 1),
(61, 11, 7, 18, 7, 22, 50, 0, '2024-07-02', 8, '2024-07-26 08:37:50', 0, NULL, 1),
(62, 11, 8, 18, 7, 22, 50, 0, '2024-07-18', 8, '2024-07-26 08:37:50', 0, NULL, 1),
(63, 11, 9, 18, 7, 22, 50, 0, '2024-07-10', 8, '2024-07-26 08:37:50', 0, NULL, 1),
(64, 11, 1, 18, 8, 44, 100, 0, '2024-07-09', 8, '2024-07-26 08:41:45', 0, NULL, 1),
(65, 11, 2, 18, 8, 44, 100, 0, '2024-07-07', 8, '2024-07-26 08:41:45', 0, NULL, 1),
(66, 11, 3, 18, 8, 44, 100, 0, '2024-07-02', 8, '2024-07-26 08:41:45', 0, NULL, 1),
(67, 11, 4, 18, 8, 44, 100, 0, '2024-07-10', 8, '2024-07-26 08:41:45', 0, NULL, 1),
(68, 11, 5, 18, 8, 44, 100, 0, '2024-07-03', 8, '2024-07-26 08:41:45', 0, NULL, 1),
(69, 11, 6, 18, 8, 44, 100, 0, '2024-07-02', 8, '2024-07-26 08:41:45', 0, NULL, 1),
(70, 11, 1, 24, 9, 35, 100, 0, '2024-09-23', 1, '2024-09-22 08:21:44', 0, NULL, 1),
(71, 11, 2, 24, 9, 32, 100, 0, '2024-09-23', 1, '2024-09-22 10:10:00', 0, NULL, 1),
(72, 11, 3, 24, 9, 32, 100, 0, '2024-09-23', 1, '2024-09-22 10:10:00', 0, NULL, 1),
(73, 11, 4, 24, 9, 32, 100, 0, '2024-09-24', 1, '2024-09-22 10:10:00', 0, NULL, 1),
(74, 11, 5, 24, 9, 32, 100, 0, '2024-09-25', 1, '2024-09-22 10:10:00', 0, NULL, 1),
(75, 11, 6, 24, 9, 32, 100, 0, '2024-09-25', 1, '2024-09-22 10:10:00', 0, NULL, 1),
(76, 11, 7, 24, 9, 32, 100, 0, '2024-09-26', 1, '2024-09-22 10:10:00', 0, NULL, 1),
(77, 11, 8, 24, 9, 32, 100, 0, '2024-09-27', 1, '2024-09-22 10:10:00', 0, NULL, 1),
(78, 11, 9, 24, 9, 32, 100, 0, '2024-09-28', 1, '2024-09-22 10:10:00', 0, NULL, 1),
(79, 11, 1, 24, 10, 32, 100, 0, '2024-09-23', 1, '2024-09-22 10:40:48', 0, NULL, 1),
(80, 11, 2, 24, 10, 32, 100, 0, '2024-09-24', 1, '2024-09-22 10:40:48', 0, NULL, 1),
(81, 11, 3, 24, 10, 32, 100, 0, '2024-09-23', 1, '2024-09-22 10:40:48', 0, NULL, 1),
(82, 11, 4, 24, 10, 32, 100, 0, '2024-09-24', 1, '2024-09-22 10:40:48', 0, NULL, 1),
(83, 11, 5, 24, 10, 32, 100, 0, '2024-09-23', 1, '2024-09-22 10:40:48', 0, NULL, 1),
(84, 11, 6, 24, 10, 32, 100, 0, '2024-09-24', 1, '2024-09-22 10:40:48', 0, NULL, 1),
(85, 11, 7, 24, 10, 32, 100, 0, '2024-09-23', 1, '2024-09-22 10:40:48', 0, NULL, 1),
(86, 11, 8, 24, 10, 32, 100, 0, '2024-09-25', 1, '2024-09-22 10:40:48', 0, NULL, 1),
(87, 11, 9, 24, 10, 32, 100, 0, '2024-09-26', 1, '2024-09-22 10:40:48', 0, NULL, 1),
(88, 11, 1, 24, 11, 32, 100, 0, '2024-09-23', 1, '2024-09-22 10:54:22', 0, NULL, 1),
(89, 11, 2, 24, 11, 32, 100, 0, '2024-09-23', 1, '2024-09-22 10:54:22', 0, NULL, 1),
(90, 11, 3, 24, 11, 32, 100, 0, '2024-09-24', 1, '2024-09-22 10:54:22', 0, NULL, 1),
(91, 11, 4, 24, 11, 32, 100, 0, '2024-09-24', 1, '2024-09-22 10:54:22', 0, NULL, 1),
(92, 11, 5, 24, 11, 32, 100, 0, '2024-09-25', 1, '2024-09-22 10:54:22', 0, NULL, 1),
(93, 11, 6, 24, 11, 32, 100, 0, '2024-09-26', 1, '2024-09-22 10:54:22', 0, NULL, 1),
(94, 11, 7, 24, 11, 32, 100, 0, '2024-09-26', 1, '2024-09-22 10:54:22', 0, NULL, 1),
(95, 11, 8, 24, 11, 32, 100, 0, '2024-09-27', 1, '2024-09-22 10:54:22', 0, NULL, 1),
(96, 11, 9, 24, 11, 32, 100, 0, '2024-09-28', 1, '2024-09-22 10:54:22', 0, NULL, 1);

-- --------------------------------------------------------

--
-- Table structure for table `exam_subjects`
--

CREATE TABLE `exam_subjects` (
  `subjectID` int(11) NOT NULL,
  `subjectName` text DEFAULT NULL,
  `created_by` int(10) DEFAULT 0,
  `created_at` datetime DEFAULT current_timestamp(),
  `modified_by` int(10) DEFAULT NULL,
  `modified_at` datetime DEFAULT NULL ON UPDATE current_timestamp(),
  `statusID` int(11) DEFAULT NULL
) ENGINE=MyISAM DEFAULT CHARSET=latin1 COLLATE=latin1_swedish_ci;

--
-- Dumping data for table `exam_subjects`
--

INSERT INTO `exam_subjects` (`subjectID`, `subjectName`, `created_by`, `created_at`, `modified_by`, `modified_at`, `statusID`) VALUES
(1, 'English', 8, '2024-07-13 22:15:50', NULL, NULL, 1),
(2, 'Marathi', 8, '2024-07-13 22:15:58', NULL, NULL, 1),
(3, 'Hindi', 8, '2024-07-13 22:16:08', NULL, NULL, 1),
(4, 'Maths', 8, '2024-07-13 22:16:14', NULL, NULL, 1),
(5, 'Science', 8, '2024-07-13 22:16:30', NULL, NULL, 1),
(6, 'S.St', 8, '2024-07-13 22:17:00', NULL, NULL, 1),
(7, 'Computer', 8, '2024-07-13 22:17:13', NULL, NULL, 1),
(8, 'G.K', 8, '2024-07-13 22:17:28', NULL, NULL, 1),
(9, 'Drawing', 8, '2024-07-13 22:17:50', NULL, NULL, 1);

-- --------------------------------------------------------

--
-- Table structure for table `expenses`
--

CREATE TABLE `expenses` (
  `expenses_id` int(11) NOT NULL,
  `expenses_name` varchar(255) NOT NULL,
  `expenses_amount` varchar(255) NOT NULL,
  `expense_date` datetime NOT NULL
) ENGINE=InnoDB DEFAULT CHARSET=latin1 COLLATE=latin1_swedish_ci;

--
-- Dumping data for table `expenses`
--

INSERT INTO `expenses` (`expenses_id`, `expenses_name`, `expenses_amount`, `expense_date`) VALUES
(3, 'f00d', '1222', '2024-07-22 00:00:00');

-- --------------------------------------------------------

--
-- Table structure for table `fees`
--

CREATE TABLE `fees` (
  `fees_id` int(12) NOT NULL,
  `fees_for` varchar(200) NOT NULL,
  `amount` int(10) NOT NULL,
  `class_id` int(12) UNSIGNED NOT NULL,
  `session_id` int(11) NOT NULL,
  `created_at` timestamp NULL DEFAULT current_timestamp(),
  `created_by` int(11) DEFAULT 0,
  `modified_at` timestamp NULL DEFAULT NULL ON UPDATE current_timestamp(),
  `modified_by` int(11) DEFAULT NULL,
  `statusID` int(1) NOT NULL COMMENT '0-inactive , 1-active'
) ENGINE=InnoDB DEFAULT CHARSET=latin1 COLLATE=latin1_swedish_ci;

--
-- Dumping data for table `fees`
--

INSERT INTO `fees` (`fees_id`, `fees_for`, `amount`, `class_id`, `session_id`, `created_at`, `created_by`, `modified_at`, `modified_by`, `statusID`) VALUES
(1, 'Tution Fees', 10000, 30, 11, '2024-08-29 14:45:34', 1, NULL, NULL, 1),
(2, 'Tution Fees', 15000, 29, 11, '2024-08-30 12:57:02', 1, NULL, NULL, 1),
(3, 'Tution Fees', 15500, 28, 11, '2024-08-30 12:57:28', 1, NULL, NULL, 1),
(4, 'Tution Fees', 16000, 26, 11, '2024-08-30 12:57:52', 1, NULL, NULL, 1),
(5, 'Tution Fees', 16500, 25, 11, '2024-08-30 12:58:18', 1, NULL, NULL, 1),
(6, 'Tution Fees', 17000, 24, 11, '2024-08-30 12:59:01', 1, NULL, NULL, 1),
(7, 'Tution Fees', 17500, 23, 11, '2024-08-30 12:59:19', 1, NULL, NULL, 1),
(8, 'Tution Fees', 18000, 22, 11, '2024-08-30 12:59:46', 1, NULL, NULL, 1),
(9, 'Tution Fees', 18000, 21, 11, '2024-08-30 13:00:21', 1, NULL, NULL, 1),
(10, 'Tution Fees', 18500, 20, 11, '2024-08-30 13:00:42', 1, NULL, NULL, 1),
(11, 'Tution Fees', 19000, 19, 11, '2024-08-30 13:00:56', 1, NULL, NULL, 1),
(12, 'Tution Fees', 19500, 18, 11, '2024-08-30 13:01:17', 1, NULL, NULL, 1),
(13, 'Tution Fees', 20000, 17, 11, '2024-08-30 13:01:33', 1, NULL, NULL, 1),
(14, 'Tution Fees', 10000, 30, 14, '2024-09-01 01:59:41', 1, NULL, NULL, 1),
(15, 'Tution Fees', 15000, 29, 14, '2024-09-01 01:59:57', 1, NULL, NULL, 1),
(16, 'Tution Fees', 15500, 28, 14, '2024-09-01 02:00:13', 1, NULL, NULL, 1),
(17, 'Tution Fees', 16000, 26, 14, '2024-09-01 02:00:25', 1, NULL, NULL, 1),
(18, 'Tution Fees', 16500, 25, 14, '2024-09-01 02:00:38', 1, NULL, NULL, 1),
(19, 'Tution Fees', 17000, 24, 14, '2024-09-01 02:00:52', 1, NULL, NULL, 1),
(20, 'Tution Fees', 17500, 23, 14, '2024-09-01 02:01:05', 1, NULL, NULL, 1),
(21, 'Tution Fees', 18000, 22, 14, '2024-09-01 02:01:19', 1, NULL, NULL, 1),
(22, 'Tution Fees', 18500, 21, 14, '2024-09-01 02:01:35', 1, NULL, NULL, 1),
(23, 'Tution Fees', 19000, 20, 14, '2024-09-01 02:01:56', 1, NULL, NULL, 1),
(24, 'Tution Fees', 19500, 19, 14, '2024-09-01 02:02:15', 1, NULL, NULL, 1),
(25, 'Tution Fees', 20000, 18, 14, '2024-09-01 02:02:30', 1, NULL, NULL, 1),
(26, 'Tution Fees', 25000, 17, 14, '2024-09-01 02:02:48', 1, NULL, NULL, 1),
(27, 'Tution Fees', 15000, 25, 5, '2024-10-24 17:09:18', 2, NULL, NULL, 1);

-- --------------------------------------------------------

--
-- Table structure for table `gallery`
--

CREATE TABLE `gallery` (
  `id` int(255) NOT NULL,
  `title` varchar(255) DEFAULT NULL,
  `description` varchar(255) DEFAULT NULL,
  `image` text DEFAULT NULL,
  `show_image` varchar(1) NOT NULL
) ENGINE=InnoDB DEFAULT CHARSET=latin1 COLLATE=latin1_swedish_ci;

--
-- Dumping data for table `gallery`
--

INSERT INTO `gallery` (`id`, `title`, `description`, `image`, `show_image`) VALUES
(6, 'Annual School Trip at Wagh Ville Resort', 'Annual School Trip at Wagh Ville Resort', '[\"51.png\",\"61.png\"]', '1'),
(7, 'Nagpur District Atheletic Championship', 'Nagpur District Atheletic Championship', '[\"18.png\"]', '1'),
(8, 'Science Exhibition at Red Rose', 'Science Exhibition at Red Rose', '[\"71.png\"]', '1'),
(9, 'Annual Cultural Gathering at Red Rose', 'Annual Cultural Gathering at Red Rose', '[\"21.png\",\"31.png\",\"81.png\",\"151.png\",\"16.png\"]', '1'),
(10, 'Health Checkup @ Red Rose', 'Health Checkup @ Red Rose', '[\"171.png\"]', '1');

-- --------------------------------------------------------

--
-- Table structure for table `holiday`
--

CREATE TABLE `holiday` (
  `holiday_id` int(11) NOT NULL,
  `holiday_name` varchar(255) NOT NULL,
  `holiday_date` date NOT NULL,
  `statusID` int(1) NOT NULL,
  `created_by` int(11) NOT NULL,
  `created_at` timestamp NOT NULL DEFAULT current_timestamp(),
  `modified_by` int(11) DEFAULT NULL,
  `modified_at` timestamp NULL DEFAULT NULL
) ENGINE=InnoDB DEFAULT CHARSET=utf8mb4 COLLATE=utf8mb4_general_ci;

--
-- Dumping data for table `holiday`
--

INSERT INTO `holiday` (`holiday_id`, `holiday_name`, `holiday_date`, `statusID`, `created_by`, `created_at`, `modified_by`, `modified_at`) VALUES
(1, 'Mahatma Gandhi Jayanti', '2024-10-02', 0, 0, '2024-09-17 13:29:23', NULL, NULL),
(2, 'Mahatma Gandhi Jayanti', '2024-10-02', 0, 0, '2024-09-17 13:31:40', NULL, NULL);

-- --------------------------------------------------------

--
-- Table structure for table `leaving_certificate`
--

CREATE TABLE `leaving_certificate` (
  `leaving_id` int(12) UNSIGNED NOT NULL,
  `dleaving_id` int(12) NOT NULL,
  `tleaving_id` int(12) NOT NULL,
  `fullname` varchar(100) NOT NULL,
  `father_name` varchar(100) NOT NULL,
  `mother_name` varchar(100) NOT NULL,
  `surname` varchar(100) NOT NULL,
  `b_tah` varchar(100) NOT NULL,
  `b_dist` varchar(100) NOT NULL,
  `b_state` varchar(50) NOT NULL,
  `b_country` varchar(100) NOT NULL,
  `progress` varchar(100) NOT NULL,
  `reason` varchar(200) NOT NULL,
  `remark` varchar(200) NOT NULL,
  `student_id` int(12) UNSIGNED NOT NULL,
  `academic_year` varchar(10) NOT NULL,
  `date_of_leave` date NOT NULL,
  `date_of_issueing` date NOT NULL,
  `studying_since` varchar(10) NOT NULL,
  `studying_from_class` varchar(10) NOT NULL,
  `created_date` date NOT NULL,
  `is_dl` int(1) NOT NULL,
  `is_tl` int(1) NOT NULL
) ENGINE=InnoDB DEFAULT CHARSET=latin1 COLLATE=latin1_swedish_ci;

--
-- Dumping data for table `leaving_certificate`
--

INSERT INTO `leaving_certificate` (`leaving_id`, `dleaving_id`, `tleaving_id`, `fullname`, `father_name`, `mother_name`, `surname`, `b_tah`, `b_dist`, `b_state`, `b_country`, `progress`, `reason`, `remark`, `student_id`, `academic_year`, `date_of_leave`, `date_of_issueing`, `studying_since`, `studying_from_class`, `created_date`, `is_dl`, `is_tl`) VALUES
(1, 4, 5, 'AYUSH DINESH DESHMUKH', 'DINESH', 'Tanisha', 'DESHMUKH', 'DARWHA', 'Yavatmal', 'Maharashtra', 'India', 'Good', '10 examination pass', '10 examination pass', 453, '2024-25', '2024-08-22', '2024-08-29', '08/07/2024', '1', '2024-08-13', 0, 0),
(4, 0, 0, 'AYUSH DINESH DESHMUKH', 'DINESH', 'Tanisha', 'DESHMUKH', 'DARWHA', 'Yavatmal', 'Maharashtra', 'India', 'Good', '10 examination pass', '10 examination pass', 453, '2024-25', '2024-08-22', '2024-08-29', '08/07/2024', '1', '2024-08-30', 1, 0),
(5, 0, 0, 'AYUSH DINESH DESHMUKH', 'DINESH', 'Tanisha', 'DESHMUKH', 'DARWHA', 'Yavatmal', 'Maharashtra', 'India', 'Good', '10 examination pass', '10 examination pass', 453, '2024-25', '2024-08-22', '2024-08-29', '08/07/2024', '1', '2024-08-30', 0, 1);

-- --------------------------------------------------------

--
-- Table structure for table `management`
--

CREATE TABLE `management` (
  `id` int(255) NOT NULL,
  `name` varchar(255) DEFAULT NULL,
  `designation` varchar(255) DEFAULT NULL,
  `mobile_no` varchar(255) DEFAULT NULL,
  `image` varchar(255) DEFAULT NULL
) ENGINE=InnoDB DEFAULT CHARSET=latin1 COLLATE=latin1_swedish_ci;

-- --------------------------------------------------------

--
-- Table structure for table `notification`
--

CREATE TABLE `notification` (
  `notification_id` int(12) UNSIGNED NOT NULL,
  `notification` varchar(200) NOT NULL,
  `is_viewed` bit(1) NOT NULL,
  `date` datetime NOT NULL
) ENGINE=InnoDB DEFAULT CHARSET=latin1 COLLATE=latin1_swedish_ci;

-- --------------------------------------------------------

--
-- Table structure for table `payments`
--

CREATE TABLE `payments` (
  `payment_id` int(12) UNSIGNED NOT NULL,
  `session_id` int(11) NOT NULL DEFAULT 0,
  `class_id` int(11) DEFAULT 0,
  `student_id` int(12) UNSIGNED NOT NULL,
  `academic_year` varchar(20) NOT NULL,
  `total_amount` int(10) DEFAULT 0,
  `paid_amount` int(10) DEFAULT 0,
  `late_fee` int(10) DEFAULT 0,
  `payment_seq` int(2) NOT NULL DEFAULT 0,
  `sync` int(2) NOT NULL DEFAULT 0,
  `sync_at` timestamp NULL DEFAULT NULL ON UPDATE current_timestamp(),
  `created_at` timestamp NOT NULL DEFAULT current_timestamp(),
  `created_by` int(10) NOT NULL DEFAULT 0,
  `modified_at` datetime DEFAULT NULL ON UPDATE current_timestamp(),
  `modified_by` int(10) NOT NULL DEFAULT 0,
  `statusID` int(11) NOT NULL DEFAULT 0
) ENGINE=InnoDB DEFAULT CHARSET=latin1 COLLATE=latin1_swedish_ci;

--
-- Dumping data for table `payments`
--

INSERT INTO `payments` (`payment_id`, `session_id`, `class_id`, `student_id`, `academic_year`, `total_amount`, `paid_amount`, `late_fee`, `payment_seq`, `sync`, `sync_at`, `created_at`, `created_by`, `modified_at`, `modified_by`, `statusID`) VALUES
(1, 5, 26, 1, '2023-24', 14000, 0, 0, 0, 0, NULL, '2024-03-18 12:38:46', 8, NULL, 0, 1),
(2, 5, 26, 2, '2023-24', 14000, 0, 0, 0, 0, '2024-06-14 10:13:12', '2024-04-02 02:51:43', 8, '2024-06-14 10:13:12', 0, 1),
(3, 5, 25, 3, '2023-24', 0, 0, 0, 0, 0, NULL, '2024-04-05 02:20:36', 8, NULL, 0, 1),
(4, 5, 25, 4, '2023-24', 0, 0, 0, 0, 0, NULL, '2024-04-05 02:26:42', 8, NULL, 0, 1),
(5, 5, 25, 5, '2023-24', 0, 0, 0, 0, 0, NULL, '2024-04-05 02:29:59', 8, NULL, 0, 1),
(6, 5, 25, 6, '2023-24', 0, 0, 0, 0, 0, NULL, '2024-04-05 02:36:55', 8, NULL, 0, 1),
(7, 5, 25, 7, '2023-24', 0, 0, 0, 0, 0, NULL, '2024-04-05 02:42:24', 8, NULL, 0, 1),
(8, 5, 25, 8, '2023-24', 0, 0, 0, 0, 0, NULL, '2024-04-05 03:22:31', 8, NULL, 0, 1),
(9, 5, 25, 9, '2023-24', 0, 0, 0, 0, 0, NULL, '2024-04-05 03:25:56', 8, NULL, 0, 1),
(10, 5, 25, 10, '2023-24', 0, 0, 0, 0, 0, NULL, '2024-04-05 03:29:40', 8, NULL, 0, 1),
(11, 5, 25, 11, '2023-24', 0, 0, 0, 0, 0, NULL, '2024-04-05 03:40:35', 8, NULL, 0, 1),
(12, 5, 25, 12, '2023-24', 0, 0, 0, 0, 0, NULL, '2024-04-05 03:46:36', 8, NULL, 0, 1),
(13, 5, 25, 13, '2023-24', 0, 0, 0, 0, 0, NULL, '2024-04-05 03:49:18', 8, NULL, 0, 1),
(14, 5, 25, 14, '2023-24', 0, 0, 0, 0, 0, NULL, '2024-04-05 03:51:49', 8, NULL, 0, 1),
(15, 5, 25, 15, '2023-24', 0, 0, 0, 0, 0, NULL, '2024-04-05 04:08:11', 8, NULL, 0, 1),
(16, 5, 25, 16, '2023-24', 0, 0, 0, 0, 0, NULL, '2024-04-05 04:10:03', 8, NULL, 0, 1),
(17, 5, 25, 17, '2023-24', 0, 0, 0, 0, 0, NULL, '2024-04-05 04:25:41', 8, NULL, 0, 1),
(18, 5, 25, 18, '2023-24', 0, 0, 0, 0, 0, NULL, '2024-04-05 04:27:29', 8, NULL, 0, 1),
(19, 5, 25, 19, '2023-24', 0, 0, 0, 0, 0, NULL, '2024-04-05 04:29:26', 8, NULL, 0, 1),
(20, 5, 25, 20, '2023-24', 0, 0, 0, 0, 0, NULL, '2024-04-05 04:31:23', 8, NULL, 0, 1),
(21, 5, 25, 21, '2023-24', 0, 0, 0, 0, 0, NULL, '2024-04-05 04:45:56', 8, NULL, 0, 1),
(22, 5, 25, 22, '2023-24', 0, 0, 0, 0, 0, NULL, '2024-04-05 04:47:56', 8, NULL, 0, 1),
(23, 5, 25, 23, '2023-24', 0, 0, 0, 0, 0, NULL, '2024-04-05 04:49:53', 8, NULL, 0, 1),
(24, 5, 25, 24, '2023-24', 0, 0, 0, 0, 0, NULL, '2024-04-05 05:12:24', 8, NULL, 0, 1),
(25, 5, 25, 25, '2023-24', 0, 0, 0, 0, 0, '2024-04-05 05:56:52', '2024-04-05 05:14:24', 8, '2024-04-05 11:26:52', 8, 1),
(26, 5, 25, 26, '2023-24', 0, 0, 0, 0, 0, NULL, '2024-04-05 05:20:23', 8, NULL, 0, 1),
(27, 5, 25, 27, '2023-24', 0, 0, 0, 0, 0, NULL, '2024-04-05 05:47:21', 8, NULL, 0, 1),
(28, 5, 25, 28, '2023-24', 0, 0, 0, 0, 0, NULL, '2024-04-05 05:49:00', 8, NULL, 0, 1),
(29, 5, 25, 29, '2023-24', 0, 0, 0, 0, 0, NULL, '2024-04-05 05:50:50', 8, NULL, 0, 1),
(30, 5, 25, 30, '2023-24', 0, 0, 0, 0, 0, NULL, '2024-04-05 05:55:09', 8, NULL, 0, 1),
(31, 5, 25, 31, '2023-24', 0, 0, 0, 0, 0, NULL, '2024-04-05 06:02:18', 8, NULL, 0, 1),
(32, 5, 25, 32, '2023-24', 0, 0, 0, 0, 0, NULL, '2024-04-05 06:05:55', 8, NULL, 0, 1),
(33, 5, 25, 33, '2023-24', 0, 0, 0, 0, 0, NULL, '2024-04-05 06:10:12', 8, NULL, 0, 1),
(34, 5, 25, 34, '2023-24', 0, 0, 0, 0, 0, NULL, '2024-04-05 06:12:45', 8, NULL, 0, 1),
(35, 5, 25, 35, '2023-24', 0, 0, 0, 0, 0, NULL, '2024-04-05 06:15:24', 8, NULL, 0, 1),
(36, 5, 25, 36, '2023-24', 0, 0, 0, 0, 0, NULL, '2024-04-05 06:18:01', 8, NULL, 0, 1),
(37, 5, 25, 37, '2023-24', 0, 0, 0, 0, 0, NULL, '2024-04-05 06:19:43', 8, NULL, 0, 1),
(38, 5, 25, 38, '2023-24', 0, 0, 0, 0, 0, NULL, '2024-04-05 06:22:36', 8, NULL, 0, 1),
(39, 5, 25, 39, '2023-24', 0, 0, 0, 0, 0, NULL, '2024-04-05 06:24:21', 8, NULL, 0, 1),
(40, 5, 20, 40, '2023-24', 0, 0, 0, 0, 0, NULL, '2024-04-15 06:42:08', 8, NULL, 0, 1),
(41, 5, 20, 41, '2023-24', 0, 0, 0, 0, 0, NULL, '2024-04-15 06:44:33', 8, NULL, 0, 1),
(42, 5, 20, 42, '2023-24', 0, 0, 0, 0, 0, NULL, '2024-04-15 06:46:43', 8, NULL, 0, 1),
(43, 5, 20, 43, '2023-24', 0, 0, 0, 0, 0, NULL, '2024-04-15 06:48:34', 8, NULL, 0, 1),
(44, 5, 20, 44, '2023-24', 0, 0, 0, 0, 0, NULL, '2024-04-15 06:50:40', 8, NULL, 0, 1),
(45, 5, 20, 45, '2023-24', 0, 0, 0, 0, 0, NULL, '2024-04-15 06:52:32', 8, NULL, 0, 1),
(46, 5, 20, 46, '2023-24', 0, 0, 0, 0, 0, NULL, '2024-04-15 06:54:56', 8, NULL, 0, 1),
(47, 5, 20, 47, '2023-24', 0, 0, 0, 0, 0, NULL, '2024-04-15 06:56:36', 8, NULL, 0, 1),
(48, 5, 20, 48, '2023-24', 0, 0, 0, 0, 0, NULL, '2024-04-15 06:58:41', 8, NULL, 0, 1),
(49, 5, 20, 49, '2023-24', 0, 0, 0, 0, 0, NULL, '2024-04-15 07:00:17', 8, NULL, 0, 1),
(50, 5, 20, 50, '2023-24', 0, 0, 0, 0, 0, NULL, '2024-04-15 07:02:12', 8, NULL, 0, 1),
(51, 5, 20, 51, '2023-24', 0, 0, 0, 0, 0, NULL, '2024-04-15 07:04:57', 8, NULL, 0, 1),
(52, 5, 20, 52, '2023-24', 0, 0, 0, 0, 0, NULL, '2024-04-15 07:07:29', 8, NULL, 0, 1),
(53, 5, 20, 53, '2023-24', 0, 0, 0, 0, 0, NULL, '2024-04-15 07:09:48', 8, NULL, 0, 1),
(54, 5, 20, 54, '2023-24', 0, 0, 0, 0, 0, NULL, '2024-04-15 07:11:20', 8, NULL, 0, 1),
(55, 5, 20, 55, '2023-24', 0, 0, 0, 0, 0, NULL, '2024-04-15 07:13:12', 8, NULL, 0, 1),
(56, 5, 20, 56, '2023-24', 0, 0, 0, 0, 0, NULL, '2024-04-15 07:15:46', 8, NULL, 0, 1),
(57, 5, 20, 57, '2023-24', 0, 0, 0, 0, 0, NULL, '2024-04-15 07:17:52', 8, NULL, 0, 1),
(58, 5, 20, 58, '2023-24', 0, 0, 0, 0, 0, NULL, '2024-04-15 07:38:09', 8, NULL, 0, 1),
(59, 5, 20, 59, '2023-24', 0, 0, 0, 0, 0, NULL, '2024-04-15 07:40:39', 8, NULL, 0, 1),
(60, 5, 20, 60, '2023-24', 0, 0, 0, 0, 0, NULL, '2024-04-15 07:42:20', 8, NULL, 0, 1),
(61, 5, 20, 61, '2023-24', 0, 0, 0, 0, 0, NULL, '2024-04-15 07:43:47', 8, NULL, 0, 1),
(62, 5, 20, 62, '2023-24', 0, 0, 0, 0, 0, NULL, '2024-04-15 07:50:09', 8, NULL, 0, 1),
(63, 5, 20, 63, '2023-24', 0, 0, 0, 0, 0, NULL, '2024-04-15 07:51:43', 8, NULL, 0, 1),
(64, 5, 20, 64, '2023-24', 0, 0, 0, 0, 0, NULL, '2024-04-15 07:53:24', 8, NULL, 0, 1),
(65, 5, 20, 65, '2023-24', 0, 0, 0, 0, 0, NULL, '2024-04-15 07:54:57', 8, NULL, 0, 1),
(66, 5, 20, 66, '2023-24', 0, 0, 0, 0, 0, NULL, '2024-04-15 07:56:18', 8, NULL, 0, 1),
(67, 5, 21, 67, '2023-24', 0, 0, 0, 0, 0, NULL, '2024-04-16 03:43:37', 8, NULL, 0, 1),
(68, 5, 21, 68, '2023-24', 0, 0, 0, 0, 0, NULL, '2024-04-16 03:47:56', 8, NULL, 0, 1),
(69, 5, 21, 69, '2023-24', 0, 0, 0, 0, 0, NULL, '2024-04-16 03:52:00', 8, NULL, 0, 1),
(70, 5, 21, 70, '2023-24', 0, 0, 0, 0, 0, NULL, '2024-04-16 03:55:00', 8, NULL, 0, 1),
(71, 5, 21, 71, '2023-24', 0, 0, 0, 0, 0, NULL, '2024-04-16 06:48:48', 8, NULL, 0, 1),
(72, 5, 21, 72, '2023-24', 0, 0, 0, 0, 0, NULL, '2024-04-16 06:51:31', 8, NULL, 0, 1),
(73, 5, 21, 73, '2023-24', 0, 0, 0, 0, 0, NULL, '2024-04-16 07:07:21', 8, NULL, 0, 1),
(74, 5, 21, 74, '2023-24', 0, 0, 0, 0, 0, NULL, '2024-04-16 07:09:23', 8, NULL, 0, 1),
(75, 5, 21, 75, '2023-24', 0, 0, 0, 0, 0, NULL, '2024-04-16 07:11:48', 8, NULL, 0, 1),
(76, 5, 21, 76, '2023-24', 0, 0, 0, 0, 0, NULL, '2024-04-16 07:14:41', 8, NULL, 0, 1),
(77, 5, 21, 77, '2023-24', 0, 0, 0, 0, 0, NULL, '2024-04-16 07:16:50', 8, NULL, 0, 1),
(78, 5, 21, 78, '2023-24', 0, 0, 0, 0, 0, NULL, '2024-04-16 07:19:11', 8, NULL, 0, 1),
(79, 5, 21, 79, '2023-24', 0, 0, 0, 0, 0, NULL, '2024-04-16 07:21:32', 8, NULL, 0, 1),
(80, 5, 21, 80, '2023-24', 0, 0, 0, 0, 0, NULL, '2024-04-16 07:31:34', 8, NULL, 0, 1),
(81, 5, 21, 81, '2023-24', 0, 0, 0, 0, 0, NULL, '2024-04-16 07:33:59', 8, NULL, 0, 1),
(82, 5, 21, 82, '2023-24', 0, 0, 0, 0, 0, NULL, '2024-04-16 07:40:08', 8, NULL, 0, 1),
(83, 5, 21, 83, '2023-24', 0, 0, 0, 0, 0, NULL, '2024-04-16 07:42:38', 8, NULL, 0, 1),
(84, 5, 21, 84, '2023-24', 0, 0, 0, 0, 0, NULL, '2024-04-16 07:48:32', 8, NULL, 0, 1),
(85, 5, 21, 85, '2023-24', 0, 0, 0, 0, 0, NULL, '2024-04-18 01:52:35', 8, NULL, 0, 1),
(86, 5, 21, 86, '2023-24', 0, 0, 0, 0, 0, NULL, '2024-04-18 01:54:45', 8, NULL, 0, 1),
(87, 5, 21, 87, '2023-24', 0, 0, 0, 0, 0, NULL, '2024-04-18 01:57:15', 8, NULL, 0, 1),
(88, 5, 21, 88, '2023-24', 0, 0, 0, 0, 0, NULL, '2024-04-18 02:00:58', 8, NULL, 0, 1),
(89, 5, 21, 89, '2023-24', 0, 0, 0, 0, 0, NULL, '2024-04-18 02:05:58', 8, NULL, 0, 1),
(90, 5, 21, 90, '2023-24', 0, 0, 0, 0, 0, NULL, '2024-04-18 02:12:13', 8, NULL, 0, 1),
(91, 5, 21, 91, '2023-24', 0, 0, 0, 0, 0, NULL, '2024-04-18 02:15:31', 8, NULL, 0, 1),
(92, 5, 21, 92, '2023-24', 0, 0, 0, 0, 0, NULL, '2024-04-18 02:19:14', 8, NULL, 0, 1),
(93, 5, 21, 93, '2023-24', 0, 0, 0, 0, 0, NULL, '2024-04-18 02:21:53', 8, NULL, 0, 1),
(94, 5, 21, 94, '2023-24', 0, 0, 0, 0, 0, NULL, '2024-04-18 02:24:50', 8, NULL, 0, 1),
(95, 5, 21, 95, '2023-24', 0, 0, 0, 0, 0, NULL, '2024-04-18 02:26:55', 8, NULL, 0, 1),
(96, 5, 21, 96, '2023-24', 0, 0, 0, 0, 0, NULL, '2024-04-18 02:28:45', 8, NULL, 0, 1),
(97, 5, 26, 97, '2023-24', 14000, 10000, 0, 0, 0, '2024-05-16 12:17:19', '2024-04-18 03:02:37', 8, '2024-05-16 12:17:19', 0, 1),
(98, 5, 26, 98, '2023-24', 14000, 0, 0, 0, 0, NULL, '2024-04-18 03:14:10', 8, NULL, 0, 1),
(99, 5, 26, 99, '2023-24', 14000, 0, 0, 0, 0, NULL, '2024-04-18 03:15:50', 8, NULL, 0, 1),
(100, 5, 26, 100, '2023-24', 14000, 0, 0, 0, 0, NULL, '2024-04-18 03:17:39', 8, NULL, 0, 1),
(101, 5, 26, 101, '2023-24', 14000, 10000, 0, 0, 0, '2024-08-28 15:14:06', '2024-04-18 03:19:59', 8, '2024-08-28 20:44:06', 0, 1),
(102, 5, 26, 102, '2023-24', 14000, 0, 0, 0, 0, NULL, '2024-04-18 03:22:01', 8, NULL, 0, 1),
(103, 5, 26, 103, '2023-24', 14000, 0, 0, 0, 0, NULL, '2024-04-18 03:23:33', 8, NULL, 0, 1),
(104, 5, 26, 104, '2023-24', 14000, 0, 0, 0, 0, NULL, '2024-04-18 03:25:26', 8, NULL, 0, 1),
(105, 5, 26, 105, '2023-24', 14000, 0, 0, 0, 0, NULL, '2024-04-18 03:27:46', 8, NULL, 0, 1),
(106, 5, 26, 106, '2023-24', 14000, 0, 0, 0, 0, NULL, '2024-04-18 03:30:16', 8, NULL, 0, 1),
(107, 5, 26, 107, '2023-24', 14000, 0, 0, 0, 0, NULL, '2024-04-18 03:31:52', 8, NULL, 0, 1),
(108, 5, 26, 108, '2023-24', 14000, 0, 0, 0, 0, NULL, '2024-04-18 03:33:38', 8, NULL, 0, 1),
(109, 5, 26, 109, '2023-24', 14000, 0, 0, 0, 0, NULL, '2024-04-18 08:10:50', 8, NULL, 0, 1),
(110, 5, 26, 110, '2023-24', 14000, 0, 0, 0, 0, NULL, '2024-04-18 08:15:18', 8, NULL, 0, 1),
(111, 5, 26, 111, '2023-24', 14000, 0, 0, 0, 0, NULL, '2024-04-18 08:17:51', 8, NULL, 0, 1),
(112, 5, 26, 112, '2023-24', 14000, 0, 0, 0, 0, NULL, '2024-04-18 08:19:36', 8, NULL, 0, 1),
(113, 5, 26, 113, '2023-24', 14000, 0, 0, 0, 0, NULL, '2024-04-18 08:23:13', 8, NULL, 0, 1),
(114, 5, 26, 114, '2023-24', 14000, 0, 0, 0, 0, NULL, '2024-04-18 08:25:04', 8, NULL, 0, 1),
(115, 5, 26, 115, '2023-24', 14000, 0, 0, 0, 0, NULL, '2024-04-18 08:26:54', 8, NULL, 0, 1),
(116, 5, 26, 116, '2023-24', 14000, 0, 0, 0, 0, NULL, '2024-04-18 08:30:00', 8, NULL, 0, 1),
(117, 5, 26, 117, '2023-24', 14000, 0, 0, 0, 0, NULL, '2024-04-18 08:32:12', 8, NULL, 0, 1),
(118, 5, 26, 118, '2023-24', 0, 0, 0, 0, 0, NULL, '2024-04-18 08:34:12', 8, NULL, 0, 1),
(119, 5, 26, 119, '2023-24', 14000, 0, 0, 0, 0, NULL, '2024-04-18 08:40:44', 8, NULL, 0, 1),
(120, 5, 26, 120, '2023-24', 14000, 0, 0, 0, 0, NULL, '2024-04-18 08:42:40', 8, NULL, 0, 1),
(121, 5, 26, 121, '2023-24', 14000, 0, 0, 0, 0, NULL, '2024-04-18 09:00:37', 8, NULL, 0, 1),
(122, 5, 26, 122, '2023-24', 14000, 0, 0, 0, 0, NULL, '2024-04-18 09:03:05', 8, NULL, 0, 1),
(123, 5, 26, 123, '2023-24', 14000, 0, 0, 0, 0, NULL, '2024-04-18 09:07:53', 8, NULL, 0, 1),
(124, 5, 26, 124, '2023-24', 14000, 0, 0, 0, 0, NULL, '2024-04-18 09:10:16', 8, NULL, 0, 1),
(125, 5, 26, 125, '2023-24', 14000, 0, 0, 0, 0, NULL, '2024-04-18 09:20:22', 8, NULL, 0, 1),
(126, 5, 26, 126, '2023-24', 14000, 0, 0, 0, 0, NULL, '2024-04-18 09:22:15', 8, NULL, 0, 1),
(127, 5, 26, 127, '2023-24', 14000, 0, 0, 0, 0, NULL, '2024-04-18 09:24:25', 8, NULL, 0, 1),
(128, 5, 26, 128, '2023-24', 14000, 0, 0, 0, 0, NULL, '2024-04-18 09:26:32', 8, NULL, 0, 1),
(129, 5, 26, 129, '2023-24', 14000, 0, 0, 0, 0, NULL, '2024-04-18 09:28:20', 8, NULL, 0, 1),
(130, 5, 26, 130, '2023-24', 14000, 0, 0, 0, 0, NULL, '2024-04-18 09:29:57', 8, NULL, 0, 1),
(131, 5, 26, 131, '2023-24', 14000, 0, 0, 0, 0, NULL, '2024-04-18 09:31:29', 8, NULL, 0, 1),
(132, 5, 26, 132, '2023-24', 14000, 0, 0, 0, 0, NULL, '2024-04-18 09:33:10', 8, NULL, 0, 1),
(133, 5, 26, 133, '2023-24', 14000, 0, 0, 0, 0, NULL, '2024-04-18 09:35:32', 8, NULL, 0, 1),
(134, 5, 26, 134, '2023-24', 14000, 0, 0, 0, 0, NULL, '2024-04-18 09:37:35', 8, NULL, 0, 1),
(135, 5, 26, 135, '2023-24', 14000, 0, 0, 0, 0, NULL, '2024-04-18 09:39:08', 8, NULL, 0, 1),
(136, 5, 26, 136, '2023-24', 14000, 0, 0, 0, 0, NULL, '2024-04-18 09:40:45', 8, NULL, 0, 1),
(137, 5, 23, 137, '2023-24', 0, 0, 0, 0, 0, NULL, '2024-04-19 03:58:31', 8, NULL, 0, 1),
(138, 5, 23, 138, '2023-24', 0, 0, 0, 0, 0, NULL, '2024-04-19 09:23:07', 8, NULL, 0, 1),
(139, 5, 23, 139, '2023-24', 0, 0, 0, 0, 0, NULL, '2024-04-19 09:25:00', 8, NULL, 0, 1),
(140, 5, 23, 140, '2023-24', 0, 0, 0, 0, 0, NULL, '2024-04-19 09:26:57', 8, NULL, 0, 1),
(141, 5, 23, 141, '2023-24', 0, 0, 0, 0, 0, NULL, '2024-04-19 09:33:54', 8, NULL, 0, 1),
(142, 5, 23, 142, '2023-24', 0, 0, 0, 0, 0, NULL, '2024-04-19 09:37:19', 8, NULL, 0, 1),
(143, 5, 23, 143, '2023-24', 0, 0, 0, 0, 0, NULL, '2024-04-19 09:39:05', 8, NULL, 0, 1),
(144, 5, 23, 144, '2023-24', 0, 0, 0, 0, 0, NULL, '2024-04-19 09:40:50', 8, NULL, 0, 1),
(145, 5, 23, 145, '2023-24', 0, 0, 0, 0, 0, NULL, '2024-04-19 09:45:49', 8, NULL, 0, 1),
(146, 5, 23, 146, '2023-24', 0, 0, 0, 0, 0, NULL, '2024-04-19 09:47:49', 8, NULL, 0, 1),
(147, 5, 23, 147, '2023-24', 0, 0, 0, 0, 0, NULL, '2024-04-19 09:49:50', 8, NULL, 0, 1),
(148, 5, 23, 148, '2023-24', 0, 0, 0, 0, 0, NULL, '2024-04-19 09:51:49', 8, NULL, 0, 1),
(149, 5, 23, 149, '2023-24', 0, 0, 0, 0, 0, NULL, '2024-04-19 09:53:38', 8, NULL, 0, 1),
(150, 5, 23, 150, '2023-24', 0, 0, 0, 0, 0, NULL, '2024-04-19 09:55:24', 8, NULL, 0, 1),
(151, 5, 23, 151, '2023-24', 0, 0, 0, 0, 0, NULL, '2024-04-19 09:57:58', 8, NULL, 0, 1),
(152, 5, 23, 152, '2023-24', 0, 0, 0, 0, 0, NULL, '2024-04-19 10:00:43', 8, NULL, 0, 1),
(153, 5, 23, 153, '2023-24', 0, 0, 0, 0, 0, NULL, '2024-04-19 10:02:54', 8, NULL, 0, 1),
(154, 5, 23, 154, '2023-24', 0, 0, 0, 0, 0, NULL, '2024-04-19 10:11:14', 8, NULL, 0, 1),
(155, 5, 23, 155, '2023-24', 0, 0, 0, 0, 0, NULL, '2024-04-19 10:15:08', 8, NULL, 0, 1),
(156, 5, 23, 156, '2023-24', 0, 0, 0, 0, 0, NULL, '2024-04-19 10:19:14', 8, NULL, 0, 1),
(157, 5, 23, 157, '2023-24', 0, 0, 0, 0, 0, NULL, '2024-04-19 10:24:22', 8, NULL, 0, 1),
(158, 5, 23, 158, '2023-24', 0, 0, 0, 0, 0, NULL, '2024-04-19 10:49:47', 8, NULL, 0, 1),
(159, 5, 23, 159, '2023-24', 0, 0, 0, 0, 0, NULL, '2024-04-19 10:51:32', 8, NULL, 0, 1),
(160, 5, 23, 160, '2023-24', 0, 0, 0, 0, 0, NULL, '2024-04-19 10:53:23', 8, NULL, 0, 1),
(161, 5, 23, 161, '2023-24', 0, 0, 0, 0, 0, NULL, '2024-04-19 10:55:16', 8, NULL, 0, 1),
(162, 5, 23, 162, '2023-24', 0, 0, 0, 0, 0, NULL, '2024-04-19 10:56:57', 8, NULL, 0, 1),
(163, 5, 23, 163, '2023-24', 0, 0, 0, 0, 0, NULL, '2024-04-19 10:58:38', 8, NULL, 0, 1),
(164, 5, 23, 164, '2023-24', 0, 0, 0, 0, 0, NULL, '2024-04-19 11:06:03', 8, NULL, 0, 1),
(165, 5, 23, 165, '2023-24', 0, 0, 0, 0, 0, NULL, '2024-04-19 11:08:54', 8, NULL, 0, 1),
(166, 5, 23, 166, '2023-24', 0, 0, 0, 0, 0, NULL, '2024-04-19 11:11:24', 8, NULL, 0, 1),
(167, 5, 23, 167, '2023-24', 0, 0, 0, 0, 0, NULL, '2024-04-19 11:13:26', 8, NULL, 0, 1),
(168, 5, 23, 168, '2023-24', 0, 0, 0, 0, 0, NULL, '2024-04-19 11:14:58', 8, NULL, 0, 1),
(169, 5, 23, 169, '2023-24', 0, 0, 0, 0, 0, NULL, '2024-04-19 11:16:48', 8, NULL, 0, 1),
(170, 5, 23, 170, '2023-24', 0, 0, 0, 0, 0, NULL, '2024-04-19 11:18:31', 8, NULL, 0, 1),
(171, 5, 25, 171, '2023-24', 0, 0, 0, 0, 0, NULL, '2024-04-19 11:26:52', 8, NULL, 0, 1),
(172, 5, 25, 172, '2023-24', 0, 0, 0, 0, 0, NULL, '2024-04-19 11:30:20', 8, NULL, 0, 1),
(173, 5, 25, 173, '2023-24', 0, 0, 0, 0, 0, NULL, '2024-04-19 11:32:31', 8, NULL, 0, 1),
(174, 5, 25, 174, '2023-24', 0, 0, 0, 0, 0, NULL, '2024-04-19 11:49:14', 8, NULL, 0, 1),
(175, 5, 25, 175, '2023-24', 0, 0, 0, 0, 0, NULL, '2024-04-19 11:51:07', 8, NULL, 0, 1),
(176, 5, 25, 176, '2023-24', 0, 0, 0, 0, 0, NULL, '2024-04-19 11:52:57', 8, NULL, 0, 1),
(177, 5, 25, 177, '2023-24', 0, 0, 0, 0, 0, NULL, '2024-04-19 11:55:28', 8, NULL, 0, 1),
(178, 5, 25, 178, '2023-24', 0, 0, 0, 0, 0, NULL, '2024-04-19 11:57:21', 8, NULL, 0, 1),
(179, 5, 25, 179, '2023-24', 0, 0, 0, 0, 0, NULL, '2024-04-19 12:00:18', 8, NULL, 0, 1),
(180, 5, 25, 180, '2023-24', 0, 0, 0, 0, 0, NULL, '2024-04-19 12:02:10', 8, NULL, 0, 1),
(181, 5, 25, 181, '2023-24', 0, 0, 0, 0, 0, NULL, '2024-04-19 12:05:16', 8, NULL, 0, 1),
(182, 5, 25, 182, '2023-24', 0, 0, 0, 0, 0, NULL, '2024-04-20 01:46:25', 8, NULL, 0, 1),
(183, 5, 25, 183, '2023-24', 0, 0, 0, 0, 0, NULL, '2024-04-20 01:48:22', 8, NULL, 0, 1),
(184, 5, 25, 184, '2023-24', 0, 0, 0, 0, 0, NULL, '2024-04-20 01:49:51', 8, NULL, 0, 1),
(185, 5, 25, 185, '2023-24', 0, 0, 0, 0, 0, NULL, '2024-04-20 01:51:54', 8, NULL, 0, 1),
(186, 5, 25, 186, '2023-24', 0, 0, 0, 0, 0, NULL, '2024-04-20 01:53:41', 8, NULL, 0, 1),
(187, 5, 25, 187, '2023-24', 0, 0, 0, 0, 0, NULL, '2024-04-20 01:56:16', 8, NULL, 0, 1),
(188, 5, 25, 188, '2023-24', 0, 0, 0, 0, 0, NULL, '2024-04-20 02:06:28', 8, NULL, 0, 1),
(189, 5, 25, 189, '2023-24', 0, 0, 0, 0, 0, NULL, '2024-04-20 02:10:48', 8, NULL, 0, 1),
(190, 5, 25, 190, '2023-24', 0, 0, 0, 0, 0, NULL, '2024-04-20 02:13:38', 8, NULL, 0, 1),
(191, 5, 25, 191, '2023-24', 0, 0, 0, 0, 0, NULL, '2024-04-20 02:15:30', 8, NULL, 0, 1),
(192, 5, 25, 192, '2023-24', 0, 0, 0, 0, 0, NULL, '2024-04-20 02:17:08', 8, NULL, 0, 1),
(193, 5, 25, 193, '2023-24', 0, 0, 0, 0, 0, NULL, '2024-04-20 02:20:06', 8, NULL, 0, 1),
(194, 5, 25, 194, '2023-24', 0, 0, 0, 0, 0, NULL, '2024-04-20 02:22:19', 8, NULL, 0, 1),
(195, 5, 25, 195, '2023-24', 0, 0, 0, 0, 0, NULL, '2024-04-20 02:24:06', 8, NULL, 0, 1),
(196, 5, 25, 196, '2023-24', 0, 0, 0, 0, 0, NULL, '2024-04-20 02:26:11', 8, NULL, 0, 1),
(197, 5, 25, 197, '2023-24', 0, 0, 0, 0, 0, NULL, '2024-04-20 02:27:52', 8, NULL, 0, 1),
(198, 5, 25, 198, '2023-24', 0, 0, 0, 0, 0, NULL, '2024-04-20 02:30:59', 8, NULL, 0, 1),
(199, 5, 25, 199, '2023-24', 0, 0, 0, 0, 0, NULL, '2024-04-20 02:32:30', 8, NULL, 0, 1),
(200, 5, 25, 200, '2023-24', 0, 0, 0, 0, 0, NULL, '2024-04-20 02:34:11', 8, NULL, 0, 1),
(201, 5, 25, 201, '2023-24', 0, 0, 0, 0, 0, NULL, '2024-04-20 02:36:06', 8, NULL, 0, 1),
(202, 5, 25, 202, '2023-24', 0, 0, 0, 0, 0, NULL, '2024-04-20 02:38:40', 8, NULL, 0, 1),
(203, 5, 25, 203, '2023-24', 0, 0, 0, 0, 0, NULL, '2024-04-20 02:42:05', 8, NULL, 0, 1),
(204, 5, 25, 204, '2023-24', 0, 0, 0, 0, 0, NULL, '2024-04-20 02:44:09', 8, NULL, 0, 1),
(205, 5, 25, 205, '2023-24', 0, 0, 0, 0, 0, NULL, '2024-04-20 02:46:37', 8, NULL, 0, 1),
(206, 5, 25, 206, '2023-24', 0, 0, 0, 0, 0, NULL, '2024-04-20 02:49:12', 8, NULL, 0, 1),
(207, 5, 25, 207, '2023-24', 0, 0, 0, 0, 0, NULL, '2024-04-20 02:51:13', 8, NULL, 0, 1),
(208, 5, 25, 208, '2023-24', 0, 0, 0, 0, 0, NULL, '2024-04-20 02:52:40', 8, NULL, 0, 1),
(209, 5, 23, 209, '2023-24', 0, 0, 0, 0, 0, NULL, '2024-04-20 11:15:36', 8, NULL, 0, 1),
(210, 5, 23, 210, '2023-24', 0, 0, 0, 0, 0, NULL, '2024-04-20 11:20:14', 8, NULL, 0, 1),
(211, 5, 23, 211, '2023-24', 0, 0, 0, 0, 0, NULL, '2024-04-20 11:22:05', 8, NULL, 0, 1),
(212, 5, 23, 212, '2023-24', 0, 0, 0, 0, 0, NULL, '2024-04-20 11:23:30', 8, NULL, 0, 1),
(213, 5, 23, 213, '2023-24', 0, 0, 0, 0, 0, NULL, '2024-04-20 11:25:11', 8, NULL, 0, 1),
(214, 5, 23, 214, '2023-24', 0, 0, 0, 0, 0, NULL, '2024-04-20 11:27:54', 8, NULL, 0, 1),
(215, 5, 23, 215, '2023-24', 0, 0, 0, 0, 0, NULL, '2024-04-20 11:30:12', 8, NULL, 0, 1),
(216, 5, 23, 216, '2023-24', 0, 0, 0, 0, 0, NULL, '2024-04-20 11:31:49', 8, NULL, 0, 1),
(217, 5, 23, 217, '2023-24', 0, 0, 0, 0, 0, NULL, '2024-04-20 11:34:57', 8, NULL, 0, 1),
(218, 5, 23, 218, '2023-24', 0, 0, 0, 0, 0, NULL, '2024-04-20 11:36:31', 8, NULL, 0, 1),
(219, 5, 23, 219, '2023-24', 0, 0, 0, 0, 0, NULL, '2024-04-20 11:52:32', 8, NULL, 0, 1),
(220, 5, 23, 220, '2023-24', 0, 0, 0, 0, 0, NULL, '2024-04-20 11:54:20', 8, NULL, 0, 1),
(221, 5, 23, 221, '2023-24', 0, 0, 0, 0, 0, NULL, '2024-04-20 11:56:26', 8, NULL, 0, 1),
(222, 5, 23, 222, '2023-24', 0, 0, 0, 0, 0, NULL, '2024-04-20 11:58:11', 8, NULL, 0, 1),
(223, 5, 23, 223, '2023-24', 0, 0, 0, 0, 0, NULL, '2024-04-20 12:00:18', 8, NULL, 0, 1),
(224, 5, 23, 224, '2023-24', 0, 0, 0, 0, 0, NULL, '2024-04-20 12:05:43', 8, NULL, 0, 1),
(225, 5, 23, 225, '2023-24', 0, 0, 0, 0, 0, NULL, '2024-04-20 12:08:27', 8, NULL, 0, 1),
(226, 5, 23, 226, '2023-24', 0, 0, 0, 0, 0, NULL, '2024-04-20 12:10:23', 8, NULL, 0, 1),
(227, 5, 23, 227, '2023-24', 0, 0, 0, 0, 0, NULL, '2024-04-24 06:43:42', 8, NULL, 0, 1),
(228, 5, 23, 228, '2023-24', 0, 0, 0, 0, 0, NULL, '2024-04-24 06:45:18', 8, NULL, 0, 1),
(229, 5, 23, 229, '2023-24', 0, 0, 0, 0, 0, NULL, '2024-04-24 06:46:42', 8, NULL, 0, 1),
(230, 5, 23, 230, '2023-24', 0, 0, 0, 0, 0, NULL, '2024-04-24 06:48:49', 8, NULL, 0, 1),
(231, 5, 23, 231, '2023-24', 0, 0, 0, 0, 0, NULL, '2024-04-24 06:50:27', 8, NULL, 0, 1),
(232, 5, 23, 232, '2023-24', 0, 0, 0, 0, 0, NULL, '2024-04-24 06:56:08', 8, NULL, 0, 1),
(233, 5, 23, 233, '2023-24', 0, 0, 0, 0, 0, NULL, '2024-04-25 05:07:53', 8, NULL, 0, 1),
(234, 5, 23, 234, '2023-24', 0, 0, 0, 0, 0, NULL, '2024-04-25 05:14:31', 8, NULL, 0, 1),
(235, 5, 23, 235, '2023-24', 0, 0, 0, 0, 0, NULL, '2024-04-25 05:16:09', 8, NULL, 0, 1),
(236, 5, 23, 236, '2023-24', 0, 0, 0, 0, 0, NULL, '2024-04-25 05:20:06', 8, NULL, 0, 1),
(237, 5, 23, 237, '2023-24', 0, 0, 0, 0, 0, NULL, '2024-04-25 05:23:38', 8, NULL, 0, 1),
(238, 5, 23, 238, '2023-24', 0, 0, 0, 0, 0, NULL, '2024-04-25 05:35:19', 8, NULL, 0, 1),
(239, 5, 23, 239, '2023-24', 0, 0, 0, 0, 0, NULL, '2024-04-25 05:36:55', 8, NULL, 0, 1),
(240, 5, 23, 240, '2023-24', 0, 0, 0, 0, 0, NULL, '2024-04-25 05:38:07', 8, NULL, 0, 1),
(241, 5, 26, 241, '2023-24', 14000, 11000, 0, 0, 0, '2024-06-04 05:09:43', '2024-04-25 05:43:54', 8, '2024-06-04 05:09:43', 0, 1),
(242, 11, 20, 242, '2024-25', 16500, 0, 0, 0, 0, NULL, '2024-05-04 03:57:59', 8, NULL, 0, 1),
(243, 11, 24, 3, '2024-25', 0, 0, 0, 0, 0, NULL, '2024-05-04 04:00:21', 8, NULL, 0, 1),
(244, 11, 24, 4, '2024-25', 0, 0, 0, 0, 0, NULL, '2024-05-04 04:00:21', 8, NULL, 0, 1),
(245, 11, 24, 5, '2024-25', 0, 0, 0, 0, 0, NULL, '2024-05-04 04:00:21', 8, NULL, 0, 1),
(246, 11, 24, 6, '2024-25', 0, 0, 0, 0, 0, NULL, '2024-05-04 04:00:21', 8, NULL, 0, 1),
(247, 11, 24, 7, '2024-25', 0, 0, 0, 0, 0, NULL, '2024-05-04 04:00:21', 8, NULL, 0, 1),
(248, 11, 24, 8, '2024-25', 0, 0, 0, 0, 0, NULL, '2024-05-04 04:00:21', 8, NULL, 0, 1),
(249, 11, 24, 9, '2024-25', 0, 0, 0, 0, 0, NULL, '2024-05-04 04:00:21', 8, NULL, 0, 1),
(250, 11, 24, 10, '2024-25', 0, 0, 0, 0, 0, NULL, '2024-05-04 04:00:21', 8, NULL, 0, 1),
(251, 11, 24, 11, '2024-25', 0, 0, 0, 0, 0, NULL, '2024-05-04 04:00:21', 8, NULL, 0, 1),
(252, 11, 24, 12, '2024-25', 0, 0, 0, 0, 0, NULL, '2024-05-04 04:00:21', 8, NULL, 0, 1),
(253, 11, 24, 13, '2024-25', 0, 0, 0, 0, 0, NULL, '2024-05-04 04:00:21', 8, NULL, 0, 1),
(254, 11, 24, 14, '2024-25', 0, 0, 0, 0, 0, NULL, '2024-05-04 04:00:21', 8, NULL, 0, 1),
(255, 11, 24, 15, '2024-25', 0, 0, 0, 0, 0, NULL, '2024-05-04 04:00:21', 8, NULL, 0, 1),
(256, 11, 24, 16, '2024-25', 0, 0, 0, 0, 0, NULL, '2024-05-04 04:00:21', 8, NULL, 0, 1),
(257, 11, 24, 17, '2024-25', 0, 0, 0, 0, 0, NULL, '2024-05-04 04:00:21', 8, NULL, 0, 1),
(258, 11, 24, 18, '2024-25', 0, 0, 0, 0, 0, NULL, '2024-05-04 04:00:21', 8, NULL, 0, 1),
(259, 11, 24, 19, '2024-25', 0, 0, 0, 0, 0, NULL, '2024-05-04 04:00:21', 8, NULL, 0, 1),
(260, 11, 24, 20, '2024-25', 0, 0, 0, 0, 0, NULL, '2024-05-04 04:00:21', 8, NULL, 0, 1),
(261, 11, 24, 21, '2024-25', 0, 0, 0, 0, 0, NULL, '2024-05-04 04:00:21', 8, NULL, 0, 1),
(262, 11, 24, 22, '2024-25', 0, 0, 0, 0, 0, NULL, '2024-05-04 04:00:21', 8, NULL, 0, 1),
(263, 11, 24, 23, '2024-25', 0, 0, 0, 0, 0, NULL, '2024-05-04 04:00:21', 8, NULL, 0, 1),
(264, 11, 24, 24, '2024-25', 0, 0, 0, 0, 0, NULL, '2024-05-04 04:00:21', 8, NULL, 0, 1),
(265, 11, 24, 25, '2024-25', 0, 0, 0, 0, 0, NULL, '2024-05-04 04:00:21', 8, NULL, 0, 1),
(266, 11, 24, 26, '2024-25', 0, 0, 0, 0, 0, NULL, '2024-05-04 04:00:21', 8, NULL, 0, 1),
(267, 11, 24, 27, '2024-25', 0, 0, 0, 0, 0, NULL, '2024-05-04 04:00:21', 8, NULL, 0, 1),
(268, 11, 24, 28, '2024-25', 0, 0, 0, 0, 0, NULL, '2024-05-04 04:00:21', 8, NULL, 0, 1),
(269, 11, 24, 29, '2024-25', 0, 0, 0, 0, 0, NULL, '2024-05-04 04:00:21', 8, NULL, 0, 1),
(270, 11, 24, 30, '2024-25', 0, 0, 0, 0, 0, NULL, '2024-05-04 04:00:21', 8, NULL, 0, 1),
(271, 11, 24, 31, '2024-25', 0, 0, 0, 0, 0, NULL, '2024-05-04 04:00:21', 8, NULL, 0, 1),
(272, 11, 24, 32, '2024-25', 0, 0, 0, 0, 0, NULL, '2024-05-04 04:00:21', 8, NULL, 0, 1),
(273, 11, 24, 33, '2024-25', 0, 0, 0, 0, 0, NULL, '2024-05-04 04:00:21', 8, NULL, 0, 1),
(274, 11, 24, 34, '2024-25', 0, 0, 0, 0, 0, NULL, '2024-05-04 04:00:21', 8, NULL, 0, 1),
(275, 11, 24, 35, '2024-25', 0, 0, 0, 0, 0, NULL, '2024-05-04 04:00:21', 8, NULL, 0, 1),
(276, 11, 24, 36, '2024-25', 0, 0, 0, 0, 0, NULL, '2024-05-04 04:00:21', 8, NULL, 0, 1),
(277, 11, 24, 37, '2024-25', 0, 0, 0, 0, 0, NULL, '2024-05-04 04:00:21', 8, NULL, 0, 1),
(278, 11, 24, 38, '2024-25', 0, 0, 0, 0, 0, NULL, '2024-05-04 04:00:21', 8, NULL, 0, 1),
(279, 11, 24, 39, '2024-25', 0, 0, 0, 0, 0, NULL, '2024-05-04 04:00:21', 8, NULL, 0, 1),
(280, 11, 24, 171, '2024-25', 0, 0, 0, 0, 0, NULL, '2024-05-04 04:00:21', 8, NULL, 0, 1),
(281, 11, 24, 172, '2024-25', 0, 0, 0, 0, 0, NULL, '2024-05-04 04:02:12', 8, NULL, 0, 1),
(282, 11, 24, 173, '2024-25', 0, 0, 0, 0, 0, NULL, '2024-05-04 04:02:12', 8, NULL, 0, 1),
(283, 11, 24, 174, '2024-25', 0, 0, 0, 0, 0, NULL, '2024-05-04 04:02:12', 8, NULL, 0, 1),
(284, 11, 24, 175, '2024-25', 0, 0, 0, 0, 0, NULL, '2024-05-04 04:02:12', 8, NULL, 0, 1),
(285, 11, 24, 176, '2024-25', 0, 0, 0, 0, 0, NULL, '2024-05-04 04:02:12', 8, NULL, 0, 1),
(286, 11, 24, 177, '2024-25', 0, 0, 0, 0, 0, NULL, '2024-05-04 04:02:12', 8, NULL, 0, 1),
(287, 11, 24, 178, '2024-25', 0, 0, 0, 0, 0, NULL, '2024-05-04 04:02:12', 8, NULL, 0, 1),
(288, 11, 24, 179, '2024-25', 0, 0, 0, 0, 0, NULL, '2024-05-04 04:02:12', 8, NULL, 0, 1),
(289, 11, 24, 180, '2024-25', 0, 0, 0, 0, 0, NULL, '2024-05-04 04:02:12', 8, NULL, 0, 1),
(290, 11, 24, 181, '2024-25', 0, 0, 0, 0, 0, NULL, '2024-05-04 04:02:12', 8, NULL, 0, 1),
(291, 11, 24, 182, '2024-25', 0, 0, 0, 0, 0, NULL, '2024-05-04 04:02:12', 8, NULL, 0, 1),
(292, 11, 24, 183, '2024-25', 0, 0, 0, 0, 0, NULL, '2024-05-04 04:02:12', 8, NULL, 0, 1),
(293, 11, 24, 184, '2024-25', 0, 0, 0, 0, 0, NULL, '2024-05-04 04:02:12', 8, NULL, 0, 1),
(294, 11, 24, 185, '2024-25', 0, 0, 0, 0, 0, NULL, '2024-05-04 04:02:12', 8, NULL, 0, 1),
(295, 11, 24, 186, '2024-25', 0, 0, 0, 0, 0, NULL, '2024-05-04 04:02:12', 8, NULL, 0, 1),
(296, 11, 24, 187, '2024-25', 0, 0, 0, 0, 0, NULL, '2024-05-04 04:02:12', 8, NULL, 0, 1),
(297, 11, 24, 188, '2024-25', 0, 0, 0, 0, 0, NULL, '2024-05-04 04:02:12', 8, NULL, 0, 1),
(298, 11, 24, 189, '2024-25', 0, 0, 0, 0, 0, NULL, '2024-05-04 04:02:12', 8, NULL, 0, 1),
(299, 11, 24, 190, '2024-25', 0, 0, 0, 0, 0, NULL, '2024-05-04 04:02:12', 8, NULL, 0, 1),
(300, 11, 24, 191, '2024-25', 0, 0, 0, 0, 0, NULL, '2024-05-04 04:02:12', 8, NULL, 0, 1),
(301, 11, 24, 192, '2024-25', 0, 0, 0, 0, 0, NULL, '2024-05-04 04:02:12', 8, NULL, 0, 1),
(302, 11, 24, 193, '2024-25', 0, 0, 0, 0, 0, NULL, '2024-05-04 04:02:12', 8, NULL, 0, 1),
(303, 11, 24, 194, '2024-25', 0, 0, 0, 0, 0, NULL, '2024-05-04 04:02:12', 8, NULL, 0, 1),
(304, 11, 24, 195, '2024-25', 0, 0, 0, 0, 0, NULL, '2024-05-04 04:02:12', 8, NULL, 0, 1),
(305, 11, 24, 196, '2024-25', 0, 0, 0, 0, 0, NULL, '2024-05-04 04:02:12', 8, NULL, 0, 1),
(306, 11, 24, 197, '2024-25', 0, 0, 0, 0, 0, NULL, '2024-05-04 04:02:12', 8, NULL, 0, 1),
(307, 11, 24, 198, '2024-25', 0, 0, 0, 0, 0, NULL, '2024-05-04 04:02:12', 8, NULL, 0, 1),
(308, 11, 24, 199, '2024-25', 0, 0, 0, 0, 0, NULL, '2024-05-04 04:02:12', 8, NULL, 0, 1),
(309, 11, 24, 200, '2024-25', 0, 0, 0, 0, 0, NULL, '2024-05-04 04:02:12', 8, NULL, 0, 1),
(310, 11, 24, 201, '2024-25', 0, 0, 0, 0, 0, NULL, '2024-05-04 04:02:12', 8, NULL, 0, 1),
(311, 11, 24, 202, '2024-25', 0, 0, 0, 0, 0, NULL, '2024-05-04 04:02:12', 8, NULL, 0, 1),
(312, 11, 24, 203, '2024-25', 0, 0, 0, 0, 0, NULL, '2024-05-04 04:02:12', 8, NULL, 0, 1),
(313, 11, 24, 204, '2024-25', 0, 0, 0, 0, 0, NULL, '2024-05-04 04:02:12', 8, NULL, 0, 1),
(314, 11, 24, 205, '2024-25', 0, 0, 0, 0, 0, NULL, '2024-05-04 04:02:12', 8, NULL, 0, 1),
(315, 11, 24, 206, '2024-25', 0, 0, 0, 0, 0, NULL, '2024-05-04 04:02:12', 8, NULL, 0, 1),
(316, 11, 24, 207, '2024-25', 0, 0, 0, 0, 0, NULL, '2024-05-04 04:02:12', 8, NULL, 0, 1),
(317, 11, 24, 208, '2024-25', 0, 0, 0, 0, 0, NULL, '2024-05-04 04:02:12', 8, NULL, 0, 1),
(318, 11, 22, 137, '2024-25', 0, 0, 0, 0, 0, NULL, '2024-05-04 04:12:29', 8, NULL, 0, 1),
(319, 11, 22, 138, '2024-25', 0, 0, 0, 0, 0, NULL, '2024-05-04 04:12:29', 8, NULL, 0, 1),
(320, 11, 22, 139, '2024-25', 0, 0, 0, 0, 0, NULL, '2024-05-04 04:12:29', 8, NULL, 0, 1),
(321, 11, 22, 140, '2024-25', 0, 0, 0, 0, 0, NULL, '2024-05-04 04:12:29', 8, NULL, 0, 1),
(322, 11, 22, 141, '2024-25', 0, 0, 0, 0, 0, NULL, '2024-05-04 04:12:29', 8, NULL, 0, 1),
(323, 11, 22, 142, '2024-25', 0, 0, 0, 0, 0, NULL, '2024-05-04 04:12:29', 8, NULL, 0, 1),
(324, 11, 22, 143, '2024-25', 0, 0, 0, 0, 0, NULL, '2024-05-04 04:12:29', 8, NULL, 0, 1),
(325, 11, 22, 144, '2024-25', 0, 0, 0, 0, 0, NULL, '2024-05-04 04:12:29', 8, NULL, 0, 1),
(326, 11, 22, 145, '2024-25', 0, 0, 0, 0, 0, NULL, '2024-05-04 04:12:29', 8, NULL, 0, 1),
(327, 11, 22, 146, '2024-25', 0, 0, 0, 0, 0, NULL, '2024-05-04 04:12:29', 8, NULL, 0, 1),
(328, 11, 22, 147, '2024-25', 0, 0, 0, 0, 0, NULL, '2024-05-04 04:12:29', 8, NULL, 0, 1),
(329, 11, 22, 148, '2024-25', 0, 0, 0, 0, 0, NULL, '2024-05-04 04:12:29', 8, NULL, 0, 1),
(330, 11, 22, 149, '2024-25', 0, 0, 0, 0, 0, NULL, '2024-05-04 04:12:29', 8, NULL, 0, 1),
(331, 11, 22, 150, '2024-25', 0, 0, 0, 0, 0, NULL, '2024-05-04 04:12:29', 8, NULL, 0, 1),
(332, 11, 22, 151, '2024-25', 0, 0, 0, 0, 0, NULL, '2024-05-04 04:12:29', 8, NULL, 0, 1),
(333, 11, 22, 152, '2024-25', 0, 0, 0, 0, 0, NULL, '2024-05-04 04:12:29', 8, NULL, 0, 1),
(334, 11, 22, 153, '2024-25', 0, 0, 0, 0, 0, NULL, '2024-05-04 04:12:29', 8, NULL, 0, 1),
(335, 11, 22, 154, '2024-25', 0, 0, 0, 0, 0, NULL, '2024-05-04 04:12:29', 8, NULL, 0, 1),
(336, 11, 22, 155, '2024-25', 0, 0, 0, 0, 0, NULL, '2024-05-04 04:12:29', 8, NULL, 0, 1),
(337, 11, 22, 156, '2024-25', 0, 0, 0, 0, 0, NULL, '2024-05-04 04:12:29', 8, NULL, 0, 1),
(338, 11, 22, 157, '2024-25', 0, 0, 0, 0, 0, NULL, '2024-05-04 04:12:29', 8, NULL, 0, 1),
(339, 11, 22, 158, '2024-25', 0, 0, 0, 0, 0, NULL, '2024-05-04 04:12:29', 8, NULL, 0, 1),
(340, 11, 22, 159, '2024-25', 0, 0, 0, 0, 0, NULL, '2024-05-04 04:12:29', 8, NULL, 0, 1),
(341, 11, 22, 160, '2024-25', 0, 0, 0, 0, 0, NULL, '2024-05-04 04:12:29', 8, NULL, 0, 1),
(342, 11, 22, 161, '2024-25', 0, 0, 0, 0, 0, NULL, '2024-05-04 04:12:29', 8, NULL, 0, 1),
(343, 11, 22, 162, '2024-25', 0, 0, 0, 0, 0, NULL, '2024-05-04 04:12:29', 8, NULL, 0, 1),
(344, 11, 22, 163, '2024-25', 0, 0, 0, 0, 0, NULL, '2024-05-04 04:12:29', 8, NULL, 0, 1),
(345, 11, 22, 164, '2024-25', 0, 0, 0, 0, 0, NULL, '2024-05-04 04:12:29', 8, NULL, 0, 1),
(346, 11, 22, 165, '2024-25', 0, 0, 0, 0, 0, NULL, '2024-05-04 04:12:29', 8, NULL, 0, 1),
(347, 11, 22, 166, '2024-25', 0, 0, 0, 0, 0, NULL, '2024-05-04 04:12:29', 8, NULL, 0, 1),
(348, 11, 22, 167, '2024-25', 0, 0, 0, 0, 0, NULL, '2024-05-04 04:12:29', 8, NULL, 0, 1),
(349, 11, 22, 168, '2024-25', 0, 0, 0, 0, 0, NULL, '2024-05-04 04:12:29', 8, NULL, 0, 1),
(350, 11, 22, 169, '2024-25', 0, 0, 0, 0, 0, NULL, '2024-05-04 04:12:29', 8, NULL, 0, 1),
(351, 11, 22, 170, '2024-25', 0, 0, 0, 0, 0, NULL, '2024-05-04 04:12:29', 8, NULL, 0, 1),
(352, 11, 22, 209, '2024-25', 0, 0, 0, 0, 0, NULL, '2024-05-04 04:13:21', 8, NULL, 0, 1),
(353, 11, 22, 210, '2024-25', 0, 0, 0, 0, 0, NULL, '2024-05-04 04:13:21', 8, NULL, 0, 1),
(354, 11, 22, 211, '2024-25', 0, 0, 0, 0, 0, NULL, '2024-05-04 04:13:21', 8, NULL, 0, 1),
(355, 11, 22, 212, '2024-25', 0, 0, 0, 0, 0, NULL, '2024-05-04 04:13:21', 8, NULL, 0, 1),
(356, 11, 22, 213, '2024-25', 0, 0, 0, 0, 0, NULL, '2024-05-04 04:13:21', 8, NULL, 0, 1),
(357, 11, 22, 214, '2024-25', 0, 0, 0, 0, 0, NULL, '2024-05-04 04:13:21', 8, NULL, 0, 1),
(358, 11, 22, 215, '2024-25', 0, 0, 0, 0, 0, NULL, '2024-05-04 04:13:21', 8, NULL, 0, 1),
(359, 11, 22, 216, '2024-25', 0, 0, 0, 0, 0, NULL, '2024-05-04 04:13:21', 8, NULL, 0, 1),
(360, 11, 22, 217, '2024-25', 0, 0, 0, 0, 0, NULL, '2024-05-04 04:13:21', 8, NULL, 0, 1),
(361, 11, 22, 218, '2024-25', 0, 0, 0, 0, 0, NULL, '2024-05-04 04:13:21', 8, NULL, 0, 1),
(362, 11, 22, 219, '2024-25', 0, 0, 0, 0, 0, NULL, '2024-05-04 04:13:22', 8, NULL, 0, 1),
(363, 11, 22, 220, '2024-25', 0, 0, 0, 0, 0, NULL, '2024-05-04 04:13:22', 8, NULL, 0, 1),
(364, 11, 22, 221, '2024-25', 0, 0, 0, 0, 0, NULL, '2024-05-04 04:13:22', 8, NULL, 0, 1),
(365, 11, 22, 222, '2024-25', 0, 0, 0, 0, 0, NULL, '2024-05-04 04:13:22', 8, NULL, 0, 1),
(366, 11, 22, 223, '2024-25', 0, 0, 0, 0, 0, NULL, '2024-05-04 04:13:22', 8, NULL, 0, 1),
(367, 11, 22, 224, '2024-25', 0, 0, 0, 0, 0, NULL, '2024-05-04 04:13:22', 8, NULL, 0, 1),
(368, 11, 22, 225, '2024-25', 0, 0, 0, 0, 0, NULL, '2024-05-04 04:13:22', 8, NULL, 0, 1),
(369, 11, 22, 226, '2024-25', 0, 0, 0, 0, 0, NULL, '2024-05-04 04:13:22', 8, NULL, 0, 1),
(370, 11, 22, 227, '2024-25', 0, 0, 0, 0, 0, NULL, '2024-05-04 04:13:22', 8, NULL, 0, 1),
(371, 11, 22, 228, '2024-25', 0, 0, 0, 0, 0, NULL, '2024-05-04 04:13:22', 8, NULL, 0, 1),
(372, 11, 22, 229, '2024-25', 0, 0, 0, 0, 0, NULL, '2024-05-04 04:13:22', 8, NULL, 0, 1),
(373, 11, 22, 230, '2024-25', 0, 0, 0, 0, 0, NULL, '2024-05-04 04:13:22', 8, NULL, 0, 1),
(374, 11, 22, 231, '2024-25', 0, 0, 0, 0, 0, NULL, '2024-05-04 04:13:22', 8, NULL, 0, 1),
(375, 11, 22, 232, '2024-25', 0, 0, 0, 0, 0, NULL, '2024-05-04 04:13:22', 8, NULL, 0, 1),
(376, 11, 22, 233, '2024-25', 0, 0, 0, 0, 0, NULL, '2024-05-04 04:13:22', 8, NULL, 0, 1),
(377, 11, 22, 234, '2024-25', 0, 0, 0, 0, 0, NULL, '2024-05-04 04:13:22', 8, NULL, 0, 1),
(378, 11, 22, 235, '2024-25', 0, 0, 0, 0, 0, NULL, '2024-05-04 04:13:22', 8, NULL, 0, 1),
(379, 11, 22, 236, '2024-25', 0, 0, 0, 0, 0, NULL, '2024-05-04 04:13:22', 8, NULL, 0, 1),
(380, 11, 22, 237, '2024-25', 0, 0, 0, 0, 0, NULL, '2024-05-04 04:13:22', 8, NULL, 0, 1),
(381, 11, 22, 238, '2024-25', 0, 0, 0, 0, 0, NULL, '2024-05-04 04:13:22', 8, NULL, 0, 1),
(382, 11, 22, 239, '2024-25', 0, 0, 0, 0, 0, NULL, '2024-05-04 04:13:22', 8, NULL, 0, 1),
(383, 11, 22, 240, '2024-25', 0, 0, 0, 0, 0, NULL, '2024-05-04 04:13:22', 8, NULL, 0, 1),
(384, 11, 20, 67, '2024-25', 0, 0, 0, 0, 0, NULL, '2024-05-04 04:13:56', 8, NULL, 0, 1),
(385, 11, 20, 68, '2024-25', 0, 0, 0, 0, 0, NULL, '2024-05-04 04:13:56', 8, NULL, 0, 1),
(386, 11, 20, 69, '2024-25', 0, 0, 0, 0, 0, NULL, '2024-05-04 04:13:56', 8, NULL, 0, 1),
(387, 11, 20, 70, '2024-25', 0, 0, 0, 0, 0, NULL, '2024-05-04 04:13:56', 8, NULL, 0, 1),
(388, 11, 20, 71, '2024-25', 0, 0, 0, 0, 0, NULL, '2024-05-04 04:13:56', 8, NULL, 0, 1),
(389, 11, 20, 72, '2024-25', 0, 0, 0, 0, 0, NULL, '2024-05-04 04:13:56', 8, NULL, 0, 1),
(390, 11, 20, 73, '2024-25', 0, 0, 0, 0, 0, NULL, '2024-05-04 04:13:56', 8, NULL, 0, 1),
(391, 11, 20, 74, '2024-25', 0, 0, 0, 0, 0, NULL, '2024-05-04 04:13:56', 8, NULL, 0, 1),
(392, 11, 20, 75, '2024-25', 0, 0, 0, 0, 0, NULL, '2024-05-04 04:13:56', 8, NULL, 0, 1),
(393, 11, 20, 76, '2024-25', 0, 0, 0, 0, 0, NULL, '2024-05-04 04:13:56', 8, NULL, 0, 1),
(394, 11, 20, 77, '2024-25', 0, 0, 0, 0, 0, NULL, '2024-05-04 04:13:56', 8, NULL, 0, 1),
(395, 11, 20, 78, '2024-25', 0, 0, 0, 0, 0, NULL, '2024-05-04 04:13:56', 8, NULL, 0, 1),
(396, 11, 20, 79, '2024-25', 0, 0, 0, 0, 0, NULL, '2024-05-04 04:13:56', 8, NULL, 0, 1),
(397, 11, 20, 80, '2024-25', 0, 0, 0, 0, 0, NULL, '2024-05-04 04:13:56', 8, NULL, 0, 1),
(398, 11, 20, 81, '2024-25', 0, 0, 0, 0, 0, NULL, '2024-05-04 04:13:56', 8, NULL, 0, 1),
(399, 11, 20, 82, '2024-25', 0, 0, 0, 0, 0, NULL, '2024-05-04 04:13:56', 8, NULL, 0, 1),
(400, 11, 20, 83, '2024-25', 0, 0, 0, 0, 0, NULL, '2024-05-04 04:13:56', 8, NULL, 0, 1),
(401, 11, 20, 84, '2024-25', 0, 0, 0, 0, 0, NULL, '2024-05-04 04:13:56', 8, NULL, 0, 1),
(402, 11, 20, 85, '2024-25', 0, 0, 0, 0, 0, NULL, '2024-05-04 04:13:56', 8, NULL, 0, 1),
(403, 11, 20, 86, '2024-25', 0, 0, 0, 0, 0, NULL, '2024-05-04 04:13:56', 8, NULL, 0, 1),
(404, 11, 20, 87, '2024-25', 0, 0, 0, 0, 0, NULL, '2024-05-04 04:13:56', 8, NULL, 0, 1),
(405, 11, 20, 88, '2024-25', 0, 0, 0, 0, 0, NULL, '2024-05-04 04:13:56', 8, NULL, 0, 1),
(406, 11, 20, 89, '2024-25', 0, 0, 0, 0, 0, NULL, '2024-05-04 04:13:56', 8, NULL, 0, 1),
(407, 11, 20, 90, '2024-25', 0, 0, 0, 0, 0, NULL, '2024-05-04 04:13:56', 8, NULL, 0, 1),
(408, 11, 20, 91, '2024-25', 0, 0, 0, 0, 0, NULL, '2024-05-04 04:13:56', 8, NULL, 0, 1),
(409, 11, 20, 92, '2024-25', 0, 0, 0, 0, 0, NULL, '2024-05-04 04:13:56', 8, NULL, 0, 1),
(410, 11, 20, 93, '2024-25', 0, 0, 0, 0, 0, NULL, '2024-05-04 04:13:56', 8, NULL, 0, 1),
(411, 11, 20, 94, '2024-25', 0, 0, 0, 0, 0, NULL, '2024-05-04 04:13:56', 8, NULL, 0, 1),
(412, 11, 20, 95, '2024-25', 0, 0, 0, 0, 0, NULL, '2024-05-04 04:13:56', 8, NULL, 0, 1),
(413, 11, 20, 96, '2024-25', 0, 0, 0, 0, 0, NULL, '2024-05-04 04:13:56', 8, NULL, 0, 1),
(414, 11, 25, 241, '2024-25', 0, 0, 0, 0, 0, NULL, '2024-05-04 04:16:58', 8, NULL, 0, 1),
(415, 11, 25, 97, '2024-25', 0, 0, 0, 0, 0, NULL, '2024-05-04 04:17:29', 8, NULL, 0, 1),
(416, 11, 25, 98, '2024-25', 0, 0, 0, 0, 0, NULL, '2024-05-04 04:17:29', 8, NULL, 0, 1),
(417, 11, 25, 99, '2024-25', 0, 0, 0, 0, 0, NULL, '2024-05-04 04:17:29', 8, NULL, 0, 1),
(418, 11, 25, 100, '2024-25', 0, 0, 0, 0, 0, NULL, '2024-05-04 04:17:29', 8, NULL, 0, 1),
(419, 11, 25, 101, '2024-25', 0, 0, 0, 0, 0, NULL, '2024-05-04 04:17:29', 8, NULL, 0, 1),
(420, 11, 25, 102, '2024-25', 0, 0, 0, 0, 0, NULL, '2024-05-04 04:17:29', 8, NULL, 0, 1),
(421, 11, 25, 103, '2024-25', 0, 0, 0, 0, 0, NULL, '2024-05-04 04:17:29', 8, NULL, 0, 1),
(422, 11, 25, 104, '2024-25', 0, 0, 0, 0, 0, NULL, '2024-05-04 04:17:29', 8, NULL, 0, 1),
(423, 11, 25, 105, '2024-25', 0, 0, 0, 0, 0, NULL, '2024-05-04 04:17:29', 8, NULL, 0, 1),
(424, 11, 25, 106, '2024-25', 0, 0, 0, 0, 0, NULL, '2024-05-04 04:17:29', 8, NULL, 0, 1),
(425, 11, 25, 107, '2024-25', 0, 0, 0, 0, 0, NULL, '2024-05-04 04:17:29', 8, NULL, 0, 1),
(426, 11, 25, 108, '2024-25', 0, 0, 0, 0, 0, NULL, '2024-05-04 04:17:29', 8, NULL, 0, 1),
(427, 11, 25, 109, '2024-25', 0, 0, 0, 0, 0, NULL, '2024-05-04 04:17:29', 8, NULL, 0, 1),
(428, 11, 25, 110, '2024-25', 0, 0, 0, 0, 0, NULL, '2024-05-04 04:17:29', 8, NULL, 0, 1),
(429, 11, 25, 111, '2024-25', 0, 0, 0, 0, 0, NULL, '2024-05-04 04:17:29', 8, NULL, 0, 1),
(430, 11, 25, 112, '2024-25', 0, 0, 0, 0, 0, NULL, '2024-05-04 04:17:29', 8, NULL, 0, 1),
(431, 11, 25, 113, '2024-25', 0, 0, 0, 0, 0, NULL, '2024-05-04 04:17:29', 8, NULL, 0, 1),
(432, 11, 25, 114, '2024-25', 0, 0, 0, 0, 0, NULL, '2024-05-04 04:17:29', 8, NULL, 0, 1),
(433, 11, 25, 115, '2024-25', 0, 0, 0, 0, 0, NULL, '2024-05-04 04:17:29', 8, NULL, 0, 1),
(434, 11, 25, 116, '2024-25', 0, 0, 0, 0, 0, NULL, '2024-05-04 04:17:29', 8, NULL, 0, 1),
(435, 11, 25, 117, '2024-25', 0, 0, 0, 0, 0, NULL, '2024-05-04 04:17:29', 8, NULL, 0, 1),
(436, 11, 25, 118, '2024-25', 0, 0, 0, 0, 0, NULL, '2024-05-04 04:17:29', 8, NULL, 0, 1),
(437, 11, 25, 119, '2024-25', 0, 0, 0, 0, 0, NULL, '2024-05-04 04:17:29', 8, NULL, 0, 1),
(438, 11, 25, 120, '2024-25', 0, 0, 0, 0, 0, NULL, '2024-05-04 04:17:29', 8, NULL, 0, 1),
(439, 11, 25, 121, '2024-25', 0, 0, 0, 0, 0, NULL, '2024-05-04 04:17:29', 8, NULL, 0, 1),
(440, 11, 25, 122, '2024-25', 0, 0, 0, 0, 0, NULL, '2024-05-04 04:17:29', 8, NULL, 0, 1),
(441, 11, 25, 123, '2024-25', 0, 0, 0, 0, 0, NULL, '2024-05-04 04:17:29', 8, NULL, 0, 1),
(442, 11, 25, 124, '2024-25', 0, 0, 0, 0, 0, NULL, '2024-05-04 04:17:29', 8, NULL, 0, 1),
(443, 11, 25, 125, '2024-25', 0, 0, 0, 0, 0, NULL, '2024-05-04 04:17:29', 8, NULL, 0, 1),
(444, 11, 25, 126, '2024-25', 0, 0, 0, 0, 0, NULL, '2024-05-04 04:17:29', 8, NULL, 0, 1),
(445, 11, 25, 127, '2024-25', 0, 0, 0, 0, 0, NULL, '2024-05-04 04:17:29', 8, NULL, 0, 1),
(446, 11, 25, 128, '2024-25', 0, 0, 0, 0, 0, NULL, '2024-05-04 04:17:29', 8, NULL, 0, 1),
(447, 11, 25, 129, '2024-25', 0, 0, 0, 0, 0, NULL, '2024-05-04 04:17:29', 8, NULL, 0, 1),
(448, 11, 25, 130, '2024-25', 0, 0, 0, 0, 0, NULL, '2024-05-04 04:17:29', 8, NULL, 0, 1),
(449, 11, 25, 131, '2024-25', 0, 0, 0, 0, 0, NULL, '2024-05-04 04:17:29', 8, NULL, 0, 1),
(450, 11, 25, 132, '2024-25', 0, 0, 0, 0, 0, NULL, '2024-05-04 04:17:29', 8, NULL, 0, 1),
(451, 11, 25, 133, '2024-25', 0, 0, 0, 0, 0, NULL, '2024-05-04 04:17:29', 8, NULL, 0, 1),
(452, 11, 25, 134, '2024-25', 0, 0, 0, 0, 0, NULL, '2024-05-04 04:17:29', 8, NULL, 0, 1),
(453, 11, 25, 135, '2024-25', 0, 0, 0, 0, 0, NULL, '2024-05-04 04:17:29', 8, NULL, 0, 1),
(454, 11, 25, 136, '2024-25', 0, 0, 0, 0, 0, NULL, '2024-05-04 04:17:29', 8, NULL, 0, 1),
(455, 11, 19, 40, '2024-25', 0, 0, 0, 0, 0, NULL, '2024-05-04 04:24:43', 8, NULL, 0, 1),
(456, 11, 19, 41, '2024-25', 0, 0, 0, 0, 0, NULL, '2024-05-04 04:24:43', 8, NULL, 0, 1),
(457, 11, 19, 42, '2024-25', 0, 0, 0, 0, 0, NULL, '2024-05-04 04:24:43', 8, NULL, 0, 1),
(458, 11, 19, 43, '2024-25', 0, 0, 0, 0, 0, NULL, '2024-05-04 04:24:43', 8, NULL, 0, 1),
(459, 11, 19, 44, '2024-25', 0, 0, 0, 0, 0, NULL, '2024-05-04 04:24:43', 8, NULL, 0, 1),
(460, 11, 19, 45, '2024-25', 0, 0, 0, 0, 0, NULL, '2024-05-04 04:24:43', 8, NULL, 0, 1),
(461, 11, 19, 46, '2024-25', 0, 0, 0, 0, 0, NULL, '2024-05-04 04:24:43', 8, NULL, 0, 1),
(462, 11, 19, 47, '2024-25', 0, 0, 0, 0, 0, NULL, '2024-05-04 04:24:43', 8, NULL, 0, 1),
(463, 11, 19, 48, '2024-25', 0, 0, 0, 0, 0, NULL, '2024-05-04 04:24:43', 8, NULL, 0, 1),
(464, 11, 19, 49, '2024-25', 0, 0, 0, 0, 0, NULL, '2024-05-04 04:24:43', 8, NULL, 0, 1),
(465, 11, 19, 50, '2024-25', 0, 0, 0, 0, 0, NULL, '2024-05-04 04:24:43', 8, NULL, 0, 1),
(466, 11, 19, 51, '2024-25', 0, 0, 0, 0, 0, NULL, '2024-05-04 04:24:43', 8, NULL, 0, 1),
(467, 11, 19, 52, '2024-25', 0, 0, 0, 0, 0, NULL, '2024-05-04 04:24:43', 8, NULL, 0, 1),
(468, 11, 19, 53, '2024-25', 0, 0, 0, 0, 0, NULL, '2024-05-04 04:24:43', 8, NULL, 0, 1),
(469, 11, 19, 54, '2024-25', 0, 0, 0, 0, 0, NULL, '2024-05-04 04:24:43', 8, NULL, 0, 1),
(470, 11, 19, 55, '2024-25', 0, 0, 0, 0, 0, NULL, '2024-05-04 04:24:43', 8, NULL, 0, 1),
(471, 11, 19, 56, '2024-25', 0, 0, 0, 0, 0, NULL, '2024-05-04 04:24:43', 8, NULL, 0, 1),
(472, 11, 19, 57, '2024-25', 0, 0, 0, 0, 0, NULL, '2024-05-04 04:24:43', 8, NULL, 0, 1),
(473, 11, 19, 58, '2024-25', 0, 0, 0, 0, 0, NULL, '2024-05-04 04:24:43', 8, NULL, 0, 1),
(474, 11, 19, 59, '2024-25', 0, 0, 0, 0, 0, NULL, '2024-05-04 04:24:43', 8, NULL, 0, 1),
(475, 11, 19, 60, '2024-25', 0, 0, 0, 0, 0, NULL, '2024-05-04 04:24:43', 8, NULL, 0, 1),
(476, 11, 19, 61, '2024-25', 0, 0, 0, 0, 0, NULL, '2024-05-04 04:24:43', 8, NULL, 0, 1),
(477, 11, 19, 62, '2024-25', 0, 0, 0, 0, 0, NULL, '2024-05-04 04:24:43', 8, NULL, 0, 1),
(478, 11, 19, 63, '2024-25', 0, 0, 0, 0, 0, NULL, '2024-05-04 04:24:43', 8, NULL, 0, 1),
(479, 11, 19, 64, '2024-25', 0, 0, 0, 0, 0, NULL, '2024-05-04 04:24:43', 8, NULL, 0, 1),
(480, 11, 19, 65, '2024-25', 0, 0, 0, 0, 0, NULL, '2024-05-04 04:24:43', 8, NULL, 0, 1),
(481, 11, 19, 66, '2024-25', 0, 0, 0, 0, 0, NULL, '2024-05-04 04:24:43', 8, NULL, 0, 1),
(482, 11, 25, 243, '2024-25', 15500, 10000, 0, 0, 0, '2024-05-25 07:57:04', '2024-05-04 04:54:43', 8, '2024-05-25 07:57:04', 0, 1),
(483, 11, 25, 244, '2024-25', 15500, 0, 0, 0, 0, NULL, '2024-05-04 04:57:35', 8, NULL, 0, 1),
(484, 11, 25, 245, '2024-25', 15500, 0, 0, 0, 0, NULL, '2024-05-04 04:59:12', 8, NULL, 0, 1),
(485, 11, 25, 246, '2024-25', 15500, 0, 0, 0, 0, NULL, '2024-05-04 05:01:33', 8, NULL, 0, 1),
(486, 11, 25, 247, '2024-25', 15500, 0, 0, 0, 0, NULL, '2024-05-04 05:04:01', 8, NULL, 0, 1),
(487, 11, 25, 248, '2024-25', 15500, 0, 0, 0, 0, NULL, '2024-05-04 05:29:16', 8, NULL, 0, 1),
(488, 11, 25, 249, '2024-25', 15500, 0, 0, 0, 0, NULL, '2024-05-04 05:30:53', 8, NULL, 0, 1),
(489, 11, 25, 250, '2024-25', 15500, 0, 0, 0, 0, NULL, '2024-05-04 05:32:15', 8, NULL, 0, 1),
(490, 11, 25, 251, '2024-25', 15500, 0, 0, 0, 0, NULL, '2024-05-04 05:46:24', 8, NULL, 0, 1),
(491, 11, 25, 252, '2024-25', 15500, 0, 0, 0, 0, NULL, '2024-05-04 05:49:01', 8, NULL, 0, 1),
(492, 11, 25, 253, '2024-25', 15500, 0, 0, 0, 0, NULL, '2024-05-04 06:53:57', 8, NULL, 0, 1),
(493, 11, 25, 254, '2024-25', 15500, 0, 0, 0, 0, NULL, '2024-05-04 06:55:40', 8, NULL, 0, 1),
(494, 11, 25, 255, '2024-25', 15500, 0, 0, 0, 0, NULL, '2024-05-04 06:57:53', 8, NULL, 0, 1),
(495, 11, 25, 256, '2024-25', 15500, 0, 0, 0, 0, NULL, '2024-05-04 06:59:50', 8, NULL, 0, 1),
(496, 11, 25, 257, '2024-25', 15500, 0, 0, 0, 0, NULL, '2024-05-04 07:05:04', 8, NULL, 0, 1),
(497, 11, 25, 258, '2024-25', 15500, 0, 0, 0, 0, NULL, '2024-05-04 07:07:03', 8, NULL, 0, 1),
(498, 11, 25, 259, '2024-25', 15500, 0, 0, 0, 0, NULL, '2024-05-04 07:09:11', 8, NULL, 0, 1),
(499, 11, 25, 260, '2024-25', 15500, 0, 0, 0, 0, NULL, '2024-05-04 07:11:49', 8, NULL, 0, 1),
(500, 11, 25, 261, '2024-25', 15500, 0, 0, 0, 0, NULL, '2024-05-04 07:16:11', 8, NULL, 0, 1),
(501, 11, 25, 262, '2024-25', 15500, 0, 0, 0, 0, NULL, '2024-05-04 07:19:39', 8, NULL, 0, 1),
(502, 11, 25, 263, '2024-25', 15500, 0, 0, 0, 0, NULL, '2024-05-04 07:25:14', 8, NULL, 0, 1),
(503, 11, 25, 264, '2024-25', 15500, 0, 0, 0, 0, NULL, '2024-05-04 09:54:46', 8, NULL, 0, 1),
(504, 11, 25, 265, '2024-25', 15500, 0, 0, 0, 0, NULL, '2024-05-04 09:56:49', 8, NULL, 0, 1),
(505, 11, 25, 266, '2024-25', 15500, 0, 0, 0, 0, NULL, '2024-05-04 09:59:51', 8, NULL, 0, 1),
(506, 11, 25, 267, '2024-25', 15500, 0, 0, 0, 0, NULL, '2024-05-04 10:05:44', 8, NULL, 0, 1),
(507, 11, 25, 268, '2024-25', 15500, 0, 0, 0, 0, NULL, '2024-05-04 10:09:17', 8, NULL, 0, 1),
(508, 11, 25, 269, '2024-25', 15500, 0, 0, 0, 0, NULL, '2024-05-04 10:13:26', 8, NULL, 0, 1),
(509, 11, 25, 270, '2024-25', 15500, 0, 0, 0, 0, NULL, '2024-05-04 10:26:55', 8, NULL, 0, 1),
(510, 11, 25, 271, '2024-25', 15500, 0, 0, 0, 0, NULL, '2024-05-04 10:29:34', 8, NULL, 0, 1),
(511, 11, 25, 272, '2024-25', 15500, 0, 0, 0, 0, NULL, '2024-05-04 10:46:54', 8, NULL, 0, 1),
(512, 11, 25, 273, '2024-25', 15500, 0, 0, 0, 0, NULL, '2024-05-04 10:48:38', 8, NULL, 0, 1),
(513, 11, 25, 274, '2024-25', 15500, 0, 0, 0, 0, NULL, '2024-05-04 10:50:24', 8, NULL, 0, 1),
(514, 11, 25, 275, '2024-25', 15500, 0, 0, 0, 0, NULL, '2024-05-04 10:52:22', 8, NULL, 0, 1),
(515, 11, 25, 276, '2024-25', 15500, 0, 0, 0, 0, NULL, '2024-05-04 10:54:44', 8, NULL, 0, 1),
(516, 11, 25, 277, '2024-25', 15500, 0, 0, 0, 0, NULL, '2024-05-04 10:59:02', 8, NULL, 0, 1),
(517, 11, 25, 278, '2024-25', 15500, 0, 0, 0, 0, NULL, '2024-05-04 11:01:12', 8, NULL, 0, 1),
(518, 11, 25, 279, '2024-25', 15500, 0, 0, 0, 0, NULL, '2024-05-04 11:02:43', 8, NULL, 0, 1),
(519, 11, 25, 280, '2024-25', 15500, 0, 0, 0, 0, NULL, '2024-05-04 11:04:18', 8, NULL, 0, 1),
(520, 11, 25, 281, '2024-25', 15500, 0, 0, 0, 0, NULL, '2024-05-04 11:06:58', 8, NULL, 0, 1),
(521, 11, 25, 282, '2024-25', 15500, 0, 0, 0, 0, NULL, '2024-05-04 11:09:13', 8, NULL, 0, 1),
(522, 11, 25, 283, '2024-25', 15500, 0, 0, 0, 0, NULL, '2024-05-04 11:11:40', 8, NULL, 0, 1),
(523, 11, 25, 284, '2024-25', 15500, 0, 0, 0, 0, NULL, '2024-05-04 11:13:45', 8, NULL, 0, 1),
(524, 11, 25, 285, '2024-25', 15500, 0, 0, 0, 0, NULL, '2024-05-04 11:15:11', 8, NULL, 0, 1),
(525, 11, 25, 286, '2024-25', 15500, 0, 0, 0, 0, NULL, '2024-05-04 11:16:48', 8, NULL, 0, 1),
(526, 11, 25, 287, '2024-25', 15500, 0, 0, 0, 0, NULL, '2024-05-04 11:17:55', 8, NULL, 0, 1),
(527, 11, 23, 288, '2024-25', 15500, 0, 0, 0, 0, NULL, '2024-05-11 10:27:29', 8, NULL, 0, 1),
(528, 11, 23, 289, '2024-25', 15500, 0, 0, 0, 0, NULL, '2024-05-11 10:28:59', 8, NULL, 0, 1),
(529, 11, 23, 290, '2024-25', 15500, 0, 0, 0, 0, NULL, '2024-05-11 10:30:17', 8, NULL, 0, 1),
(530, 11, 23, 291, '2024-25', 15500, 0, 0, 0, 0, NULL, '2024-05-11 10:31:27', 8, NULL, 0, 1),
(531, 11, 23, 292, '2024-25', 15500, 0, 0, 0, 0, NULL, '2024-05-11 10:32:46', 8, NULL, 0, 1),
(532, 11, 23, 293, '2024-25', 15500, 0, 0, 0, 0, NULL, '2024-05-11 10:34:09', 8, NULL, 0, 1),
(533, 11, 23, 294, '2024-25', 15500, 0, 0, 0, 0, NULL, '2024-05-11 10:35:38', 8, NULL, 0, 1),
(534, 11, 23, 295, '2024-25', 15500, 0, 0, 0, 0, NULL, '2024-05-11 10:36:46', 8, NULL, 0, 1),
(535, 11, 23, 296, '2024-25', 15500, 0, 0, 0, 0, NULL, '2024-05-11 10:37:47', 8, NULL, 0, 1),
(536, 11, 23, 297, '2024-25', 15500, 0, 0, 0, 0, NULL, '2024-05-11 10:39:01', 8, NULL, 0, 1),
(537, 11, 23, 298, '2024-25', 15500, 0, 0, 0, 0, NULL, '2024-05-11 10:42:35', 8, NULL, 0, 1),
(538, 11, 23, 299, '2024-25', 15500, 0, 0, 0, 0, NULL, '2024-05-11 10:44:11', 8, NULL, 0, 1),
(539, 11, 23, 300, '2024-25', 15500, 0, 0, 0, 0, NULL, '2024-05-11 10:47:09', 8, NULL, 0, 1),
(540, 11, 23, 301, '2024-25', 15500, 0, 0, 0, 0, NULL, '2024-05-11 10:48:40', 8, NULL, 0, 1),
(541, 11, 23, 302, '2024-25', 15500, 0, 0, 0, 0, NULL, '2024-05-11 10:50:24', 8, NULL, 0, 1),
(542, 11, 23, 303, '2024-25', 15500, 0, 0, 0, 0, NULL, '2024-05-11 10:53:23', 8, NULL, 0, 1),
(543, 11, 23, 304, '2024-25', 15500, 0, 0, 0, 0, NULL, '2024-05-11 10:54:45', 8, NULL, 0, 1),
(544, 11, 23, 305, '2024-25', 15500, 0, 0, 0, 0, NULL, '2024-05-11 10:56:09', 8, NULL, 0, 1),
(545, 11, 23, 306, '2024-25', 15500, 0, 0, 0, 0, NULL, '2024-05-11 10:57:46', 8, NULL, 0, 1),
(546, 11, 23, 307, '2024-25', 15500, 0, 0, 0, 0, NULL, '2024-05-11 11:00:03', 8, NULL, 0, 1),
(547, 11, 23, 308, '2024-25', 15500, 0, 0, 0, 0, NULL, '2024-05-11 11:01:54', 8, NULL, 0, 1),
(548, 11, 23, 309, '2024-25', 15500, 0, 0, 0, 0, NULL, '2024-05-11 11:04:02', 8, NULL, 0, 1),
(549, 11, 23, 310, '2024-25', 15500, 0, 0, 0, 0, NULL, '2024-05-11 11:05:30', 8, NULL, 0, 1),
(550, 11, 23, 311, '2024-25', 15500, 0, 0, 0, 0, NULL, '2024-05-11 11:07:08', 8, NULL, 0, 1),
(551, 11, 23, 312, '2024-25', 15500, 0, 0, 0, 0, NULL, '2024-05-11 11:08:27', 8, NULL, 0, 1),
(552, 11, 23, 313, '2024-25', 15500, 0, 0, 0, 0, NULL, '2024-05-11 11:09:36', 8, NULL, 0, 1),
(553, 11, 23, 314, '2024-25', 15500, 0, 0, 0, 0, NULL, '2024-05-11 11:12:24', 8, NULL, 0, 1),
(554, 11, 23, 315, '2024-25', 15500, 0, 0, 0, 0, NULL, '2024-05-11 11:15:09', 8, NULL, 0, 1),
(555, 11, 23, 316, '2024-25', 15500, 0, 0, 0, 0, NULL, '2024-05-11 11:16:14', 8, NULL, 0, 1),
(556, 11, 23, 317, '2024-25', 15500, 0, 0, 0, 0, NULL, '2024-05-11 11:19:54', 8, NULL, 0, 1),
(557, 11, 23, 318, '2024-25', 15500, 0, 0, 0, 0, NULL, '2024-05-11 11:20:59', 8, NULL, 0, 1),
(558, 11, 23, 319, '2024-25', 15500, 0, 0, 0, 0, NULL, '2024-05-11 11:22:24', 8, NULL, 0, 1),
(559, 11, 23, 320, '2024-25', 15500, 0, 0, 0, 0, NULL, '2024-05-11 11:23:56', 8, NULL, 0, 1),
(560, 11, 23, 321, '2024-25', 15500, 0, 0, 0, 0, NULL, '2024-05-11 11:26:46', 8, NULL, 0, 1),
(561, 11, 23, 322, '2024-25', 15500, 0, 0, 0, 0, NULL, '2024-05-11 11:28:08', 8, NULL, 0, 1),
(562, 11, 23, 323, '2024-25', 15500, 0, 0, 0, 0, NULL, '2024-05-11 11:29:19', 8, NULL, 0, 1),
(563, 11, 23, 324, '2024-25', 15500, 0, 0, 0, 0, NULL, '2024-05-11 11:30:27', 8, NULL, 0, 1);
INSERT INTO `payments` (`payment_id`, `session_id`, `class_id`, `student_id`, `academic_year`, `total_amount`, `paid_amount`, `late_fee`, `payment_seq`, `sync`, `sync_at`, `created_at`, `created_by`, `modified_at`, `modified_by`, `statusID`) VALUES
(564, 11, 17, 325, '2024-25', 17500, 0, 0, 0, 0, NULL, '2024-05-13 05:51:49', 8, NULL, 0, 1),
(565, 11, 17, 326, '2024-25', 17500, 0, 0, 0, 0, NULL, '2024-05-13 05:54:27', 8, NULL, 0, 1),
(566, 11, 17, 327, '2024-25', 17500, 0, 0, 0, 0, NULL, '2024-05-13 05:57:07', 8, NULL, 0, 1),
(567, 11, 17, 328, '2024-25', 17500, 0, 0, 0, 0, NULL, '2024-05-13 05:59:29', 8, NULL, 0, 1),
(568, 11, 17, 329, '2024-25', 17500, 0, 0, 0, 0, NULL, '2024-05-13 06:02:11', 8, NULL, 0, 1),
(569, 11, 17, 330, '2024-25', 17500, 0, 0, 0, 0, NULL, '2024-05-13 06:04:24', 8, NULL, 0, 1),
(570, 11, 17, 331, '2024-25', 17500, 0, 0, 0, 0, NULL, '2024-05-13 06:07:32', 8, NULL, 0, 1),
(571, 11, 17, 332, '2024-25', 17500, 0, 0, 0, 0, NULL, '2024-05-13 06:10:06', 8, NULL, 0, 1),
(572, 11, 17, 333, '2024-25', 17500, 0, 0, 0, 0, NULL, '2024-05-13 06:12:21', 8, NULL, 0, 1),
(573, 11, 17, 334, '2024-25', 17500, 0, 0, 0, 0, NULL, '2024-05-13 06:15:16', 8, NULL, 0, 1),
(574, 11, 17, 335, '2024-25', 17500, 0, 0, 0, 0, NULL, '2024-05-13 06:18:59', 8, NULL, 0, 1),
(575, 11, 17, 336, '2024-25', 17500, 0, 0, 0, 0, NULL, '2024-05-13 06:24:26', 8, NULL, 0, 1),
(576, 11, 17, 337, '2024-25', 17500, 0, 0, 0, 0, NULL, '2024-05-13 06:46:37', 8, NULL, 0, 1),
(577, 11, 17, 338, '2024-25', 17500, 0, 0, 0, 0, NULL, '2024-05-13 06:48:21', 8, NULL, 0, 1),
(578, 11, 17, 339, '2024-25', 17500, 0, 0, 0, 0, NULL, '2024-05-13 06:50:14', 8, NULL, 0, 1),
(579, 11, 17, 340, '2024-25', 17500, 0, 0, 0, 0, NULL, '2024-05-13 06:52:57', 8, NULL, 0, 1),
(580, 11, 17, 341, '2024-25', 17500, 0, 0, 0, 0, NULL, '2024-05-13 07:05:50', 8, NULL, 0, 1),
(581, 11, 17, 342, '2024-25', 17500, 0, 0, 0, 0, NULL, '2024-05-13 07:08:16', 8, NULL, 0, 1),
(582, 11, 17, 343, '2024-25', 17500, 0, 0, 0, 0, NULL, '2024-05-13 07:11:17', 8, NULL, 0, 1),
(583, 11, 17, 344, '2024-25', 17500, 0, 0, 0, 0, NULL, '2024-05-13 07:13:49', 8, NULL, 0, 1),
(584, 11, 17, 345, '2024-25', 17500, 0, 0, 0, 0, NULL, '2024-05-14 04:09:38', 8, NULL, 0, 1),
(585, 11, 17, 346, '2024-25', 17500, 0, 0, 0, 0, NULL, '2024-05-14 04:11:27', 8, NULL, 0, 1),
(586, 11, 17, 347, '2024-25', 17500, 0, 0, 0, 0, NULL, '2024-05-14 04:12:52', 8, NULL, 0, 1),
(587, 11, 17, 348, '2024-25', 17500, 0, 0, 0, 0, NULL, '2024-05-14 04:14:52', 8, NULL, 0, 1),
(588, 11, 17, 349, '2024-25', 17500, 0, 0, 0, 0, NULL, '2024-05-14 05:02:18', 8, NULL, 0, 1),
(589, 11, 17, 350, '2024-25', 17500, 0, 0, 0, 0, NULL, '2024-05-14 05:04:14', 8, NULL, 0, 1),
(590, 11, 17, 351, '2024-25', 17500, 0, 0, 0, 0, NULL, '2024-05-14 05:06:44', 8, NULL, 0, 1),
(591, 11, 17, 352, '2024-25', 17500, 0, 0, 0, 0, NULL, '2024-05-14 07:48:07', 8, NULL, 0, 1),
(592, 11, 17, 353, '2024-25', 17500, 0, 0, 0, 0, NULL, '2024-05-14 07:50:14', 8, NULL, 0, 1),
(593, 11, 17, 354, '2024-25', 17500, 0, 0, 0, 0, NULL, '2024-05-14 07:51:52', 8, NULL, 0, 1),
(594, 11, 17, 355, '2024-25', 17500, 0, 0, 0, 0, NULL, '2024-05-14 07:53:24', 8, NULL, 0, 1),
(595, 11, 17, 356, '2024-25', 17500, 0, 0, 0, 0, NULL, '2024-05-14 07:54:57', 8, NULL, 0, 1),
(596, 11, 17, 357, '2024-25', 17500, 0, 0, 0, 0, NULL, '2024-05-14 07:56:30', 8, NULL, 0, 1),
(597, 11, 17, 358, '2024-25', 17500, 0, 0, 0, 0, NULL, '2024-05-14 07:57:48', 8, NULL, 0, 1),
(598, 11, 17, 359, '2024-25', 17500, 0, 0, 0, 0, NULL, '2024-05-14 07:59:48', 8, NULL, 0, 1),
(599, 11, 17, 360, '2024-25', 17500, 0, 0, 0, 0, NULL, '2024-05-14 08:02:34', 8, NULL, 0, 1),
(600, 11, 17, 361, '2024-25', 17500, 0, 0, 0, 0, NULL, '2024-05-14 08:06:23', 8, NULL, 0, 1),
(601, 11, 17, 362, '2024-25', 17500, 0, 0, 0, 0, NULL, '2024-05-14 08:08:18', 8, NULL, 0, 1),
(602, 11, 17, 363, '2024-25', 17500, 0, 0, 0, 0, NULL, '2024-05-14 08:10:05', 8, NULL, 0, 1),
(603, 11, 17, 364, '2024-25', 17500, 0, 0, 0, 0, NULL, '2024-05-14 08:11:32', 8, NULL, 0, 1),
(604, 11, 17, 365, '2024-25', 17500, 0, 0, 0, 0, NULL, '2024-05-14 08:13:14', 8, NULL, 0, 1),
(605, 11, 17, 366, '2024-25', 17500, 0, 0, 0, 0, NULL, '2024-05-14 08:14:52', 8, NULL, 0, 1),
(606, 11, 17, 367, '2024-25', 17500, 0, 0, 0, 0, NULL, '2024-05-14 08:17:51', 8, NULL, 0, 1),
(607, 11, 17, 368, '2024-25', 17500, 0, 0, 0, 0, NULL, '2024-05-14 08:19:24', 8, NULL, 0, 1),
(608, 11, 17, 369, '2024-25', 17500, 0, 0, 0, 0, NULL, '2024-05-14 08:21:01', 8, NULL, 0, 1),
(609, 11, 18, 370, '2024-25', 17500, 0, 0, 0, 0, NULL, '2024-05-14 08:26:39', 8, NULL, 0, 1),
(610, 11, 18, 371, '2024-25', 17500, 0, 0, 0, 0, NULL, '2024-05-14 08:28:15', 8, NULL, 0, 1),
(611, 11, 18, 372, '2024-25', 17500, 0, 0, 0, 0, NULL, '2024-05-14 09:04:24', 8, NULL, 0, 1),
(612, 11, 17, 373, '2024-25', 17500, 0, 0, 0, 0, NULL, '2024-05-14 09:06:33', 8, NULL, 0, 1),
(613, 11, 18, 374, '2024-25', 17500, 0, 0, 0, 0, NULL, '2024-05-14 09:09:18', 8, NULL, 0, 1),
(614, 11, 18, 375, '2024-25', 17500, 0, 0, 0, 0, NULL, '2024-05-14 09:11:26', 8, NULL, 0, 1),
(615, 11, 18, 376, '2024-25', 17500, 0, 0, 0, 0, NULL, '2024-05-14 09:14:22', 8, NULL, 0, 1),
(616, 11, 18, 377, '2024-25', 17500, 0, 0, 0, 0, NULL, '2024-05-14 09:17:02', 8, NULL, 0, 1),
(617, 11, 18, 378, '2024-25', 17500, 0, 0, 0, 0, NULL, '2024-05-14 09:19:18', 8, NULL, 0, 1),
(618, 11, 18, 379, '2024-25', 17500, 0, 0, 0, 0, NULL, '2024-05-14 09:20:49', 8, NULL, 0, 1),
(619, 11, 18, 380, '2024-25', 17500, 0, 0, 0, 0, NULL, '2024-05-14 09:22:32', 8, NULL, 0, 1),
(620, 11, 18, 381, '2024-25', 17500, 0, 0, 0, 0, NULL, '2024-05-14 09:24:17', 8, NULL, 0, 1),
(621, 11, 18, 382, '2024-25', 17500, 0, 0, 0, 0, NULL, '2024-05-14 09:25:38', 8, NULL, 0, 1),
(622, 11, 18, 383, '2024-25', 17500, 0, 0, 0, 0, NULL, '2024-05-14 09:27:28', 8, NULL, 0, 1),
(623, 11, 18, 384, '2024-25', 17500, 0, 0, 0, 0, NULL, '2024-05-14 09:28:50', 8, NULL, 0, 1),
(624, 11, 18, 385, '2024-25', 17500, 0, 0, 0, 0, NULL, '2024-05-14 09:30:16', 8, NULL, 0, 1),
(625, 11, 18, 386, '2024-25', 17500, 0, 0, 0, 0, NULL, '2024-05-14 09:31:27', 8, NULL, 0, 1),
(626, 11, 18, 387, '2024-25', 17500, 0, 0, 0, 0, NULL, '2024-05-14 09:33:53', 8, NULL, 0, 1),
(627, 11, 18, 388, '2024-25', 17500, 0, 0, 0, 0, NULL, '2024-05-14 09:35:15', 8, NULL, 0, 1),
(628, 11, 18, 389, '2024-25', 17500, 0, 0, 0, 0, NULL, '2024-05-14 09:36:46', 8, NULL, 0, 1),
(629, 11, 18, 390, '2024-25', 17500, 0, 0, 0, 0, NULL, '2024-05-14 09:41:45', 8, NULL, 0, 1),
(630, 11, 18, 391, '2024-25', 17500, 0, 0, 0, 0, NULL, '2024-05-14 09:43:17', 8, NULL, 0, 1),
(631, 11, 18, 392, '2024-25', 17500, 0, 0, 0, 0, NULL, '2024-05-14 09:45:41', 8, NULL, 0, 1),
(632, 11, 18, 393, '2024-25', 17500, 0, 0, 0, 0, NULL, '2024-05-14 09:47:08', 8, NULL, 0, 1),
(633, 11, 18, 394, '2024-25', 17500, 0, 0, 0, 0, NULL, '2024-05-14 09:48:29', 8, NULL, 0, 1),
(634, 11, 18, 395, '2024-25', 17500, 0, 0, 0, 0, NULL, '2024-05-14 09:51:11', 8, NULL, 0, 1),
(635, 11, 18, 396, '2024-25', 17500, 0, 0, 0, 0, NULL, '2024-05-14 09:52:36', 8, NULL, 0, 1),
(636, 11, 18, 397, '2024-25', 17500, 0, 0, 0, 0, NULL, '2024-05-14 09:55:04', 8, NULL, 0, 1),
(637, 11, 18, 398, '2024-25', 17500, 0, 0, 0, 0, NULL, '2024-05-14 09:56:25', 8, NULL, 0, 1),
(638, 11, 18, 399, '2024-25', 17500, 0, 0, 0, 0, NULL, '2024-05-14 09:58:18', 8, NULL, 0, 1),
(639, 11, 18, 400, '2024-25', 17500, 0, 0, 0, 0, NULL, '2024-05-14 10:01:18', 8, NULL, 0, 1),
(640, 11, 18, 401, '2024-25', 17500, 0, 0, 0, 0, NULL, '2024-05-14 10:07:57', 8, NULL, 0, 1),
(641, 11, 18, 402, '2024-25', 17500, 0, 0, 0, 0, NULL, '2024-05-14 10:09:31', 8, NULL, 0, 1),
(642, 11, 18, 403, '2024-25', 17500, 0, 0, 0, 0, NULL, '2024-05-14 10:13:57', 8, NULL, 0, 1),
(643, 11, 18, 404, '2024-25', 17500, 0, 0, 0, 0, NULL, '2024-05-14 10:16:52', 8, NULL, 0, 1),
(644, 11, 18, 405, '2024-25', 17500, 0, 0, 0, 0, NULL, '2024-05-14 10:19:05', 8, NULL, 0, 1),
(645, 11, 18, 406, '2024-25', 17500, 0, 0, 0, 0, NULL, '2024-05-14 10:20:28', 8, NULL, 0, 1),
(646, 11, 18, 407, '2024-25', 17500, 0, 0, 0, 0, NULL, '2024-05-14 10:21:58', 8, NULL, 0, 1),
(647, 11, 18, 408, '2024-25', 17500, 0, 0, 0, 0, NULL, '2024-05-14 10:25:19', 8, NULL, 0, 1),
(648, 11, 18, 409, '2024-25', 17500, 0, 0, 0, 0, NULL, '2024-05-14 10:26:46', 8, NULL, 0, 1),
(649, 11, 18, 410, '2024-25', 17500, 0, 0, 0, 0, NULL, '2024-05-14 10:30:11', 8, NULL, 0, 1),
(650, 11, 18, 411, '2024-25', 17500, 0, 0, 0, 0, NULL, '2024-05-14 10:32:20', 8, NULL, 0, 1),
(651, 11, 18, 412, '2024-25', 17500, 0, 0, 0, 0, NULL, '2024-05-14 10:34:07', 8, NULL, 0, 1),
(652, 11, 20, 413, '2024-25', 16500, 0, 0, 0, 0, NULL, '2024-05-15 02:32:51', 8, NULL, 0, 1),
(653, 11, 20, 414, '2024-25', 16500, 0, 0, 0, 0, NULL, '2024-05-15 02:34:44', 8, NULL, 0, 1),
(654, 11, 20, 415, '2024-25', 16500, 0, 0, 0, 0, NULL, '2024-05-15 02:36:21', 8, NULL, 0, 1),
(655, 11, 20, 416, '2024-25', 16500, 0, 0, 0, 0, NULL, '2024-05-15 02:43:28', 8, NULL, 0, 1),
(656, 11, 20, 417, '2024-25', 16500, 0, 0, 0, 0, NULL, '2024-05-15 02:45:44', 8, NULL, 0, 1),
(657, 11, 20, 418, '2024-25', 16500, 0, 0, 0, 0, NULL, '2024-05-15 02:47:38', 8, NULL, 0, 1),
(658, 11, 20, 419, '2024-25', 16500, 0, 0, 0, 0, NULL, '2024-05-15 02:51:03', 8, NULL, 0, 1),
(659, 11, 20, 420, '2024-25', 16500, 0, 0, 0, 0, NULL, '2024-05-15 02:53:00', 8, NULL, 0, 1),
(660, 11, 20, 421, '2024-25', 16500, 0, 0, 0, 0, NULL, '2024-05-15 02:55:10', 8, NULL, 0, 1),
(661, 11, 20, 422, '2024-25', 16500, 0, 0, 0, 0, NULL, '2024-05-15 02:57:22', 8, NULL, 0, 1),
(662, 11, 20, 423, '2024-25', 16500, 0, 0, 0, 0, NULL, '2024-05-15 02:59:06', 8, NULL, 0, 1),
(663, 11, 20, 424, '2024-25', 16500, 0, 0, 0, 0, NULL, '2024-05-15 03:01:03', 8, NULL, 0, 1),
(664, 11, 20, 425, '2024-25', 16500, 0, 0, 0, 0, NULL, '2024-05-15 03:03:29', 8, NULL, 0, 1),
(665, 11, 20, 426, '2024-25', 16500, 0, 0, 0, 0, NULL, '2024-05-15 03:05:21', 8, NULL, 0, 1),
(666, 11, 20, 427, '2024-25', 16500, 0, 0, 0, 0, NULL, '2024-05-15 03:06:52', 8, NULL, 0, 1),
(667, 11, 20, 428, '2024-25', 16500, 0, 0, 0, 0, NULL, '2024-05-15 03:08:46', 8, NULL, 0, 1),
(668, 11, 20, 429, '2024-25', 16500, 0, 0, 0, 0, NULL, '2024-05-15 03:23:53', 8, NULL, 0, 1),
(669, 11, 20, 430, '2024-25', 16500, 0, 0, 0, 0, NULL, '2024-05-15 03:25:47', 8, NULL, 0, 1),
(670, 11, 20, 431, '2024-25', 16500, 0, 0, 0, 0, NULL, '2024-05-15 03:27:43', 8, NULL, 0, 1),
(671, 11, 20, 432, '2024-25', 16500, 0, 0, 0, 0, NULL, '2024-05-15 03:29:15', 8, NULL, 0, 1),
(672, 11, 20, 433, '2024-25', 16500, 0, 0, 0, 0, NULL, '2024-05-15 03:31:11', 8, NULL, 0, 1),
(673, 11, 20, 434, '2024-25', 16500, 0, 0, 0, 0, NULL, '2024-05-15 03:36:29', 8, NULL, 0, 1),
(674, 11, 20, 435, '2024-25', 16500, 0, 0, 0, 0, NULL, '2024-05-15 03:38:34', 8, NULL, 0, 1),
(675, 11, 20, 436, '2024-25', 16500, 0, 0, 0, 0, NULL, '2024-05-15 03:40:45', 8, NULL, 0, 1),
(676, 11, 20, 437, '2024-25', 16500, 0, 0, 0, 0, NULL, '2024-05-15 03:42:30', 8, NULL, 0, 1),
(677, 11, 20, 438, '2024-25', 16500, 0, 0, 0, 0, NULL, '2024-05-15 03:47:09', 8, NULL, 0, 1),
(678, 11, 20, 439, '2024-25', 16500, 0, 0, 0, 0, NULL, '2024-05-15 03:50:59', 8, NULL, 0, 1),
(679, 11, 20, 440, '2024-25', 16500, 0, 0, 0, 0, NULL, '2024-05-15 03:52:27', 8, NULL, 0, 1),
(680, 11, 20, 441, '2024-25', 16500, 0, 0, 0, 0, NULL, '2024-05-15 03:56:52', 8, NULL, 0, 1),
(681, 11, 20, 442, '2024-25', 16500, 0, 0, 0, 0, NULL, '2024-05-15 03:59:16', 8, NULL, 0, 1),
(682, 11, 20, 443, '2024-25', 16500, 0, 0, 0, 0, NULL, '2024-05-15 04:04:05', 8, NULL, 0, 1),
(683, 11, 20, 444, '2024-25', 16500, 0, 0, 0, 0, NULL, '2024-05-15 04:05:56', 8, NULL, 0, 1),
(684, 11, 20, 445, '2024-25', 16500, 0, 0, 0, 0, NULL, '2024-05-15 04:07:24', 8, NULL, 0, 1),
(685, 11, 20, 446, '2024-25', 16500, 0, 0, 0, 0, NULL, '2024-05-15 04:08:49', 8, NULL, 0, 1),
(686, 11, 20, 447, '2024-25', 16500, 0, 0, 0, 0, NULL, '2024-05-15 04:10:31', 8, NULL, 0, 1),
(687, 11, 20, 448, '2024-25', 16500, 0, 0, 0, 0, NULL, '2024-05-15 04:12:37', 8, NULL, 0, 1),
(688, 11, 20, 449, '2024-25', 16500, 0, 0, 0, 0, NULL, '2024-05-15 04:14:58', 8, NULL, 0, 1),
(689, 11, 19, 450, '2024-25', 17500, 0, 0, 0, 0, NULL, '2024-05-15 04:40:10', 8, NULL, 0, 1),
(690, 11, 19, 451, '2024-25', 17500, 0, 0, 0, 0, NULL, '2024-05-15 04:43:57', 8, NULL, 0, 1),
(691, 11, 19, 452, '2024-25', 17500, 0, 0, 0, 0, NULL, '2024-05-15 08:05:23', 8, NULL, 0, 1),
(692, 11, 19, 453, '2024-25', 17500, 0, 0, 0, 0, NULL, '2024-05-15 08:06:45', 8, NULL, 0, 1),
(693, 11, 19, 454, '2024-25', 17500, 0, 0, 0, 0, NULL, '2024-05-15 08:08:22', 8, NULL, 0, 1),
(694, 11, 19, 455, '2024-25', 17500, 0, 0, 0, 0, NULL, '2024-05-15 08:09:43', 8, NULL, 0, 1),
(695, 11, 19, 456, '2024-25', 17500, 0, 0, 0, 0, NULL, '2024-05-15 08:11:12', 8, NULL, 0, 1),
(696, 11, 19, 457, '2024-25', 17500, 0, 0, 0, 0, NULL, '2024-05-15 08:12:25', 8, NULL, 0, 1),
(697, 11, 19, 458, '2024-25', 17500, 0, 0, 0, 0, NULL, '2024-05-15 08:14:04', 8, NULL, 0, 1),
(698, 11, 19, 459, '2024-25', 17500, 0, 0, 0, 0, NULL, '2024-05-15 08:15:30', 8, NULL, 0, 1),
(699, 11, 19, 460, '2024-25', 17500, 0, 0, 0, 0, NULL, '2024-05-15 08:16:42', 8, NULL, 0, 1),
(700, 11, 19, 461, '2024-25', 17500, 0, 0, 0, 0, NULL, '2024-05-15 08:18:48', 8, NULL, 0, 1),
(701, 11, 19, 462, '2024-25', 17500, 0, 0, 0, 0, NULL, '2024-05-15 08:20:11', 8, NULL, 0, 1),
(702, 11, 19, 463, '2024-25', 17500, 0, 0, 0, 0, NULL, '2024-05-15 08:32:43', 8, NULL, 0, 1),
(703, 11, 19, 464, '2024-25', 17500, 0, 0, 0, 0, NULL, '2024-05-15 08:35:01', 8, NULL, 0, 1),
(704, 11, 19, 465, '2024-25', 17500, 0, 0, 0, 0, NULL, '2024-05-15 08:36:13', 8, NULL, 0, 1),
(705, 11, 19, 466, '2024-25', 17500, 0, 0, 0, 0, NULL, '2024-05-15 08:38:08', 8, NULL, 0, 1),
(706, 11, 23, 467, '2024-25', 15500, 15000, 0, 0, 0, '2024-05-30 02:41:59', '2024-05-15 08:41:48', 8, '2024-05-30 02:41:59', 0, 1),
(707, 11, 23, 468, '2024-25', 15500, 0, 0, 0, 0, NULL, '2024-05-15 08:44:12', 8, NULL, 0, 1),
(708, 11, 23, 469, '2024-25', 15500, 0, 0, 0, 0, NULL, '2024-05-15 08:45:23', 8, NULL, 0, 1),
(709, 11, 23, 470, '2024-25', 15500, 0, 0, 0, 0, NULL, '2024-05-15 08:49:21', 8, NULL, 0, 1),
(710, 11, 23, 471, '2024-25', 15500, 0, 0, 0, 0, NULL, '2024-05-15 08:52:20', 8, NULL, 0, 1),
(711, 11, 23, 472, '2024-25', 15500, 0, 0, 0, 0, NULL, '2024-05-15 08:53:40', 8, NULL, 0, 1),
(712, 11, 23, 473, '2024-25', 15500, 0, 0, 0, 0, NULL, '2024-05-15 08:56:10', 8, NULL, 0, 1),
(713, 11, 23, 474, '2024-25', 15500, 0, 0, 0, 0, NULL, '2024-05-15 08:57:16', 8, NULL, 0, 1),
(714, 11, 23, 475, '2024-25', 15500, 0, 0, 0, 0, NULL, '2024-05-15 08:58:29', 8, NULL, 0, 1),
(715, 11, 23, 476, '2024-25', 15500, 0, 0, 0, 0, NULL, '2024-05-15 09:00:17', 8, NULL, 0, 1),
(716, 11, 23, 477, '2024-25', 15500, 0, 0, 0, 0, NULL, '2024-05-15 09:02:35', 8, NULL, 0, 1),
(717, 11, 23, 478, '2024-25', 15500, 0, 0, 0, 0, NULL, '2024-05-15 09:04:04', 8, NULL, 0, 1),
(718, 11, 23, 479, '2024-25', 15500, 0, 0, 0, 0, NULL, '2024-05-15 09:05:51', 8, NULL, 0, 1),
(719, 11, 23, 480, '2024-25', 15500, 0, 0, 0, 0, NULL, '2024-05-15 09:07:16', 8, NULL, 0, 1),
(720, 11, 23, 481, '2024-25', 15500, 0, 0, 0, 0, NULL, '2024-05-15 09:08:38', 8, NULL, 0, 1),
(721, 11, 23, 482, '2024-25', 15500, 0, 0, 0, 0, NULL, '2024-05-15 09:10:54', 8, NULL, 0, 1),
(722, 11, 23, 483, '2024-25', 15500, 0, 0, 0, 0, NULL, '2024-05-15 09:12:52', 8, NULL, 0, 1),
(723, 11, 23, 484, '2024-25', 15500, 0, 0, 0, 0, NULL, '2024-05-15 09:14:03', 8, NULL, 0, 1),
(724, 11, 23, 485, '2024-25', 15500, 0, 0, 0, 0, NULL, '2024-05-15 09:17:15', 8, NULL, 0, 1),
(725, 11, 23, 486, '2024-25', 15500, 0, 0, 0, 0, NULL, '2024-05-15 09:19:37', 8, NULL, 0, 1),
(726, 11, 23, 487, '2024-25', 15500, 0, 0, 0, 0, NULL, '2024-05-15 09:33:50', 8, NULL, 0, 1),
(727, 11, 23, 488, '2024-25', 15500, 0, 0, 0, 0, NULL, '2024-05-15 09:35:10', 8, NULL, 0, 1),
(728, 11, 23, 489, '2024-25', 15500, 0, 0, 0, 0, NULL, '2024-05-15 09:43:55', 8, NULL, 0, 1),
(729, 11, 23, 490, '2024-25', 15500, 0, 0, 0, 0, NULL, '2024-05-15 09:45:10', 8, NULL, 0, 1),
(730, 11, 23, 491, '2024-25', 15500, 0, 0, 0, 0, NULL, '2024-05-15 09:46:20', 8, NULL, 0, 1),
(731, 11, 23, 492, '2024-25', 15500, 0, 0, 0, 0, NULL, '2024-05-15 09:47:58', 8, NULL, 0, 1),
(732, 11, 23, 493, '2024-25', 15500, 0, 0, 0, 0, NULL, '2024-05-15 09:49:38', 8, NULL, 0, 1),
(733, 11, 23, 494, '2024-25', 15500, 0, 0, 0, 0, NULL, '2024-05-15 09:50:59', 8, NULL, 0, 1),
(734, 11, 23, 495, '2024-25', 15500, 0, 0, 0, 0, NULL, '2024-05-15 09:53:01', 8, NULL, 0, 1),
(735, 11, 23, 496, '2024-25', 15500, 0, 0, 0, 0, NULL, '2024-05-15 09:55:55', 8, NULL, 0, 1),
(736, 11, 23, 497, '2024-25', 15500, 0, 0, 0, 0, NULL, '2024-05-15 09:57:46', 8, NULL, 0, 1),
(737, 11, 23, 498, '2024-25', 15500, 0, 0, 0, 0, NULL, '2024-05-15 09:59:02', 8, NULL, 0, 1),
(738, 11, 23, 499, '2024-25', 15500, 0, 0, 0, 0, NULL, '2024-05-15 10:00:17', 8, NULL, 0, 1),
(739, 11, 23, 500, '2024-25', 15500, 0, 0, 0, 0, NULL, '2024-05-15 10:01:17', 8, NULL, 0, 1),
(740, 11, 23, 501, '2024-25', 15500, 0, 0, 0, 0, NULL, '2024-05-15 10:02:27', 8, NULL, 0, 1),
(741, 11, 23, 502, '2024-25', 15500, 0, 0, 0, 0, NULL, '2024-05-15 10:03:37', 8, NULL, 0, 1),
(742, 11, 23, 503, '2024-25', 15500, 0, 0, 0, 0, NULL, '2024-05-15 10:04:38', 8, NULL, 0, 1),
(743, 11, 23, 504, '2024-25', 15500, 0, 0, 0, 0, NULL, '2024-05-15 10:07:07', 8, NULL, 0, 1),
(744, 11, 23, 505, '2024-25', 15500, 0, 0, 0, 0, NULL, '2024-05-15 10:08:24', 8, NULL, 0, 1),
(745, 11, 23, 506, '2024-25', 15500, 0, 0, 0, 0, NULL, '2024-05-15 10:10:28', 8, NULL, 0, 1),
(746, 11, 23, 507, '2024-25', 15500, 0, 0, 0, 0, NULL, '2024-05-15 10:12:35', 8, NULL, 0, 1),
(747, 11, 23, 508, '2024-25', 15500, 0, 0, 0, 0, NULL, '2024-05-15 10:13:58', 8, NULL, 0, 1),
(748, 11, 23, 509, '2024-25', 15500, 0, 0, 0, 0, NULL, '2024-05-15 10:14:58', 8, NULL, 0, 1),
(749, 11, 21, 510, '2024-25', 16500, 0, 0, 0, 0, NULL, '2024-05-16 02:49:40', 8, NULL, 0, 1),
(750, 11, 21, 511, '2024-25', 16500, 0, 0, 0, 0, NULL, '2024-05-16 02:51:14', 8, NULL, 0, 1),
(751, 11, 21, 512, '2024-25', 16500, 0, 0, 0, 0, NULL, '2024-05-16 02:52:45', 8, NULL, 0, 1),
(752, 11, 21, 513, '2024-25', 16500, 0, 0, 0, 0, NULL, '2024-05-16 02:54:33', 8, NULL, 0, 1),
(753, 11, 21, 514, '2024-25', 16500, 0, 0, 0, 0, NULL, '2024-05-16 02:56:26', 8, NULL, 0, 1),
(754, 11, 21, 515, '2024-25', 16500, 0, 0, 0, 0, NULL, '2024-05-16 02:58:12', 8, NULL, 0, 1),
(755, 11, 21, 516, '2024-25', 16500, 0, 0, 0, 0, NULL, '2024-05-16 02:59:54', 8, NULL, 0, 1),
(756, 11, 21, 517, '2024-25', 16500, 0, 0, 0, 0, NULL, '2024-05-16 03:01:15', 8, NULL, 0, 1),
(757, 11, 21, 518, '2024-25', 16500, 0, 0, 0, 0, NULL, '2024-05-16 03:03:26', 8, NULL, 0, 1),
(758, 11, 21, 519, '2024-25', 16500, 0, 0, 0, 0, NULL, '2024-05-16 03:05:02', 8, NULL, 0, 1),
(759, 11, 21, 520, '2024-25', 16500, 0, 0, 0, 0, NULL, '2024-05-16 03:14:59', 8, NULL, 0, 1),
(760, 11, 21, 521, '2024-25', 16500, 0, 0, 0, 0, NULL, '2024-05-16 03:17:40', 8, NULL, 0, 1),
(761, 11, 21, 522, '2024-25', 16500, 0, 0, 0, 0, NULL, '2024-05-16 03:20:06', 8, NULL, 0, 1),
(762, 11, 21, 523, '2024-25', 16500, 0, 0, 0, 0, NULL, '2024-05-16 03:22:16', 8, NULL, 0, 1),
(763, 11, 21, 524, '2024-25', 16500, 0, 0, 0, 0, NULL, '2024-05-16 03:24:37', 8, NULL, 0, 1),
(764, 11, 21, 525, '2024-25', 16500, 0, 0, 0, 0, NULL, '2024-05-16 03:26:57', 8, NULL, 0, 1),
(765, 11, 21, 526, '2024-25', 16500, 0, 0, 0, 0, NULL, '2024-05-16 03:29:24', 8, NULL, 0, 1),
(766, 11, 21, 527, '2024-25', 16500, 0, 0, 0, 0, NULL, '2024-05-16 03:31:38', 8, NULL, 0, 1),
(767, 11, 21, 528, '2024-25', 16500, 0, 0, 0, 0, NULL, '2024-05-16 03:34:02', 8, NULL, 0, 1),
(768, 11, 21, 529, '2024-25', 16500, 0, 0, 0, 0, NULL, '2024-05-16 03:36:10', 8, NULL, 0, 1),
(769, 11, 21, 530, '2024-25', 16500, 0, 0, 0, 0, NULL, '2024-05-16 03:37:29', 8, NULL, 0, 1),
(770, 11, 21, 531, '2024-25', 16500, 0, 0, 0, 0, NULL, '2024-05-16 03:41:08', 8, NULL, 0, 1),
(771, 11, 21, 532, '2024-25', 16500, 0, 0, 0, 0, NULL, '2024-05-16 04:18:37', 8, NULL, 0, 1),
(772, 11, 21, 533, '2024-25', 16500, 0, 0, 0, 0, NULL, '2024-05-16 04:20:50', 8, NULL, 0, 1),
(773, 11, 21, 534, '2024-25', 16500, 0, 0, 0, 0, NULL, '2024-05-16 04:22:28', 8, NULL, 0, 1),
(774, 11, 21, 535, '2024-25', 16500, 0, 0, 0, 0, NULL, '2024-05-16 04:24:04', 8, NULL, 0, 1),
(775, 11, 21, 536, '2024-25', 16500, 0, 0, 0, 0, NULL, '2024-05-16 04:26:26', 8, NULL, 0, 1),
(776, 11, 21, 537, '2024-25', 16500, 0, 0, 0, 0, NULL, '2024-05-16 04:28:30', 8, NULL, 0, 1),
(777, 11, 21, 538, '2024-25', 16500, 0, 0, 0, 0, NULL, '2024-05-16 04:30:17', 8, NULL, 0, 1),
(778, 11, 21, 539, '2024-25', 16500, 0, 0, 0, 0, NULL, '2024-05-16 04:32:11', 8, NULL, 0, 1),
(779, 11, 21, 540, '2024-25', 16500, 0, 0, 0, 0, NULL, '2024-05-16 04:34:34', 8, NULL, 0, 1),
(780, 11, 21, 541, '2024-25', 16500, 0, 0, 0, 0, NULL, '2024-05-16 04:36:05', 8, NULL, 0, 1),
(781, 11, 21, 542, '2024-25', 16500, 0, 0, 0, 0, NULL, '2024-05-16 04:37:33', 8, NULL, 0, 1),
(782, 11, 21, 543, '2024-25', 16500, 0, 0, 0, 0, NULL, '2024-05-16 04:39:22', 8, NULL, 0, 1),
(783, 11, 21, 544, '2024-25', 16500, 0, 0, 0, 0, NULL, '2024-05-16 04:56:21', 8, NULL, 0, 1),
(784, 11, 21, 545, '2024-25', 16500, 0, 0, 0, 0, NULL, '2024-05-16 04:58:45', 8, NULL, 0, 1),
(785, 11, 21, 546, '2024-25', 16500, 0, 0, 0, 0, NULL, '2024-05-16 05:00:19', 8, NULL, 0, 1),
(786, 11, 21, 547, '2024-25', 16500, 0, 0, 0, 0, NULL, '2024-05-16 05:01:31', 8, NULL, 0, 1),
(787, 11, 21, 548, '2024-25', 16500, 0, 0, 0, 0, '2024-05-30 03:26:09', '2024-05-30 02:48:29', 8, '2024-05-30 08:56:09', 8, 1),
(788, 11, 21, 549, '2024-25', 16500, 0, 0, 0, 0, '2024-05-30 03:26:34', '2024-05-30 02:50:40', 8, '2024-05-30 08:56:34', 8, 1),
(789, 11, 21, 550, '2024-25', 16500, 11500, 0, 0, 0, '2024-06-06 05:12:21', '2024-05-30 02:52:55', 8, '2024-06-06 05:12:21', 8, 1),
(790, 11, 21, 551, '2024-25', 16500, 0, 0, 0, 0, '2024-05-30 03:28:53', '2024-05-30 02:55:05', 8, '2024-05-30 08:58:53', 8, 1),
(791, 11, 21, 552, '2024-25', 16500, 0, 0, 0, 0, '2024-05-30 03:29:29', '2024-05-30 02:57:58', 8, '2024-05-30 08:59:29', 8, 1),
(792, 11, 21, 553, '2024-25', 16500, 0, 0, 0, 0, '2024-05-31 03:26:03', '2024-05-30 03:00:32', 8, '2024-05-31 08:56:03', 8, 1),
(793, 11, 21, 554, '2024-25', 16500, 0, 0, 0, 0, '2024-05-31 03:26:33', '2024-05-30 03:04:11', 8, '2024-05-31 08:56:33', 8, 1),
(794, 11, 21, 555, '2024-25', 16500, 0, 0, 0, 0, '2024-05-31 03:27:58', '2024-05-30 03:07:11', 8, '2024-05-31 08:57:58', 8, 1),
(795, 11, 22, 556, '2024-25', 15500, 0, 0, 0, 0, NULL, '2024-05-30 03:09:36', 8, NULL, 0, 1),
(796, 11, 22, 557, '2024-25', 15500, 0, 0, 0, 0, NULL, '2024-05-30 03:11:59', 8, NULL, 0, 1),
(797, 11, 21, 558, '2024-25', 16500, 0, 0, 0, 0, NULL, '2024-05-30 03:20:15', 8, NULL, 0, 1),
(798, 11, 21, 559, '2024-25', 16500, 0, 0, 0, 0, NULL, '2024-05-30 03:25:42', 8, NULL, 0, 1),
(799, 11, 21, 560, '2024-25', 16500, 0, 0, 0, 0, NULL, '2024-05-31 03:25:22', 8, NULL, 0, 1),
(800, 11, 21, 561, '2024-25', 16500, 0, 0, 0, 0, NULL, '2024-05-31 03:33:16', 8, NULL, 0, 1),
(801, 11, 23, 562, '2024-25', 17500, 0, 0, 0, 0, '2024-08-30 13:47:31', '2024-05-31 03:37:08', 8, '2024-08-30 07:17:31', 1, 1),
(802, 11, 21, 563, '2024-25', 16500, 0, 0, 0, 0, NULL, '2024-05-31 03:39:54', 8, NULL, 0, 1),
(803, 11, 25, 564, '2024-25', 15500, 5500, 0, 0, 0, '2024-08-29 14:36:39', '2024-08-29 14:19:34', 1, '2024-08-29 20:06:39', 0, 1),
(804, 11, 25, 565, '2024-25', 16500, 6500, 0, 0, 0, '2024-08-30 13:48:14', '2024-08-30 13:43:16', 1, '2024-08-30 19:18:14', 0, 1),
(805, 14, 24, 243, '2025-26', 0, 0, 0, 0, 0, NULL, '2024-09-01 02:03:52', 1, NULL, 0, 1),
(806, 14, 24, 244, '2025-26', 0, 0, 0, 0, 0, NULL, '2024-09-01 02:03:52', 1, NULL, 0, 1),
(807, 14, 24, 245, '2025-26', 0, 0, 0, 0, 0, NULL, '2024-09-01 02:03:52', 1, NULL, 0, 1),
(808, 14, 24, 246, '2025-26', 0, 0, 0, 0, 0, NULL, '2024-09-01 02:03:52', 1, NULL, 0, 1),
(809, 14, 24, 247, '2025-26', 0, 0, 0, 0, 0, NULL, '2024-09-01 02:03:52', 1, NULL, 0, 1),
(810, 14, 24, 248, '2025-26', 0, 0, 0, 0, 0, NULL, '2024-09-01 02:03:52', 1, NULL, 0, 1),
(811, 14, 24, 249, '2025-26', 0, 0, 0, 0, 0, NULL, '2024-09-01 02:03:52', 1, NULL, 0, 1),
(812, 14, 24, 250, '2025-26', 0, 0, 0, 0, 0, NULL, '2024-09-01 02:03:52', 1, NULL, 0, 1),
(813, 14, 24, 251, '2025-26', 0, 0, 0, 0, 0, NULL, '2024-09-01 02:03:52', 1, NULL, 0, 1),
(814, 14, 24, 252, '2025-26', 0, 0, 0, 0, 0, NULL, '2024-09-01 02:03:52', 1, NULL, 0, 1),
(815, 14, 24, 253, '2025-26', 0, 0, 0, 0, 0, NULL, '2024-09-01 02:03:52', 1, NULL, 0, 1),
(816, 14, 24, 254, '2025-26', 0, 0, 0, 0, 0, NULL, '2024-09-01 02:03:52', 1, NULL, 0, 1),
(817, 14, 24, 255, '2025-26', 0, 0, 0, 0, 0, NULL, '2024-09-01 02:03:52', 1, NULL, 0, 1),
(818, 14, 24, 256, '2025-26', 0, 0, 0, 0, 0, NULL, '2024-09-01 02:03:52', 1, NULL, 0, 1),
(819, 14, 24, 257, '2025-26', 0, 0, 0, 0, 0, NULL, '2024-09-01 02:03:52', 1, NULL, 0, 1),
(820, 14, 24, 258, '2025-26', 0, 0, 0, 0, 0, NULL, '2024-09-01 02:03:52', 1, NULL, 0, 1),
(821, 14, 24, 259, '2025-26', 0, 0, 0, 0, 0, NULL, '2024-09-01 02:03:52', 1, NULL, 0, 1),
(822, 14, 24, 260, '2025-26', 0, 0, 0, 0, 0, NULL, '2024-09-01 02:03:52', 1, NULL, 0, 1),
(823, 14, 24, 261, '2025-26', 0, 0, 0, 0, 0, NULL, '2024-09-01 02:03:52', 1, NULL, 0, 1),
(824, 14, 24, 262, '2025-26', 0, 0, 0, 0, 0, NULL, '2024-09-01 02:03:52', 1, NULL, 0, 1),
(825, 14, 24, 263, '2025-26', 0, 0, 0, 0, 0, NULL, '2024-09-01 02:03:52', 1, NULL, 0, 1),
(826, 14, 24, 264, '2025-26', 0, 0, 0, 0, 0, NULL, '2024-09-01 02:03:52', 1, NULL, 0, 1),
(827, 14, 24, 265, '2025-26', 0, 0, 0, 0, 0, NULL, '2024-09-01 02:03:52', 1, NULL, 0, 1),
(828, 14, 24, 266, '2025-26', 0, 0, 0, 0, 0, NULL, '2024-09-01 02:03:52', 1, NULL, 0, 1),
(829, 14, 24, 267, '2025-26', 0, 0, 0, 0, 0, NULL, '2024-09-01 02:03:52', 1, NULL, 0, 1),
(830, 14, 24, 268, '2025-26', 0, 0, 0, 0, 0, NULL, '2024-09-01 02:03:52', 1, NULL, 0, 1),
(831, 14, 24, 269, '2025-26', 0, 0, 0, 0, 0, NULL, '2024-09-01 02:03:52', 1, NULL, 0, 1),
(832, 14, 24, 270, '2025-26', 0, 0, 0, 0, 0, NULL, '2024-09-01 02:03:52', 1, NULL, 0, 1),
(833, 14, 24, 271, '2025-26', 0, 0, 0, 0, 0, NULL, '2024-09-01 02:03:52', 1, NULL, 0, 1),
(834, 14, 24, 272, '2025-26', 0, 0, 0, 0, 0, NULL, '2024-09-01 02:03:52', 1, NULL, 0, 1),
(835, 14, 24, 273, '2025-26', 0, 0, 0, 0, 0, NULL, '2024-09-01 02:03:52', 1, NULL, 0, 1),
(836, 14, 24, 274, '2025-26', 0, 0, 0, 0, 0, NULL, '2024-09-01 02:03:52', 1, NULL, 0, 1),
(837, 14, 24, 275, '2025-26', 0, 0, 0, 0, 0, NULL, '2024-09-01 02:03:52', 1, NULL, 0, 1),
(838, 14, 24, 276, '2025-26', 0, 0, 0, 0, 0, NULL, '2024-09-01 02:03:52', 1, NULL, 0, 1),
(839, 14, 24, 277, '2025-26', 0, 0, 0, 0, 0, NULL, '2024-09-01 02:03:52', 1, NULL, 0, 1),
(840, 14, 24, 278, '2025-26', 0, 0, 0, 0, 0, NULL, '2024-09-01 02:03:52', 1, NULL, 0, 1),
(841, 14, 24, 279, '2025-26', 0, 0, 0, 0, 0, NULL, '2024-09-01 02:03:52', 1, NULL, 0, 1),
(842, 14, 24, 280, '2025-26', 0, 0, 0, 0, 0, NULL, '2024-09-01 02:03:52', 1, NULL, 0, 1),
(843, 14, 24, 281, '2025-26', 0, 0, 0, 0, 0, NULL, '2024-09-01 02:03:52', 1, NULL, 0, 1),
(844, 14, 24, 282, '2025-26', 0, 0, 0, 0, 0, NULL, '2024-09-01 02:03:52', 1, NULL, 0, 1),
(845, 14, 24, 283, '2025-26', 0, 0, 0, 0, 0, NULL, '2024-09-01 02:03:52', 1, NULL, 0, 1),
(846, 14, 24, 284, '2025-26', 0, 0, 0, 0, 0, NULL, '2024-09-01 02:03:52', 1, NULL, 0, 1),
(847, 14, 24, 285, '2025-26', 0, 0, 0, 0, 0, NULL, '2024-09-01 02:03:52', 1, NULL, 0, 1),
(848, 14, 24, 286, '2025-26', 0, 0, 0, 0, 0, NULL, '2024-09-01 02:03:52', 1, NULL, 0, 1),
(849, 14, 24, 287, '2025-26', 0, 0, 0, 0, 0, NULL, '2024-09-01 02:03:52', 1, NULL, 0, 1),
(850, 14, 24, 564, '2025-26', 0, 0, 0, 0, 0, NULL, '2024-09-01 02:03:52', 1, NULL, 0, 1),
(851, 14, 24, 565, '2025-26', 0, 0, 0, 0, 0, NULL, '2024-09-01 02:03:52', 1, NULL, 0, 1),
(852, 14, 24, 241, '2025-26', 0, 0, 0, 0, 0, NULL, '2024-09-01 02:07:51', 1, NULL, 0, 1),
(853, 14, 24, 105, '2025-26', 0, 0, 0, 0, 0, NULL, '2024-09-01 02:09:14', 1, NULL, 0, 1),
(854, 14, 24, 106, '2025-26', 0, 0, 0, 0, 0, NULL, '2024-09-01 02:09:14', 1, NULL, 0, 1),
(855, 14, 24, 107, '2025-26', 0, 0, 0, 0, 0, NULL, '2024-09-01 02:09:14', 1, NULL, 0, 1),
(856, 14, 24, 108, '2025-26', 0, 0, 0, 0, 0, NULL, '2024-09-01 02:09:14', 1, NULL, 0, 1),
(857, 14, 24, 109, '2025-26', 0, 0, 0, 0, 0, NULL, '2024-09-01 02:09:14', 1, NULL, 0, 1),
(858, 14, 24, 110, '2025-26', 0, 0, 0, 0, 0, NULL, '2024-09-01 02:09:14', 1, NULL, 0, 1),
(859, 14, 24, 111, '2025-26', 0, 0, 0, 0, 0, NULL, '2024-09-01 02:09:14', 1, NULL, 0, 1),
(860, 14, 24, 112, '2025-26', 0, 0, 0, 0, 0, NULL, '2024-09-01 02:09:14', 1, NULL, 0, 1),
(861, 14, 24, 113, '2025-26', 0, 0, 0, 0, 0, NULL, '2024-09-01 02:09:14', 1, NULL, 0, 1),
(862, 14, 24, 114, '2025-26', 0, 0, 0, 0, 0, NULL, '2024-09-01 02:09:14', 1, NULL, 0, 1),
(863, 14, 24, 115, '2025-26', 0, 0, 0, 0, 0, NULL, '2024-09-01 02:09:14', 1, NULL, 0, 1),
(864, 14, 24, 116, '2025-26', 0, 0, 0, 0, 0, NULL, '2024-09-01 02:09:14', 1, NULL, 0, 1),
(865, 14, 24, 117, '2025-26', 0, 0, 0, 0, 0, NULL, '2024-09-01 02:09:14', 1, NULL, 0, 1),
(866, 14, 24, 118, '2025-26', 0, 0, 0, 0, 0, NULL, '2024-09-01 02:09:14', 1, NULL, 0, 1),
(867, 14, 24, 119, '2025-26', 0, 0, 0, 0, 0, NULL, '2024-09-01 02:09:14', 1, NULL, 0, 1),
(868, 14, 24, 120, '2025-26', 0, 0, 0, 0, 0, NULL, '2024-09-01 02:09:14', 1, NULL, 0, 1),
(869, 14, 24, 121, '2025-26', 0, 0, 0, 0, 0, NULL, '2024-09-01 02:09:14', 1, NULL, 0, 1),
(870, 14, 24, 122, '2025-26', 0, 0, 0, 0, 0, NULL, '2024-09-01 02:09:14', 1, NULL, 0, 1),
(871, 14, 24, 123, '2025-26', 0, 0, 0, 0, 0, NULL, '2024-09-01 02:09:14', 1, NULL, 0, 1),
(872, 14, 24, 124, '2025-26', 0, 0, 0, 0, 0, NULL, '2024-09-01 02:09:14', 1, NULL, 0, 1),
(873, 14, 24, 125, '2025-26', 0, 0, 0, 0, 0, NULL, '2024-09-01 02:09:14', 1, NULL, 0, 1),
(874, 14, 24, 126, '2025-26', 0, 0, 0, 0, 0, NULL, '2024-09-01 02:09:14', 1, NULL, 0, 1),
(875, 14, 24, 127, '2025-26', 0, 0, 0, 0, 0, NULL, '2024-09-01 02:09:14', 1, NULL, 0, 1),
(876, 14, 24, 128, '2025-26', 0, 0, 0, 0, 0, NULL, '2024-09-01 02:09:14', 1, NULL, 0, 1),
(877, 14, 24, 129, '2025-26', 0, 0, 0, 0, 0, NULL, '2024-09-01 02:09:14', 1, NULL, 0, 1),
(878, 14, 24, 130, '2025-26', 0, 0, 0, 0, 0, NULL, '2024-09-01 02:09:14', 1, NULL, 0, 1),
(879, 14, 24, 131, '2025-26', 0, 0, 0, 0, 0, NULL, '2024-09-01 02:09:14', 1, NULL, 0, 1),
(880, 14, 24, 132, '2025-26', 0, 0, 0, 0, 0, NULL, '2024-09-01 02:09:14', 1, NULL, 0, 1),
(881, 14, 24, 133, '2025-26', 0, 0, 0, 0, 0, NULL, '2024-09-01 02:09:14', 1, NULL, 0, 1),
(882, 14, 24, 134, '2025-26', 0, 0, 0, 0, 0, NULL, '2024-09-01 02:09:14', 1, NULL, 0, 1),
(883, 14, 24, 135, '2025-26', 0, 0, 0, 0, 0, NULL, '2024-09-01 02:09:14', 1, NULL, 0, 1),
(884, 14, 24, 136, '2025-26', 0, 0, 0, 0, 0, NULL, '2024-09-01 02:09:14', 1, NULL, 0, 1),
(885, 14, 24, 97, '2025-26', 0, 0, 0, 0, 0, NULL, '2024-09-01 02:19:11', 1, NULL, 0, 1),
(886, 14, 24, 98, '2025-26', 0, 0, 0, 0, 0, NULL, '2024-09-01 02:19:11', 1, NULL, 0, 1),
(887, 14, 24, 99, '2025-26', 0, 0, 0, 0, 0, NULL, '2024-09-01 02:19:11', 1, NULL, 0, 1),
(888, 11, 26, 566, '2024-25', 16000, 0, 0, 0, 0, NULL, '2024-09-04 14:54:50', 2, NULL, 0, 1),
(889, 14, 25, 100, '2025-26', 0, 0, 0, 0, 0, NULL, '2024-09-15 07:33:29', 1, NULL, 0, 1),
(890, 14, 25, 102, '2025-26', 0, 0, 0, 0, 0, NULL, '2024-09-15 07:34:28', 1, NULL, 0, 1),
(891, 14, 24, 101, '2025-26', 0, 0, 0, 0, 0, NULL, '2024-09-15 07:35:13', 1, NULL, 0, 1),
(892, 14, 24, 103, '2025-26', 0, 0, 0, 0, 0, NULL, '2024-09-15 07:38:04', 1, NULL, 0, 1),
(893, 14, 23, 207, '2025-26', 0, 0, 0, 0, 0, NULL, '2024-09-22 14:25:31', 1, NULL, 0, 1),
(894, 14, 23, 208, '2025-26', 0, 0, 0, 0, 0, NULL, '2024-09-22 14:25:31', 1, NULL, 0, 1);

-- --------------------------------------------------------

--
-- Table structure for table `payment_log`
--

CREATE TABLE `payment_log` (
  `payment_log_id` int(12) UNSIGNED NOT NULL,
  `reciept_no` varchar(10) NOT NULL,
  `payment_type` int(1) DEFAULT 0,
  `session_id` int(11) DEFAULT 0 COMMENT 'paid in session',
  `payment_session` int(11) DEFAULT 0 COMMENT ' paid for session',
  `tuitionfees` int(10) NOT NULL DEFAULT 0,
  `late_fee` decimal(12,2) DEFAULT 0.00,
  `month` varchar(20) DEFAULT NULL,
  `to_month` varchar(10) DEFAULT NULL,
  `remark` varchar(100) NOT NULL,
  `payment_id` int(12) UNSIGNED NOT NULL,
  `created_at` datetime NOT NULL DEFAULT current_timestamp(),
  `created_by` int(10) DEFAULT 0,
  `payment_details` text DEFAULT NULL,
  `modified_at` datetime DEFAULT NULL ON UPDATE current_timestamp(),
  `modified_by` int(10) DEFAULT 0,
  `statusID` int(1) DEFAULT NULL COMMENT '1-active 2-reverted 3-deleted'
) ENGINE=InnoDB DEFAULT CHARSET=latin1 COLLATE=latin1_swedish_ci;

--
-- Dumping data for table `payment_log`
--

INSERT INTO `payment_log` (`payment_log_id`, `reciept_no`, `payment_type`, `session_id`, `payment_session`, `tuitionfees`, `late_fee`, `month`, `to_month`, `remark`, `payment_id`, `created_at`, `created_by`, `payment_details`, `modified_at`, `modified_by`, `statusID`) VALUES
(3, '2B3', 1, 11, 5, 10000, 0.00, NULL, NULL, '', 97, '2024-05-16 12:17:19', 8, '{\"tuitionfeesmax\":\"14000\",\"tuitionfees\":\"10000\",\"total\":\"10000\",\"session_id\":\"11\",\"payment_session\":\"5\",\"student_id\":\"97\",\"payment_id\":\"97\",\"payment_type\":\"1\",\"remark\":\"\"}', NULL, 0, 1),
(4, '2A4', 1, 11, 5, 1000, 0.00, NULL, NULL, '', 241, '2024-05-21 10:17:32', 8, '{\"tuitionfeesmax\":\"14000\",\"tuitionfees\":\"01000\",\"total\":\"1000\",\"session_id\":\"11\",\"payment_session\":\"5\",\"student_id\":\"241\",\"payment_id\":\"241\",\"payment_type\":\"1\",\"remark\":\"\"}', NULL, 0, 1),
(6, '2A5', 1, 11, 11, 10000, 0.00, NULL, NULL, 'by upi payment', 482, '2024-05-25 07:57:04', 8, '{\"tuitionfeesmax\":\"15500\",\"tuitionfees\":\"10000\",\"total\":\"10000\",\"session_id\":\"11\",\"payment_session\":\"11\",\"student_id\":\"243\",\"payment_id\":\"482\",\"payment_type\":\"1\",\"remark\":\"by upi payment\"}', NULL, 0, 1),
(7, '4A7', 1, 11, 11, 15000, 0.00, NULL, NULL, '', 706, '2024-05-30 02:41:59', 8, '{\"tuitionfeesmax\":\"15500\",\"tuitionfees\":\"15000\",\"total\":\"15000\",\"session_id\":\"11\",\"payment_session\":\"11\",\"student_id\":\"467\",\"payment_id\":\"706\",\"payment_type\":\"1\",\"remark\":\"\"}', NULL, 0, 1),
(8, '2A8', 1, 11, 5, 10000, 0.00, NULL, NULL, '', 241, '2024-06-04 05:09:43', 8, '{\"tuitionfeesmax\":\"13000\",\"tuitionfees\":\"10000\",\"total\":\"10000\",\"session_id\":\"11\",\"payment_session\":\"5\",\"student_id\":\"241\",\"payment_id\":\"241\",\"payment_type\":\"1\",\"remark\":\"\"}', NULL, 0, 1),
(9, '6B9', 1, 11, 11, 6500, 0.00, NULL, NULL, '', 789, '2024-06-06 05:10:07', 8, '{\"tuitionfeesmax\":\"16500\",\"tuitionfees\":\"6500\",\"total\":\"6500\",\"session_id\":\"11\",\"payment_session\":\"11\",\"student_id\":\"550\",\"payment_id\":\"789\",\"payment_type\":\"1\",\"remark\":\"\"}', NULL, 0, 1),
(10, '6B10', 1, 11, 11, 5000, 0.00, NULL, NULL, '', 789, '2024-06-06 05:12:21', 8, '{\"tuitionfeesmax\":\"10000\",\"tuitionfees\":\"5000\",\"total\":\"5000\",\"session_id\":\"11\",\"payment_session\":\"11\",\"student_id\":\"550\",\"payment_id\":\"789\",\"payment_type\":\"1\",\"remark\":\"\"}', NULL, 0, 1),
(11, '2B11', 1, 11, 5, 10000, 0.00, NULL, NULL, '', 101, '2024-08-28 20:44:06', 1, '{\"tuitionfeesmax\":\"14000\",\"tuitionfees\":\"10000\",\"total\":\"10000\",\"session_id\":\"11\",\"payment_session\":\"5\",\"student_id\":\"101\",\"payment_id\":\"101\",\"payment_type\":\"1\",\"remark\":\"\"}', NULL, 0, 1),
(12, '2A12', 1, 11, 11, 5500, 0.00, NULL, NULL, 'Half Fees', 803, '2024-08-29 20:06:39', 1, '{\"tuitionfeesmax\":\"15500\",\"tuitionfees\":\"5500\",\"total\":\"5500\",\"session_id\":\"11\",\"payment_session\":\"11\",\"student_id\":\"564\",\"payment_id\":\"803\",\"payment_type\":\"1\",\"remark\":\"Half Fees\"}', NULL, 0, 1),
(13, '2A13', 1, 11, 11, 6500, 0.00, NULL, NULL, '', 804, '2024-08-30 19:18:14', 1, '{\"tuitionfeesmax\":\"16500\",\"tuitionfees\":\"6500\",\"total\":\"6500\",\"session_id\":\"11\",\"payment_session\":\"11\",\"student_id\":\"565\",\"payment_id\":\"804\",\"payment_type\":\"1\",\"remark\":\"\"}', NULL, 0, 1);

-- --------------------------------------------------------

--
-- Table structure for table `section`
--

CREATE TABLE `section` (
  `section_id` int(12) UNSIGNED NOT NULL,
  `section_name` varchar(255) NOT NULL,
  `class_id` int(12) UNSIGNED NOT NULL,
  `teacher_id` int(12) UNSIGNED DEFAULT NULL
) ENGINE=InnoDB DEFAULT CHARSET=latin1 COLLATE=latin1_swedish_ci;

--
-- Dumping data for table `section`
--

INSERT INTO `section` (`section_id`, `section_name`, `class_id`, `teacher_id`) VALUES
(14, 'A', 26, 0),
(15, 'B', 26, 0),
(16, 'B', 31, 0),
(17, 'A', 25, 0),
(18, 'B', 25, 0),
(19, 'A', 24, 0),
(20, 'B', 24, 0),
(21, 'A', 23, 0),
(22, 'B', 23, 0),
(23, 'A', 22, 0),
(24, 'B', 22, 0),
(25, 'A', 21, 0),
(26, 'B', 21, 0),
(27, 'A', 20, 0),
(28, 'B', 20, 0),
(29, 'A', 19, 0),
(30, 'B', 19, 0),
(32, 'A', 18, 0),
(33, 'B', 18, 0),
(34, 'B', 17, 0),
(35, 'A', 17, 0);

-- --------------------------------------------------------

--
-- Table structure for table `student`
--

CREATE TABLE `student` (
  `student_id` int(12) UNSIGNED NOT NULL,
  `registration_no` varchar(20) NOT NULL,
  `aadhar_no` varchar(12) NOT NULL,
  `saral_id` varchar(20) DEFAULT NULL,
  `register_date` date NOT NULL,
  `class_id` int(12) UNSIGNED NOT NULL,
  `section_id` int(12) UNSIGNED NOT NULL,
  `rte_applicable` int(1) NOT NULL,
  `fullname` varchar(255) NOT NULL,
  `gender` varchar(255) DEFAULT NULL,
  `religion` varchar(255) NOT NULL,
  `nationality` varchar(250) NOT NULL,
  `mother_tounge` varchar(250) NOT NULL,
  `caste` varchar(250) NOT NULL,
  `category` varchar(250) NOT NULL,
  `place_of_birth` varchar(250) NOT NULL,
  `image` text DEFAULT NULL,
  `age` varchar(255) DEFAULT NULL,
  `dob` date NOT NULL,
  `last_school` varchar(250) NOT NULL,
  `last_class` varchar(250) NOT NULL,
  `last_medium` varchar(250) NOT NULL,
  `is_last_school_recognize` varchar(100) NOT NULL,
  `sought_admission_in_class` varchar(100) NOT NULL,
  `medium` varchar(100) NOT NULL,
  `father_name` varchar(250) NOT NULL,
  `at_post` varchar(100) NOT NULL,
  `tahsil` varchar(100) DEFAULT NULL,
  `dist` varchar(100) DEFAULT NULL,
  `occupation` varchar(100) DEFAULT NULL,
  `ph_no` varchar(100) DEFAULT NULL,
  `mobile_no` varchar(100) NOT NULL,
  `parent_on_service` varchar(10) DEFAULT NULL,
  `office_address_phone_no` varchar(250) DEFAULT NULL,
  `mother_full_name` varchar(250) NOT NULL,
  `annual_income` varchar(10) DEFAULT NULL,
  `local_address` varchar(250) DEFAULT NULL,
  `relation_ship_with_parent` varchar(100) DEFAULT NULL,
  `academic_year` varchar(10) NOT NULL,
  `session_id` int(11) NOT NULL DEFAULT 0,
  `created_at` timestamp NOT NULL DEFAULT current_timestamp(),
  `created_by` int(10) NOT NULL,
  `modified_at` timestamp NULL DEFAULT NULL,
  `modified_by` int(10) NOT NULL DEFAULT 0,
  `is_active` bit(1) NOT NULL,
  `old_fees` int(10) DEFAULT NULL,
  `paid_fees` int(10) NOT NULL
) ENGINE=InnoDB DEFAULT CHARSET=latin1 COLLATE=latin1_swedish_ci;

--
-- Dumping data for table `student`
--

INSERT INTO `student` (`student_id`, `registration_no`, `aadhar_no`, `saral_id`, `register_date`, `class_id`, `section_id`, `rte_applicable`, `fullname`, `gender`, `religion`, `nationality`, `mother_tounge`, `caste`, `category`, `place_of_birth`, `image`, `age`, `dob`, `last_school`, `last_class`, `last_medium`, `is_last_school_recognize`, `sought_admission_in_class`, `medium`, `father_name`, `at_post`, `tahsil`, `dist`, `occupation`, `ph_no`, `mobile_no`, `parent_on_service`, `office_address_phone_no`, `mother_full_name`, `annual_income`, `local_address`, `relation_ship_with_parent`, `academic_year`, `session_id`, `created_at`, `created_by`, `modified_at`, `modified_by`, `is_active`, `old_fees`, `paid_fees`) VALUES
(1, '8349833', '985012341234', '3342', '2024-03-18', 26, 14, 0, 'sham singh', 'male', 'shikh', 'indian', 'punjabi', 'obc', 'obc2', 'darwha', '', '5 years 9 months ', '2018-06-05', 'redrose', 'kg2', 'hindi', '', '', '', 'sanjay', 'darwha', 'darwha', 'yavtmal', 'police', '8789308202', '23892397892', NULL, '', 'sita', '', '', '', '2023-24', 5, '2024-03-18 12:38:46', 8, '2024-03-26 01:47:20', 8, b'0', 0, 0),
(2, '8349833', '322323232222', '3342', '2024-04-02', 26, 14, 0, 'sham singh', 'male', 'shikh', 'indian', 'marathi', 'obc', 'obc2', 'darwha', '', '25 years 2 months ', '1999-02-22', 'redrose', '2', 'hindi', '0', '', '', 'sanjay', 'darwha', 'darwha', 'yavtmal', 'police', '8789308202', '3323232', '0', NULL, 'jenc', '', '', '', '2023-24', 5, '2024-04-02 02:51:43', 8, '2024-04-05 11:54:47', 8, b'0', 0, 0),
(3, '2264', '293556151402', '2015271403029260001', '2022-06-29', 24, 19, 0, 'AMBEKAR SWARA DHIRAJ', 'Female', 'HINDU', 'INDIAN', 'MARATHI', 'MALI', 'OBC', 'DARWHA', '', '9 years 3 months ', '2015-11-27', '', '1', 'ENGLISH', '', '', '', 'DHIRAJ', 'DARWHA', 'DARWHA', 'YAVATMAL', 'SERVICE', '', '7517068111', NULL, '', 'ABHILASHA DHIRAJ AMBEKAR', '0', 'AMBIKA NAGAR DARWHA', '', '2024-25', 11, '2024-04-05 02:20:36', 8, '2024-04-05 08:04:22', 8, b'1', 0, 0),
(4, '2319', '', '', '2022-06-30', 24, 19, 0, 'CHAUDHARI DHANVI ANKUSH', 'female', 'HINDU', 'INDIAN', 'MARATHI', 'KUNBI', 'OBC', 'DARWHA', '', '8 years 4 months ', '2016-10-27', '', '1', 'ENGLISH', '0', '', '', 'ANKUSH', 'DARWHA', 'DARWHA', 'YAVATMAL', 'FARMER', '', '7517068111', '0', NULL, 'SUNITA ANKUSH CHAUDHARI', '0', '', '', '2024-25', 11, '2024-04-05 02:26:42', 8, NULL, 0, b'1', 0, 0),
(5, '2305', '', '', '2022-06-30', 24, 19, 0, 'DANGE KIMAYA KASHAP', 'female', 'BOUDDHA', 'INDIAN', 'MARATHI', 'MAHAR', 'SC', 'DARWHA', '', '8 years 1 months ', '2016-03-25', '', '1', 'ENGLISH', '0', '', '', 'KASHAP', 'DARWHA', 'DARWHA', 'YAVATMAL', '', '', '7517068111', '0', NULL, 'MADHURI KASHAP DANGE', '0', '', '', '2024-25', 11, '2024-04-05 02:29:59', 8, NULL, 0, b'1', 0, 0),
(6, '2322', '', '', '2022-06-30', 24, 19, 0, 'DESHMUKH SWARA DINESH', 'female', 'HINDU', 'INDIAN', 'MARATHI', 'MARATHA', 'OPEN', 'DARWHA', '', '9 years 2 months ', '2015-12-11', '', '1', 'ENGLISH', '0', '', '', 'DINESH', 'DARWHA', 'DARWHA', 'YAVATMAL', '', '', '7517068111', '0', NULL, 'MADHAVI DINESH DESHMUKH', '0', '', '', '2024-25', 11, '2024-04-05 02:36:55', 8, NULL, 0, b'1', 0, 0),
(7, '2309', '', '', '2022-06-30', 24, 19, 0, 'DUDHE ADITI MANGLESH', 'female', 'HINDU', 'INDIAN', 'MARATHI', 'BARI', 'OBC', 'DARWHA', '', '8 years 4 months ', '0000-00-00', '', '1', 'ENGLISH', '0', '', '', 'ADITI', 'DARWHA', 'DARWHA', 'YAVATMAL', '', '', '7517068111', '0', NULL, 'SUSHMA MANGLESH DUDHE', '0', '', '', '2024-25', 11, '2024-04-05 02:42:24', 8, NULL, 0, b'1', 0, 0),
(8, '2314', '', '', '2022-06-30', 24, 19, 0, 'DUDHE RITIKA SACHIN', 'female', 'HINDU', 'INDIAN', 'MARATHI', 'BARI', 'OBC', 'DARWHA', '', '7 years 12 months ', '2016-04-19', '', '1', 'ENGLISH', '0', '', '', 'SACHIN', 'DARWHA', 'DARWHA', 'YAVATMAL', '', '', '7517068111', '0', NULL, 'YOGITA SACHIN DUDHE', '', '', '', '2024-25', 11, '2024-04-05 03:22:31', 8, NULL, 0, b'1', 0, 0),
(9, '', '', '', '2022-07-12', 24, 19, 0, 'MARIYAM NAMREEN SAYYED', 'female', 'ISLAM', 'INDIAN', 'URDU', 'MUSLIM', 'OPEN', 'DARWHA', '', '7 years 9 months ', '2016-07-27', '', '1', 'ENGLISH', '0', '', '', 'SAYYED', 'DARWHA', 'DARWHA', 'YAVATMAL', '', '', '7517068111', '0', NULL, 'SAYATAKA TABASSUM', '0', '', '', '2024-25', 11, '2024-04-05 03:25:56', 8, NULL, 0, b'1', 0, 0),
(10, '2345', '', '', '2022-07-14', 24, 19, 0, 'HUDA FATEMA JAHANGIR KHAN', 'female', 'ISLAM', 'INDIAN', 'URDU', 'MUSLIM', 'OPEN', 'DARWHA', '', '9 years 4 months ', '2015-10-04', '', '1', 'ENGLISH', '0', '', '', 'JAHANGIR KHAN', 'DARWHA', 'DARWHA', 'YAVATMAL', 'SERVICE', '', '7517068111', '0', NULL, 'FARAH DEEBA', '0', '', '', '2024-25', 11, '2024-04-05 03:29:40', 8, NULL, 0, b'1', 0, 0),
(11, '2332', '', '', '2023-06-30', 24, 19, 0, 'PRASHANSHA PRAMOD INGOLE', 'female', 'HINDU', 'INDIAN', 'MARATHI', 'KUNBI', 'OBC', 'DARWHA', '', '8 years 2 months ', '2016-12-22', '', '1', 'ENGLISH', '0', '', '', 'PRAMOD', 'DARWHA', 'DARWHA', 'YAVATMAL', '', '', '7517068111', '0', NULL, 'SANGITA PRAMOD INGOLE', '0', '', '', '2024-25', 11, '2024-04-05 03:40:35', 8, NULL, 0, b'1', 0, 0),
(12, '2303', '', '', '2022-06-30', 24, 19, 0, 'SHIVASWI GOPALKRUSHNA HIRWE', 'female', 'HINDU', 'INDIAN', 'MARATHI', 'KUNBI', 'OBC', 'DARWHA', '', '8 years 0 months ', '2016-04-10', '', '1', 'ENGLISH', '0', '', '', 'SANDIP', 'DARWHA', 'DARWHA', 'YAVATMAL', '', '', '7517068111', '0', NULL, 'SHUBHANGI GOPALKRUSHNA HIRWE', '', '', '', '2024-25', 11, '2024-04-05 03:46:36', 8, NULL, 0, b'1', 0, 0),
(13, '', '', '', '2022-06-30', 24, 19, 0, 'AISHWARYA SANDIP JADHAO', 'female', 'HINDU', 'INDIAN', 'MARATHI', 'BANJARA', 'VJ', 'DARWHA', '', '7 years 8 months ', '2016-08-25', '', '1', 'ENGLISH', '0', '', '', 'SANDIP', 'DARWHA', 'DARWHA', 'YAVATMAL', '', '', '7517068111', '0', NULL, 'PAYAL SANDIP JADHAO', '', '', '', '2024-25', 11, '2024-04-05 03:49:18', 8, NULL, 0, b'1', 0, 0),
(14, '2268', '', '', '2022-06-29', 24, 19, 1, 'SAWARI SUDHAKAR JADHAO', 'female', 'HINDU', 'INDIAN', 'MARATHI', 'BANJARA', 'VJ', 'DARWHA', '', '7 years 11 months ', '2016-05-01', '', '1', 'ENGLISH', '0', '', '', 'SUDHAKAR', 'DARWHA', 'DARWHA', 'YAVATMAL', '', '', '7517068111', '0', NULL, 'ANJALI SUDHAKAR JADHAO', '', '', '', '2024-25', 11, '2024-04-05 03:51:49', 8, NULL, 0, b'1', 0, 0),
(15, '2342', '', '', '2022-07-12', 24, 19, 0, 'TEJASWARI ARUN JADHAO', 'female', 'HINDU', 'INDIAN', 'MARATHI', 'BANJARA', 'VJ', 'DARWHA', '', '8 years 1 months ', '2016-03-27', '', '', 'ENGLISH', '0', '', '', 'ARUN', 'DARWHA', 'DARWHA', 'YAVATMAL', '', '', '7517068111', '0', NULL, 'SAYALI ARUN JADHAO', '', '', '', '2024-25', 11, '2024-04-05 04:08:11', 8, NULL, 0, b'1', 0, 0),
(16, '', '', '', '2023-05-06', 24, 19, 0, 'AYUSHI LOMESHKUMAR MANWAR', 'female', 'BOUDDHA', 'INDIAN', 'MARATHI', 'MAHAR', 'SC', 'DARWHA', '', '8 years 3 months ', '2016-01-24', '', '1', 'ENGLISH', '0', '', '', 'LOMESHKUMAR', 'DARWHA', 'DARWHA', 'YAVATMAL', '', '', '7517068111', '0', NULL, 'POONAM', '', '', '', '2024-25', 11, '2024-04-05 04:10:03', 8, NULL, 0, b'1', 0, 0),
(17, '', '', '', '2022-06-30', 24, 19, 0, 'ABDUL HADI MOHD RAHIL HAZI', 'male', 'ISLAM', 'INDIAN', 'URDU', 'MUSLIM', 'OPEN', 'DARWHA', '', '7 years 10 months ', '2016-06-02', '', '', 'ENGLISH', '0', '', '', 'MOHD RAHIL ', 'DARWHA', 'DARWHA', 'YAVATMAL', '', '', '7517068111', '0', NULL, 'SANA MOHD RAHIL HAZI', '', '', '', '2024-25', 11, '2024-04-05 04:25:41', 8, NULL, 0, b'1', 0, 0),
(18, '2307', '', '', '2022-06-30', 24, 19, 0, 'ABUZAR GAIG AMEEN BAIG MIRZA', 'male', 'ISLAM', 'INDIAN', 'URDU', 'MUSLIM', 'OPEN', 'DARWHA', '', '8 years 9 months ', '2015-07-11', '', '1', 'ENGLISH', '0', '', '', 'AMEEN BAIG MIRZA', 'DARWHA', 'DARWHA', 'YAVATMAL', '', '', '7517068111', '0', NULL, 'RAZZIYA AMEEN BAIG MIRZA', '', '', '', '2024-25', 11, '2024-04-05 04:27:29', 8, NULL, 0, b'1', 0, 0),
(19, '2313', '', '', '2022-06-30', 24, 19, 0, 'KAIVALYA PRADIP AREKAR', 'male', 'HINDU', 'INDIAN', 'MARATHI', 'MALI', 'OBC', 'DARWHA', '', '7 years 10 months ', '2016-06-05', '', '1', 'ENGLISH', '0', '', '', 'PRADIP', 'DARWHA', 'DARWHA', 'YAVATMAL', '', '', '7517068111', '0', NULL, 'POOJA PRADIP AREKAR', '', '', '', '2024-25', 11, '2024-04-05 04:29:26', 8, NULL, 0, b'1', 0, 0),
(20, '2315', '', '', '2022-06-30', 24, 19, 0, 'VIRAJ SACHIN BHOYAR', 'male', 'HINDU', 'INDIAN', 'MARATHI', 'KUNBI', 'OBC', 'DARWHA', '', '7 years 8 months ', '2016-08-11', '', '1', 'ENGLISH', '0', '', '', 'SHUBHANGI', 'DARWHA', 'DARWHA', 'YAVATMAL', '', '', '7517068111', '0', NULL, 'SHUBHANGI SACHIN BHOYAR', '', '', '', '2024-25', 11, '2024-04-05 04:31:23', 8, NULL, 0, b'1', 0, 0),
(21, '2491', '', '', '2023-07-17', 24, 19, 0, 'YUVAL GIRISH BHUTE                                                                                                                                                               ', 'male', 'HINDU', 'INDIAN', 'MARATHI', 'TELI', 'OBC', 'DARWHA', '', '8 years 1 months ', '2016-03-02', '', '1', 'ENGLISH', '0', '', '', 'GIRISH', 'DARWHA', 'DARWHA', 'YAVATMAL', '', '', '7517068111', '0', NULL, 'ROSHANI', '', '', '', '2024-25', 11, '2024-04-05 04:45:56', 8, NULL, 0, b'1', 0, 0),
(22, '2318', '', '', '2022-06-30', 24, 19, 0, 'SWARAJ RAHUL CHAUDHARI', 'male', 'HINDU', 'INDIAN', 'MARATHI', 'KUNBI', 'OBC', 'DARWHA', '', '1 years 10 months ', '2022-06-30', '', '1', 'ENGLISH', '0', '', '', 'RAHUL', 'DARWHA', 'DARWHA', 'YAVATMAL', '', '', '7517068111', '0', NULL, 'RANI', '', '', '', '2024-25', 11, '2024-04-05 04:47:56', 8, NULL, 0, b'1', 0, 0),
(23, '2265', '', '', '2022-06-29', 24, 19, 1, 'LAVESH RAJU CHAVHAN', 'male', 'HINDU', 'INDIAN', 'MARATHI', 'PHASE PARDHI', 'ST', 'DARWHA', '', '9 years 4 months ', '2015-10-13', '', '1', 'ENGLISH', '0', '', '', 'RAJU', 'DARWHA', 'DARWHA', 'YAVATMAL', '', '', '7517068111', '0', NULL, 'ANTAKALA', '', '', '', '2024-25', 11, '2024-04-05 04:49:53', 8, NULL, 0, b'1', 0, 0),
(24, '2306', '', '', '2022-06-30', 24, 19, 0, 'UTKARSH PRAFUL CHIRDE', 'male', 'HINDU', 'INDIAN', 'MARATHI', 'BARI', 'OBC', 'DARWHA', '', '8 years 1 months ', '2016-03-18', '', '', 'ENGLISH', '0', '', '', 'PRAFUL', 'DARWHA', 'DARWHA', 'YAVATMAL', '', '', '7517068111', '0', NULL, 'RUPALI', '', '', '', '2024-25', 11, '2024-04-05 05:12:24', 8, NULL, 0, b'1', 0, 0),
(25, '2266', '872262195424', '', '2022-06-30', 24, 19, 1, 'RAMAN SHRIKANT DESHMUKH', 'male', 'HINDU', 'INDIAN', 'MARATHI', 'BARI', 'OBC', 'DARWHA', '', '8 years 1 months ', '2016-03-18', '', '1', 'ENGLISH', '', '', '', 'PRAFUL', 'DARWHA', 'DARWHA', 'YAVATMAL', '', '', '7517068111', NULL, '', 'SWATI', '', '', '', '2024-25', 11, '2024-04-05 05:14:24', 8, '2024-04-05 11:26:52', 8, b'1', 0, 0),
(26, '2316', '', '', '2022-06-30', 24, 19, 0, 'SARVADNYA PANKAJ DESHMUKH', 'male', 'HINDU', 'INDIAN', 'MARATHI', 'KUNBI', 'OBC', 'DARWHA', '', '1 years 10 months ', '2022-06-30', '', '1', 'ENGLISH', '0', '', '', 'PANKAJ', 'DARWHA', 'DARWHA', 'YAVATMAL', '', '', '7517068111', '0', NULL, 'NUTAN PANKAJ DESHMUKH', '', '', '', '2024-25', 11, '2024-04-05 05:20:23', 8, NULL, 0, b'1', 0, 0),
(27, '2304', '', '', '2022-06-30', 24, 19, 0, 'ADARSH PRAVIN DHOLE', 'male', 'BOUDDHA', 'INDIAN', 'MARATHI', 'MAHAR', 'SC', 'DARWHA', '', '9 years 3 months ', '2015-01-01', '', '1', 'ENGLISH', '0', '', '', 'PRAVIN', 'DARWHA', 'DARWHA', 'YAVATMAL', '', '', '7517068111', '0', NULL, 'DIMPAL PRAVIN DHOLE', '', '', '', '2024-25', 11, '2024-04-05 05:47:21', 8, NULL, 0, b'1', 0, 0),
(28, '2212', '', '', '2022-06-30', 24, 19, 0, 'ANSHUL SHYAM DUDHE', 'male', 'HINDU', 'INDIAN', 'MARATHI', 'BARI', 'OBC', 'DARWHA', '', '9 years 2 months ', '2015-12-25', '', '1', 'ENGLISH', '0', '', '', 'SHYAM', 'DARWHA', 'DARWHA', 'YAVATMAL', '', '', '7517068111', '0', NULL, 'DURGA SHYAM DUDHE', '', '', '', '2024-25', 11, '2024-04-05 05:49:00', 8, NULL, 0, b'1', 0, 0),
(29, '2301', '', '', '2022-06-30', 24, 19, 0, 'FUZAIL KHAN SOHAIL AHMAD KHAN', 'male', 'ISLAM', 'INDIAN', 'URDU', 'MUSLIM', 'OPEN', 'DARWHA', '', '8 years 2 months ', '2016-02-11', '', '1', 'ENGLISH', '0', '', '', 'SOHAIL AHMAD KHAN', 'DARWHA', 'DARWHA', 'YAVATMAL', '', '', '7517068111', '0', NULL, 'SUMMAYA GOHAR', '', '', '', '2024-25', 11, '2024-04-05 05:50:50', 8, NULL, 0, b'1', 0, 0),
(30, '2301', '', '', '2022-06-30', 24, 19, 0, 'SHRIPAD RAM GHAWADE', 'male', 'HINDU', 'INDIAN', 'MARATHI', 'MALI', 'OBC', 'DARWHA', '', '7 years 11 months ', '2016-05-18', '', '1', 'ENGLISH', '0', '', '', 'RAM', 'DARWHA', 'DARWHA', 'YAVATMAL', '', '', '7517068111', '0', NULL, 'UJJWALA RAM GHAWADE', '', '', '', '2024-25', 11, '2024-04-05 05:55:09', 8, NULL, 0, b'1', 0, 0),
(31, '2267', '', '', '2022-06-29', 24, 19, 1, 'LEKH GAURAV GOHEL', 'male', 'HINDU', 'INDIAN', 'GUJRATI', 'SHIMPI', 'OBC', 'DARWHA', '', '1 years 10 months ', '2022-06-29', '', '', 'ENGLISH', '0', '', '', 'GAURAV ', 'DARWHA', 'DARWHA', 'YAVATMAL', '', '', '7517068111', '0', NULL, 'SHRADDHA', '', '', '', '2024-25', 11, '2024-04-05 06:02:18', 8, NULL, 0, b'1', 0, 0),
(32, '2300', '', '', '2022-06-30', 24, 19, 0, 'HAMMAD KHAN SHAHID KHAN', 'male', 'ISLAM', 'INDIAN', 'URDU', 'MUSLIM', 'OPEN', 'DARWHA', '', '9 years 2 months ', '2015-02-12', '', '1', 'ENGLISH', '0', '', '', 'SHAHID KHAN', 'DARWHA', 'DARWHA', 'YAVATMAL', '', '', '7517068111', '0', NULL, 'ZEENAT', '', '', '', '2024-25', 11, '2024-04-05 06:05:55', 8, NULL, 0, b'1', 0, 0),
(33, '2310', '', '', '2022-06-30', 24, 19, 0, 'MAYUR RAVI JADHAV', 'male', 'HINDU', 'INDIAN', 'MARATHI', 'BANJARA', 'VJ', 'DARWHA', '', '9 years 0 months ', '2015-04-28', '', '1', 'ENGLISH', '0', '', '', 'RAVI', 'DARWHA', 'DARWHA', 'YAVATMAL', '', '', '7517068111', '0', NULL, 'SHITAL', '', '', '', '2024-25', 11, '2024-04-05 06:10:12', 8, NULL, 0, b'1', 0, 0),
(34, '', '', '', '2022-07-12', 24, 19, 0, 'TARUN SUDHIR JADHAO', 'male', 'HINDU', 'INDIAN', 'MARATHI', 'BANJARA', 'VJ', 'DARWHA', '', '9 years 1 months ', '2015-12-08', '', '', 'ENGLISH', '0', '', '', 'SUDHIR', 'DARWHA', 'DARWHA', 'YAVATMAL', '', '', '7517068111', '0', NULL, 'SHITAL', '', '', '', '2024-25', 11, '2024-04-05 06:12:45', 8, NULL, 0, b'1', 0, 0),
(35, '2482', '', '', '2023-06-30', 24, 19, 0, 'AYUSH GAJANAN KADAM', 'male', 'HINDU', 'INDIAN', 'MARATHI', 'KUNBI', 'OBC', 'DARWHA', '', '7 years 9 months ', '2016-07-29', '', '1', 'ENGLISH', '0', '', '', 'GAJANAN', 'DARWHA', 'DARWHA', 'YAVATMAL', '', '', '7517068111', '0', NULL, 'SHITAL GAJANAN KADAM', '', '', '', '2024-25', 11, '2024-04-05 06:15:24', 8, NULL, 0, b'1', 0, 0),
(36, '2478', '', '', '2023-06-29', 24, 19, 0, 'SAMYAK SIDDHARTH KATKE', 'male', 'BOUDDHA', 'INDIAN', 'MARATHI', 'MAHAR', 'SC', 'DARWHA', '', '8 years 0 months ', '2016-04-22', '', '1', 'ENGLISH', '0', '', '', 'SIDDHARTH', 'DARWHA', 'DARWHA', 'YAVATMAL', '', '', '7517068111', '0', NULL, 'VAISHALI', '', '', '', '2024-25', 11, '2024-04-05 06:18:01', 8, NULL, 0, b'1', 0, 0),
(37, '', '', '', '2023-06-29', 24, 19, 0, 'AYUSH GAJANAN KATYARMAL', 'male', 'BOUDDHA', 'INDIAN', 'MARATHI', 'MAHAR', 'SC', 'DARWHA', '', '8 years 0 months ', '2016-04-22', '', '1', 'ENGLISH', '0', '', '', 'GAJANAN', 'DARWHA', 'DARWHA', 'YAVATMAL', '', '', '7517068111', '0', NULL, 'BHAGYESHRI', '', '', '', '2024-25', 11, '2024-04-05 06:19:43', 8, NULL, 0, b'1', 0, 0),
(38, '', '', '', '2012-06-23', 24, 19, 0, 'FAIZAL BAIG SABIR BAIG', 'male', 'ISLAM', 'INDIAN', 'URDU', 'MUSLIM', 'OPEN', 'DARWHA', '', '8 years 2 months ', '2016-12-11', '', '1', 'ENGLISH', '0', '', '', 'SABIR BAIG', 'DARWHA', 'DARWHA', 'YAVATMAL', '', '', '7517068111', '0', NULL, 'NAHEED  ANJUM', '', '', '', '2024-25', 11, '2024-04-05 06:22:36', 8, NULL, 0, b'1', 0, 0),
(39, '2296', '', '', '2022-06-29', 24, 19, 0, 'MOHD AFNAAN ABDUL AZIM', 'male', 'ISLAM', 'INDIAN', 'URDU', 'MUSLIM', 'OPEN', 'DARWHA', '', '9 years 1 months ', '2015-03-23', '', '1', 'ENGLISH', '0', '', '', 'ABDUL AZIM', 'DARWHA', 'DARWHA', 'YAVATMAL', '', '', '7517068111', '0', NULL, 'RUKSANA', '', '', '', '2024-25', 11, '2024-04-05 06:24:21', 8, NULL, 0, b'1', 0, 0),
(40, '1815', '', '', '2018-06-14', 19, 29, 0, 'AKSHARA MUKESH AKHARE', 'female', 'HINDU', 'INDIAN', 'MARATHI', 'KUNBI', 'OBC', 'DARWHA', '', '14 years 4 months ', '2010-10-29', '', '6', 'ENGLISH', '0', '', '', 'MUKESH', 'DARWHA', 'DARWHA', 'YAVATMAL', '', '', '7517068111', '0', NULL, 'RUPALI', '', '', '', '2024-25', 11, '2024-04-15 06:42:08', 8, NULL, 0, b'1', 0, 0),
(41, '1695', '', '', '2017-06-27', 19, 29, 0, 'DEVYANI SANJAY BARLOTA', 'female', 'JAIN', 'INDIAN', 'HINDI', 'JAIN', 'OPEN', 'DARWHA', '', '13 years 0 months ', '2011-04-03', '', '6', 'ENGLISH', '0', '', '', 'SANJAY', 'DARWHA', 'DARWHA', 'YAVATMAL', '', '', '7517068111', '0', NULL, 'NISHA', '', '', '', '2024-25', 11, '2024-04-15 06:44:33', 8, NULL, 0, b'1', 0, 0),
(42, '', '', '', '2017-06-27', 19, 29, 0, 'PRANALI SANTOSH BORKAR', 'female', 'BOUDDHA', 'INDIAN', 'MARATHI', 'MAHAR', 'SC', 'DARWHA', '', '12 years 7 months ', '2011-09-20', '', '6', 'ENGLISH', '0', '', '', 'SANTOSH', 'DARWHA', 'DARWHA', 'YAVATMAL', '', '', '7517068111', '0', NULL, 'JAYA', '', '', '', '2024-25', 11, '2024-04-15 06:46:43', 8, NULL, 0, b'1', 0, 0),
(43, '1766', '', '', '2017-06-28', 19, 29, 0, 'DHANASHRI NIRANJAN CHAVHAN', 'female', 'HINDU', 'INDIAN', 'MARATHI', 'BANJARA', 'VJ', 'DARWHA', '', '12 years 8 months ', '2011-08-11', '', '6', 'ENGLISH', '0', '', '', 'NIRANJAN', 'DARWHA', 'DARWHA', 'YAVATMAL', '', '', '7517068111', '0', NULL, 'ARCHANA', '', '', '', '2024-25', 11, '2024-04-15 06:48:34', 8, NULL, 0, b'1', 0, 0),
(44, '1717', '', '', '2017-06-27', 19, 29, 0, 'SAMRUDDHI MILIND DHAWALE', 'female', 'HINDU', 'INDIAN', 'MARATHI', 'KUNBI', 'OBC', 'DARWHA', '', '13 years 0 months ', '2011-04-08', '', '6', 'ENGLISH', '0', '', '', 'MILIND', 'DARWHA', 'DARWHA', 'YAVATMAL', '', '', '7517068111', '0', NULL, 'MOKSHADA', '', '', '', '2024-25', 11, '2024-04-15 06:50:40', 8, NULL, 0, b'1', 0, 0),
(45, '1761', '', '', '2017-06-28', 19, 29, 0, 'LAVANYA GAJANAN DONGARE', 'female', 'HINDU', 'INDIAN', 'MARATHI', 'MARATHA', 'OPEN', 'DARWHA', '', '13 years 2 months ', '2011-02-09', '', '6', 'ENGLISH', '0', '', '', 'GAJANAN', 'DARWHA', 'DARWHA', 'YAVATMAL', '', '', '7517068111', '0', NULL, 'JYOTI', '', '', '', '2024-25', 11, '2024-04-15 06:52:32', 8, NULL, 0, b'1', 0, 0),
(46, '2486', '', '', '2023-07-06', 19, 29, 0, 'ACHAL NARAYAN DUDHE', 'female', 'HINDU', 'INDIAN', 'MARATHI', 'BARI', 'OBC', 'DARWHA', '', '12 years 11 months ', '2011-05-07', '', '6', 'ENGLISH', '0', '', '', 'NARAYAN', 'DARWHA', 'DARWHA', 'YAVATMAL', '', '', '7517068111', '0', NULL, 'VANITA', '', '', '', '2024-25', 11, '2024-04-15 06:54:56', 8, NULL, 0, b'1', 0, 0),
(47, '1730', '', '', '2017-06-27', 19, 29, 0, 'SWARA UMESH GADBEL', 'female', 'HINDU', 'INDIAN', 'MARATHI', 'TELI', 'OBC', 'DARWHA', '', '14 years 4 months ', '2010-10-26', '', '6', 'ENGLISH', '0', '', '', 'UMESH', 'DARWHA', 'DARWHA', 'YAVATMAL', '', '', '7517068111', '0', NULL, 'PRAPTI', '', '', '', '2024-25', 11, '2024-04-15 06:56:36', 8, NULL, 0, b'1', 0, 0),
(48, '1725', '', '', '2017-06-27', 19, 29, 0, 'HARIPRIYA GAJANAN GULHANE', 'female', 'HINDU', 'INDIAN', 'MARATHI', 'TELI', 'OBC', 'DARWHA', '', '12 years 9 months ', '2011-07-02', '', '6', 'ENGLISH', '0', '', '', 'GAJANAN', 'DARWHA', 'DARWHA', 'YAVATMAL', '', '', '7517068111', '0', NULL, 'SANGITA', '', '', '', '2024-25', 11, '2024-04-15 06:58:41', 8, NULL, 0, b'1', 0, 0),
(49, '2375', '', '', '2023-03-18', 19, 29, 0, 'SAMRUDDHI RUPRAO GULHANE', 'female', 'HINDU', 'INDIAN', 'MARATHI', 'TELI', 'OBC', 'DARWHA', '', '1 years 1 months ', '2023-03-18', '', '6', 'ENGLISH', '0', '', '', 'RUPRAO', 'DARWHA', 'DARWHA', 'YAVATMAL', '', '', '7517068111', '0', NULL, 'DIPIKA', '', '', '', '2024-25', 11, '2024-04-15 07:00:17', 8, NULL, 0, b'1', 0, 0),
(50, '2374', '', '', '2023-03-18', 19, 29, 0, 'SANSKRUTI RUPRAO GULHANE', 'female', 'HINDU', 'INDIAN', 'MARATHI', 'TELI', 'OBC', 'DARWHA', '', '13 years 3 months ', '2011-01-10', '', '6', 'ENGLISH', '0', '', '', 'RUPRAO', 'DARWHA', 'DARWHA', 'YAVATMAL', '', '', '7517068111', '0', NULL, 'DIPIKA', '', '', '', '2024-25', 11, '2024-04-15 07:02:12', 8, NULL, 0, b'1', 0, 0),
(51, '1721', '', '', '2017-06-27', 19, 29, 0, 'SANVI SANTOSH GULHANE', 'female', 'HINDU', 'INDIAN', 'MARATHI', 'TELI', 'OBC', 'DARWHA', '', '6 years 10 months ', '2017-06-27', '', '6', 'ENGLISH', '0', '', '', 'SANTOSH', 'DARWHA', 'DARWHA', 'YAVATMAL', '', '', '7517068111', '0', NULL, 'RUPALI', '', '', '', '2024-25', 11, '2024-04-15 07:04:57', 8, NULL, 0, b'1', 0, 0),
(52, '2173', '', '', '2021-07-14', 19, 29, 0, 'VEDIKA SUKHRAJ JADHAV', 'female', 'HINDU', 'INDIAN', 'MARATHI', 'BANJARA', 'VJ', 'DARWHA', '', '12 years 9 months ', '2011-07-26', '', '6', '', '0', '', '', 'SUKHRAJ', 'DARWHA', 'DARWHA', 'YAVATMAL', '', '', '7517068111', '0', NULL, 'SANGITA', '', '', '', '2024-25', 11, '2024-04-15 07:07:29', 8, NULL, 0, b'1', 0, 0),
(53, '2253', '', '', '2022-06-24', 19, 29, 0, 'SHRAVANI NARENDRA JAMBHOLKAR', 'female', 'HINDU', 'INDIAN', 'MARATHI', 'BRAHMAN', 'OPEN', 'DARWHA', '', '12 years 8 months ', '2011-08-03', '', '6', 'ENGLISH', '0', '', '', 'NARENDRA', 'DARWHA', 'DARWHA', 'YAVATMAL', '', '', '7517068111', '0', NULL, 'SWATI', '', '', '', '2024-25', 11, '2024-04-15 07:09:48', 8, NULL, 0, b'1', 0, 0),
(54, '1768', '', '', '2017-06-28', 19, 29, 0, 'IQRA JUNED KHAN', 'female', 'ISLAM', 'INDIAN', 'URDU', 'MUSLIM', 'OPEN', 'DARWHA', '', '1013 years 8 months ', '1011-04-11', '', '6', 'ENGLISH', '0', '', '', 'JUNED', 'DARWHA', 'DARWHA', 'YAVATMAL', '', '', '7517068111', '0', NULL, 'YASMIN ANAM', '', '', '', '2024-25', 11, '2024-04-15 07:11:20', 8, NULL, 0, b'1', 0, 0),
(55, '', '', '', '2017-06-28', 19, 29, 0, 'VIDHI RUPESH KHODE', 'female', 'HINDU', 'INDIAN', 'MARATHI', 'KUNBI', 'OBC', 'DARWHA', '', '14 years 2 months ', '2010-12-09', '', '6', 'ENGLISH', '0', '', '', 'RUPESH', 'DARWHA', 'DARWHA', 'YAVATMAL', '', '', '7517068111', '0', NULL, 'SANCHITA', '', '', '', '2024-25', 11, '2024-04-15 07:13:12', 8, NULL, 0, b'1', 0, 0),
(56, '1764', '', '', '2017-06-28', 19, 29, 0, 'ISHWARI DNYANESHWAR MAHALLE', 'female', 'HINDU', 'INDIAN', 'MARATHI', 'KUNBI', 'OBC', 'DARWHA', '', '14 years 2 months ', '2010-12-06', '', '6', 'ENGLISH', '0', '', '', 'DNYANESHWAR', 'DARWHA', 'DARWHA', 'YAVATMAL', '', '', '7517068111', '0', NULL, 'MADHURI', '', '', '', '2024-25', 11, '2024-04-15 07:15:46', 8, NULL, 0, b'1', 0, 0),
(57, '2344', '', '', '2022-07-12', 19, 29, 0, 'PURVI VINOD NAVRANGE', 'female', 'HINDU', 'INDIAN', 'MARATHI', 'DHANGAR', 'NT', 'DARWHA', '', '13 years 3 months ', '2011-11-07', '', '6', 'ENGLISH', '0', '', '', 'VINOD', 'DARWHA', 'DARWHA', 'YAVATMAL', '', '', '7517068111', '0', NULL, 'HARSHA', '', '', '', '2024-25', 11, '2024-04-15 07:17:52', 8, NULL, 0, b'1', 0, 0),
(58, '', '', '', '2022-06-24', 19, 29, 0, 'ANUSHKA VIRENDRA NAWARE', 'female', 'HINDU', 'INDIAN', 'MARATHI', 'KOSHTI', 'SBC', 'DARWHA', '', '13 years 1 months ', '2011-03-15', '', '6', 'ENGLISH', '0', '', '', 'VIRENDRA', 'DARWHA', 'DARWHA', 'YAVATMAL', '', '', '7517068111', '0', NULL, 'SUSHMA', '', '', '', '2024-25', 11, '2024-04-15 07:38:09', 8, NULL, 0, b'1', 0, 0),
(59, '1719', '', '', '2017-06-27', 19, 29, 0, 'GUNJAN SANTOSH NIMKAR', 'female', 'HINDU', 'INDIAN', 'MARATHI', 'BARI', 'OBC', 'DARWHA', '', '6 years 10 months ', '2017-06-27', '', '6', '', '0', '', '', 'SANTOSH', 'DARWHA', 'DARWHA', 'YAVATMAL', '', '', '7517068111', '0', NULL, 'DEEPALI', '', '', '', '2024-25', 11, '2024-04-15 07:40:39', 8, NULL, 0, b'1', 0, 0),
(60, '1816', '', '', '2018-06-19', 19, 29, 0, 'RIYA TANAJI PAWAR', 'female', 'HINDU', 'INDIAN', 'MARATHI', 'BANJARA', 'VJ', 'DARWHA', '', '12 years 8 months ', '2011-08-10', '', '6', 'ENGLISH', '0', '', '', 'TANAJI', 'DARWHA', 'DARWHA', 'YAVATMAL', '', '', '7517068111', '0', NULL, 'SAVITA', '', '', '', '2024-25', 11, '2024-04-15 07:42:20', 8, NULL, 0, b'1', 0, 0),
(61, '1757', '', '', '2017-06-28', 19, 29, 0, 'TANVI WASUDEO RUDE', 'female', 'HINDU', 'INDIAN', 'MARATHI', 'BANJARA', 'VJ', 'DARWHA', '', '12 years 9 months ', '2011-07-10', '', '', '', '0', '', '', 'WASUDEO', 'DARWHA', 'DARWHA', 'YAVATMAL', '', '', '7517068111', '0', NULL, 'MANJU', '', '', '', '2024-25', 11, '2024-04-15 07:43:47', 8, NULL, 0, b'1', 0, 0),
(62, '24800', '', '', '2023-06-29', 19, 29, 0, 'PAHAL MAHAVIR SABADRA', 'female', 'HINDU', 'INDIAN', 'HINDI', 'JAIN', 'OPEN', 'DARWHA', '', '13 years 1 months ', '2011-03-07', '', '6', 'ENGLISH', '0', '', '', 'MAHAVIR', 'DARWHA', 'DARWHA', 'YAVATMAL', '', '', '7517068111', '0', NULL, 'POOJA', '', '', '', '2024-25', 11, '2024-04-15 07:50:09', 8, NULL, 0, b'1', 0, 0),
(63, '1727', '', '', '2017-06-27', 19, 29, 0, 'ARYA NISHIKANT TOTE', 'female', 'HINDU', 'INDIAN', 'MARATHI', 'VANI', 'OBC', 'DARWHA', '', '13 years 4 months ', '2011-10-24', '', '', 'ENGLISH', '0', '', '', 'NISHIKANT', 'DARWHA', 'DARWHA', 'YAVATMAL', '', '', '7517068111', '0', NULL, 'NITYA', '', '', '', '2024-25', 11, '2024-04-15 07:51:43', 8, NULL, 0, b'1', 0, 0),
(64, '1722', '', '', '2017-06-27', 19, 29, 0, 'MAITHALI GAJANAN UGHADE', 'female', 'HINDU', 'INDIAN', 'MARATHI', 'DHANGAR', 'NT', 'DARWHA', '', '6 years 10 months ', '2017-06-27', '', '6', 'ENGLISH', '0', '', '', 'GAJANAN', 'DARWHA', 'DARWHA', 'YAVATMAL', '', '', '7517068111', '0', NULL, 'LATA', '', '', '', '2024-25', 11, '2024-04-15 07:53:24', 8, NULL, 0, b'1', 0, 0),
(65, '', '', '', '2022-06-25', 19, 29, 0, 'UMRA VIKAR KAZI', 'female', 'ISLAM', 'INDIAN', 'URDU', 'MUSLIM', 'OPEN', 'DARWHA', '', '11 years 11 months ', '2012-05-25', '', '6', 'ENGLISH', '0', '', '', 'VIKAR', 'DARWHA', 'DARWHA', 'YAVATMAL', '', '', '7517068111', '0', NULL, 'HUMA', '', '', '', '2024-25', 11, '2024-04-15 07:54:57', 8, NULL, 0, b'1', 0, 0),
(66, '2377', '', '', '2023-05-18', 19, 29, 0, 'SHREYANSHI SUNIL WANKHADE', 'female', 'BOUDDHA', 'INDIAN', 'MARATHI', 'MAHAR', 'SC', 'DARWHA', '', '13 years 3 months ', '2011-11-03', '', '6', '', '0', '', '', 'SUNIL', 'DARWHA', 'DARWHA', 'YAVATMAL', '', '', '7517068111', '0', NULL, 'AKSHAYA', '', '', '', '2024-25', 11, '2024-04-15 07:56:18', 8, NULL, 0, b'1', 0, 0),
(67, '1865', '', '', '2018-06-28', 20, 27, 0, 'SIDDHI SUDHIR ALONE', 'female', 'HINDU', 'INDIAN', 'MARATHI', 'KOSHTI', 'SBC', 'DARWHA', '', '12 years 8 months ', '2011-08-17', '', '5', 'ENGLISH', '0', '', '', 'SUDHIR', 'DARWHA', 'DARWHA', 'YAVATMAL', '', '', '7517068111', '0', NULL, 'RITA', '', '', '', '2024-25', 11, '2024-04-16 03:43:37', 8, NULL, 0, b'1', 0, 0),
(68, '1862', '', '', '2018-06-28', 20, 27, 0, 'ISHWARI ARVIND BHAGAT', 'female', 'HINDU', 'INDIAN', 'MARATHI', 'MALI', 'OBC', 'DARWHA', '', '5 years 10 months ', '2018-06-28', '', '5', 'ENGLISH', '0', '', '', 'ARVIND', 'DARWHA', 'DARWHA', 'YAVATMAL', '', '', '9767305905', '0', NULL, 'HEMA', '', '', '', '2024-25', 11, '2024-04-16 03:47:56', 8, NULL, 0, b'1', 0, 0),
(69, '1892', '318587805107', '', '2018-06-29', 20, 27, 0, 'KHUSHI DINESH BHATI', 'female', 'HINDU', 'INDIAN', 'MARATHI', 'RAJPUT', 'OPEN', 'DARWHA', '', '12 years 3 months ', '2012-11-19', '', '5', 'ENGLISH', '0', '', '', 'DINESH', 'DARWHA', 'DARWHA', 'YAVATMAL', '', '', '9657415064', '0', NULL, 'SHILPA DINESH BHATI', '', '', '', '2024-25', 11, '2024-04-16 03:52:00', 8, NULL, 0, b'1', 0, 0),
(70, '1863', '786602255232', '', '2018-06-28', 20, 27, 0, 'TITHI NITIN BHUTADA', 'female', 'HINDU', 'INDIAN', 'HINDI', 'MAHESHWARI', 'OPEN', 'DARWHA', '', '12 years 1 months ', '2012-03-12', '', '6', 'ENGLISH', '0', '', '', 'NITIN', 'DARWHA', 'DARWHA', 'YAVATMAL', '', '', '9405653183', '0', NULL, 'SONAL NITIN BHUTADA', '', '', '', '2024-25', 11, '2024-04-16 03:55:00', 8, NULL, 0, b'1', 0, 0),
(71, '2179', '', '', '2018-06-28', 20, 27, 0, 'RIDDHI NITIN CHAUDHARI', 'female', 'HINDU', 'INDIAN', 'MARATHI', 'DHOBI', 'OBC', 'DARWHA', '', '12 years 2 months ', '2012-02-24', '', '5', 'ENGLISH', '0', '', '', 'NITIN', 'DARWHA', 'DARWHA', 'YAVATMAL', '', '', '7038335085', '0', NULL, 'SEEMA', '', '', '', '2024-25', 11, '2024-04-16 06:48:48', 8, NULL, 0, b'1', 0, 0),
(72, '1901', '', '', '2018-06-30', 20, 27, 0, 'GAURI MANOJ CHAVHAN', 'female', 'HINDU', 'INDIAN', 'MARATHI', 'BANJARA', 'VJ', 'DARWHA', '', '11 years 8 months ', '2012-08-30', '', '5', 'ENGLISH', '0', '', '', 'MANOJ', 'DARWHA', 'DARWHA', 'YAVATMAL', '', '', '8805161218', '0', NULL, 'JYOTSNA', '', '', '', '2024-25', 11, '2024-04-16 06:51:31', 8, NULL, 0, b'1', 0, 0),
(73, '1795', '313263337353', '', '2018-04-04', 20, 27, 0, 'RIDDHI SACHIN DESHMUKH', 'female', 'HINDU', 'INDIAN', 'MARATHI', 'KUNBI', 'OBC', 'DARWHA', '', '13 years 2 months ', '2011-12-30', '', '5', 'ENGLISH', '0', '', '', 'SACHIN', 'DARWHA', 'DARWHA', 'YAVATMAL', '', '', '8830972376', '0', NULL, 'NAMRATA', '', '', '', '2024-25', 11, '2024-04-16 07:07:21', 8, NULL, 0, b'1', 0, 0),
(74, '1842', '409756928547', '', '2018-06-28', 20, 27, 0, 'SIDDHI SACHIN DESHMUKH', 'female', 'HINDU', 'INDIAN', 'MARATHI', 'KUNBI', 'OBC', 'DARWHA', '', '13 years 2 months ', '2011-12-30', '', '5', 'ENGLISH', '0', '', '', 'SACHIN', 'DARWHA', 'DARWHA', 'YAVATMAL', '', '', '8830972376', '0', NULL, 'NAMRATA', '', '', '', '2024-25', 11, '2024-04-16 07:09:23', 8, NULL, 0, b'1', 0, 0),
(75, '1860', '308980392409', '', '2018-06-28', 20, 27, 1, 'SHREYANSHI PRASHANT DIVE', 'female', 'HINDU', 'INDIAN', 'MARATHI', 'KUNBI', 'OBC', 'DARWHA', '', '12 years 1 months ', '2012-03-08', '', '5', 'ENGLISH', '0', '', '', 'PRASHANT', 'DARWHA', 'DARWHA', 'YAVATMAL', '', '', '9921237162', '0', NULL, 'DHANASHRI', '', '', '', '2024-25', 11, '2024-04-16 07:11:48', 8, NULL, 0, b'1', 0, 0),
(76, '1860', '487302270003', '', '2018-06-28', 20, 27, 0, 'AYUSHI KANCHAN GIRI', 'female', 'HINDU', 'INDIAN', 'MARATHI', 'KUNBI', 'OBC', 'DARWHA', '', '13 years 3 months ', '2011-11-22', '', '5', 'ENGLISH', '0', '', '', 'KANCHAN', 'DARWHA', 'DARWHA', 'YAVATMAL', '', '', '9370091120', '0', NULL, 'RUPALI', '', '', '', '2024-25', 11, '2024-04-16 07:14:41', 8, NULL, 0, b'1', 0, 0),
(77, '1910', '230909734113', '', '2018-06-30', 20, 27, 0, 'ADITI AJAY INDANE', 'female', 'HINDU', 'INDIAN', 'MARATHI', 'JAIN', 'OPEN', 'DARWHA', '', '12 years 1 months ', '2012-03-28', '', '5', 'ENGLISH', '0', '', '', 'AJAY', 'DARWHA', 'DARWHA', 'YAVATMAL', '', '', '7083822002', '0', NULL, 'SONALI', '', '', '', '2024-25', 11, '2024-04-16 07:16:50', 8, NULL, 0, b'1', 0, 0),
(78, '1833', '455508373265', '', '2018-06-28', 20, 27, 0, 'SHARAYU SUNIL INGALE', 'female', 'HINDU', 'INDIAN', 'MARATHI', 'KUNBI', 'OBC', 'DARWHA', '', '5 years 10 months ', '2018-06-28', '', '5', 'ENGLISH', '0', '', '', 'SUNIL', 'DARWHA', 'DARWHA', 'YAVATMAL', '', '', '8788168695', '0', NULL, 'PRIYADARSHANI', '', '', '', '2024-25', 11, '2024-04-16 07:19:11', 8, NULL, 0, b'1', 0, 0),
(79, '1900', '969444822920', '', '2018-06-30', 20, 27, 0, 'MANASI MUKESH INGOLE', 'female', 'HINDU', 'INDIAN', 'MARATHI', 'KUNBI', 'OBC', 'DARWHA', '', '12 years 2 months ', '2012-02-28', '', '5', 'ENGLISH', '0', '', '', 'MUKESH', 'DARWHA', 'DARWHA', 'YAVATMAL', '', '', '7218323132', '0', NULL, 'MADHURI', '', '', '', '2024-25', 11, '2024-04-16 07:21:32', 8, NULL, 0, b'1', 0, 0),
(80, '1864', '452540212832', '', '2018-06-28', 20, 27, 0, 'ARADHYA BHAURAO JADHAO', 'female', 'HINDU', 'INDIAN', 'MARATHI', 'BANJARA', 'VJ', 'DARWHA', '', '11 years 8 months ', '2012-08-20', '', '5', 'ENGLISH', '0', '', '', 'BHAURAO', 'DARWHA', 'DARWHA', 'YAVATMAL', '', '', '9850428220', '0', NULL, 'RUPALI', '', '', '', '2024-25', 11, '2024-04-16 07:31:34', 8, NULL, 0, b'1', 0, 0),
(81, '2183', '602224420392', '', '2021-09-05', 20, 27, 0, 'VAISHNAVI BALU JADHAO', 'Female', 'HINDU', 'INDIAN', 'MARATHI', 'BANJARA', 'VJ', 'DARWHA', '', '12 years 7 months ', '2011-09-06', '', '5', 'ENGLISH', '', '', '', 'BALU', 'DARWHA', 'DARWHA', 'YAVATMAL', '', '', '9284511063', NULL, '', 'KALPANA', '', '', '', '2024-25', 11, '2024-04-16 07:33:59', 8, '2024-04-16 01:05:31', 8, b'1', 0, 0),
(82, '2183', '325485929560', '', '2018-06-30', 20, 27, 0, 'VAISHNAVI NILESH JADHAO', 'female', 'HINDU', 'INDIAN', 'MARATHI', 'BANJARA', 'VJ', 'DARWHA', '', '12 years 7 months ', '2011-09-19', '', '5', 'ENGLISH', '0', '', '', 'NILESH', 'DARWHA', 'DARWHA', 'YAVATMAL', '', '', '8605386566', '0', NULL, 'SAPANA', '', '', '', '2024-25', 11, '2024-04-16 07:40:08', 8, NULL, 0, b'1', 0, 0),
(83, '1935', '997436513348', '', '2018-07-03', 20, 27, 0, 'MANASWI RAJKAMAL KAWALE', 'female', 'HINDU', 'INDIAN', 'MARATHI', 'KUNBI', 'OBC', 'DARWHA', '', '12 years 7 months ', '2011-09-25', '', '5', 'ENGLISH', '0', '', '', 'RAJKAMAL', 'DARWHA', 'DARWHA', 'YAVATMAL', '', '', '9921548222', '0', NULL, 'PUNAM', '', '', '', '2024-25', 11, '2024-04-16 07:42:38', 8, NULL, 0, b'1', 0, 0),
(84, '1935', '361320760667', '', '2018-06-29', 20, 27, 0, 'SHRAVANI AMOL KHADE', 'female', 'HINDU', 'INDIAN', 'MARATHI', 'KUNBI', 'OBC', 'DARWHA', '', '11 years 7 months ', '2012-09-17', '', '5', 'ENGLISH', '0', '', '', 'AMOL', 'DARWHA', 'DARWHA', 'YAVATMAL', '', '', '8380938208', '0', NULL, 'VIJAYA', '', '', '', '2024-25', 11, '2024-04-16 07:48:32', 8, NULL, 0, b'1', 0, 0),
(85, '2391', '', '', '2023-06-20', 20, 27, 0, 'KHAN RUMAISA AJAZ AHMED', 'female', 'ISLAM', 'INDIAN', 'URDU', 'MUSLIM', 'OPEN', 'DARWHA', '', '12 years 4 months ', '2012-10-19', '', '5', 'ENGLISH', '0', '', '', 'AJAZ AHMED', 'DARWHA', 'DARWHA', 'YAVATMAL', '', '', '9921863876', '0', NULL, 'SAMEENA', '', '', '', '2024-25', 11, '2024-04-18 01:52:35', 8, NULL, 0, b'1', 0, 0),
(86, '1931', '646237427205', '', '2018-07-03', 20, 27, 0, 'KHAN SOFIYA TARUF JAVED KHAN', 'female', 'ISLAM', 'INDIAN', 'URDU', 'MUSLIM', 'OPEN', 'DARWHA', '', '11 years 10 months ', '2012-06-02', '', '5', 'ENGLISH', '0', '', '', 'JAVED AHMAD KHAN', 'DARWHA', 'DARWHA', 'YAVATMAL', '', '', '9175309834', '0', NULL, 'HINA', '', '', '', '2024-25', 11, '2024-04-18 01:54:45', 8, NULL, 0, b'1', 0, 0),
(87, '2481', '843849104146', '', '2023-06-29', 20, 27, 0, 'JIVIKA ONKAR NIMKAR', 'female', 'HINDU', 'INDIAN', 'MARATHI', 'BARI', 'OBC', 'DARWHA', '', '0 years 10 months ', '2023-06-29', '', '5', 'ENGLISH', '0', '', '', 'ONKAR', 'DARWHA', 'DARWHA', 'YAVATMAL', '', '', '9960421818', '0', NULL, 'SONALI', '', '', '', '2024-25', 11, '2024-04-18 01:57:15', 8, NULL, 0, b'1', 0, 0),
(88, '1868', '998413501210', '', '2018-06-29', 20, 27, 0, 'MANSI DIGAMBAR PARDHI', 'female', 'HINDU', 'INDIAN', 'MARATHI', 'ANDH', 'ST', 'DARWHA', '', '13 years 3 months ', '2011-11-21', '', '5', 'ENGLISH', '0', '', '', 'SUNITA', 'DARWHA', 'DARWHA', 'YAVATMAL', '', '', '8308428552', '0', NULL, 'SUNITA DIGAMBAR PARDHI', '', '', '', '2024-25', 11, '2024-04-18 02:00:58', 8, NULL, 0, b'1', 0, 0),
(89, '1868', '998413501210', '', '2018-06-28', 20, 27, 0, 'PARIDHI SUNIL PAWAR', 'female', 'HINDU', 'INDIAN', 'MARATHI', 'BANJARA', 'VJ', 'DARWHA', '', '12 years 1 months ', '2012-03-09', '', '5', 'ENGLISH', '0', '', '', 'SUNL', 'DARWHA', 'DARWHA', 'YAVATMAL', '', '', '9595834646', '0', NULL, 'HEENA', '', '', '', '2024-25', 11, '2024-04-18 02:05:58', 8, NULL, 0, b'1', 0, 0),
(90, '1837', '203991038206', '', '2018-03-28', 20, 27, 0, 'ARYA GANESH RAUT', 'male', 'HINDU', 'INDIAN', 'HINDI', 'KUNBI', 'OBC', 'DARWHA', '', '12 years 3 months ', '2012-01-22', '', '5', 'ENGLISH', '0', '', '', 'GANESH', 'DARWHA', 'DARWHA', 'YAVATMAL', '', '', '9403147872', '0', NULL, '1837', '', '', '', '2024-25', 11, '2024-04-18 02:12:13', 8, NULL, 0, b'1', 0, 0),
(91, '', '318086889705', '', '2018-06-28', 20, 27, 0, 'MAHI PRAVIN RAUT', 'female', 'HINDU', 'INDIAN', 'MARATHI', 'MALI', 'OBC', 'DARWHA', '', '12 years 4 months ', '2012-10-22', '', '5', 'ENGLISH', '0', '', '', 'PRAVIN', 'DARWHA', 'DARWHA', 'YAVATMAL', '', '', '8788882984', '0', NULL, 'RUTUJA', '', '', '', '2024-25', 11, '2024-04-18 02:15:31', 8, NULL, 0, b'1', 0, 0),
(92, '1875', '535886294164', '', '2018-06-28', 20, 27, 0, 'PRACHI KRISHNA SAKHARKAR', 'female', 'HINDU', 'INDIAN', 'HINDI', 'SONAR', 'OBC', 'DARWHA', '', '13 years 4 months ', '2011-10-14', '', '5', 'ENGLISH', '0', '', '', 'KRISHNA', 'DARWHA', 'DARWHA', 'YAVATMAL', '', '', '9529886955', '0', NULL, 'KALPANA', '', '', '', '2024-25', 11, '2024-04-18 02:19:14', 8, NULL, 0, b'1', 0, 0),
(93, '1877', '853122744790', '', '2018-06-29', 20, 27, 0, 'SYED SARIYA TAZMEEN JAVED', 'female', 'ISLAM', 'INDIAN', 'URDU', 'MUSLIM', 'OPEN', 'DARWHA', '', '11 years 8 months ', '2012-08-02', '', '5', 'ENGLISH', '0', '', '', 'JAVED', 'DARWHA', 'DARWHA', 'YAVATMAL', '', '', '9421844680', '0', NULL, 'SHAIKA TABASSUM', '', '', '', '2024-25', 11, '2024-04-18 02:21:53', 8, NULL, 0, b'1', 0, 0),
(94, '1934', '350541360259', '', '2018-07-03', 20, 27, 1, 'SYED ZAKERIYA MUKADDAR ALI', 'female', 'ISLAM', 'INDIAN', 'URDU', 'MUSLIM', 'OPEN', 'DARWHA', '', '12 years 11 months ', '2011-05-25', '', '5', 'ENGLISH', '0', '', '', 'MUKADDAR ALI', 'DARWHA', 'DARWHA', 'YAVATMAL', '', '', '9028257637', '0', NULL, 'SHAHEZADI PARVEEN', '', '', '', '2024-25', 11, '2024-04-18 02:24:50', 8, NULL, 0, b'1', 0, 0),
(95, '2371', '691998321757', '', '2023-05-08', 20, 27, 0, 'SHREYA SANTOSH TAYADE', 'female', 'BOUDDHA', 'INDIAN', 'MARATHI', 'MAHAR', 'SC', 'DARWHA', '', '11 years 10 months ', '2012-06-12', '', '', 'ENGLISH', '0', '', '', 'SANTOSH', 'DARWHA', 'DARWHA', 'YAVATMAL', '', '', '9529392338', '0', NULL, 'VARSHA', '', '', '', '2024-25', 11, '2024-04-18 02:26:55', 8, NULL, 0, b'1', 0, 0),
(96, '1874', '547083085254', '', '2018-06-28', 20, 27, 0, 'ARADHYA UMESH WANKHADE', 'female', 'BOUDDHA', 'INDIAN', 'MARATHI', 'MAHAR', 'SC', 'DARWHA', '', '13 years 2 months ', '2011-12-06', '', '5', 'ENGLISH', '0', '', '', 'UMESH', 'DARWHA', 'DARWHA', 'YAVATMAL', '', '', '9309443728', '0', NULL, 'SWETA', '', '', '', '2024-25', 11, '2024-04-18 02:28:45', 8, NULL, 0, b'1', 0, 0),
(97, '2438', '', '', '2023-06-22', 24, 20, 0, 'AVANI PAVAN KALE', 'female', 'HINDU', 'INDIAN', 'MARATHI', 'KUNBI', 'OBC', 'DARWHA', '', '7 years 4 months ', '2017-10-02', '', '', 'ENGLISH', '0', '', '', 'PAVAN', 'DARWHA', 'DARWHA', 'YAVATMAL', '', '', '7517068111', '0', NULL, 'SARIKA', '', '', '', '2025-26', 14, '2024-04-18 03:02:37', 8, NULL, 0, b'1', 0, 0),
(98, '2437', '', '', '2023-06-22', 24, 20, 0, 'SANVI CHHAGAN KATKE', 'female', 'BOUDDHA', 'INDIAN', 'MARATHI', 'MAHAR', 'SC', 'DARWHA', '', '7 years 3 months ', '2017-01-17', '', '', 'ENGLISH', '0', '', '', 'CHHAGAN', 'DARWHA', 'DARWHA', 'YAVATMAL', '', '', '7517068111', '0', NULL, 'SHILPA', '', '', '', '2025-26', 14, '2024-04-18 03:14:10', 8, NULL, 0, b'1', 0, 0),
(99, '2449', '', '', '2013-06-24', 24, 20, 0, 'RAJVI PANKAJ KHADE', 'female', 'HINDU', 'INDIAN', 'MARATHI', 'KUNBI', 'OBC', 'DARWHA', '', '7 years 3 months ', '2017-01-31', '', '', 'ENGLISH', '0', '', '', 'PANKAJ', 'DARWHA', 'DARWHA', 'YAVATMAL', '', '', '7517068111', '0', NULL, 'VRUSHALI', '', '', '', '2025-26', 14, '2024-04-18 03:15:50', 8, NULL, 0, b'1', 0, 0),
(100, '', '', '', '2023-06-22', 25, 18, 0, 'REVA YOGESH KHADSE', 'female', 'HINDU', 'INDIAN', 'MARATHI', 'KUNBI', 'OBC', 'DARWHA', '', '6 years 7 months ', '2017-09-25', '', '', 'ENGLISH', '0', '', '', 'YOGESH', 'DARWHA', 'DARWHA', 'YAVATMAL', '', '', '7517068111', '0', NULL, 'MAMTA', '', '', '', '2025-26', 14, '2024-04-18 03:17:39', 8, NULL, 0, b'1', 0, 0),
(101, '2415', '', '', '2023-06-21', 24, 20, 0, 'AKSHAL SUNIL KHODKE', 'male', 'HINDU', 'INDIAN', 'MARATHI', 'DHANGAR', 'NT', 'DARWHA', '', '7 years 3 months ', '2017-01-20', '', '', 'ENGLISH', '0', '', '', 'SUNIL', 'DARWHA', 'DARWHA', 'YAVATMAL', '', '', '7517068111', '0', NULL, 'MINAL', '', '', '', '2025-26', 14, '2024-04-18 03:19:59', 8, NULL, 0, b'1', 0, 0),
(102, '2413', '', '', '2023-06-21', 25, 18, 0, 'BAKTI AMOL KHODE', 'female', 'HINDU', 'INDIAN', 'MARATHI', 'KUNBI', 'OBC', 'DARWHA', '', '7 years 0 months ', '2017-04-07', '', '', 'ENGLISH', '0', '', '', 'AMOL', 'DARWHA', 'DARWHA', 'YAVATMAL', '', '', '7517068111', '0', NULL, 'MADHURI', '', '', '', '2025-26', 14, '2024-04-18 03:22:01', 8, NULL, 0, b'1', 0, 0),
(103, '2405', '', '', '2023-06-20', 24, 20, 0, 'RUDRAKSHI NITESH MAHALLE', 'female', 'HINDU', 'INDIAN', 'MARATHI', 'KUNBI', 'OBC', 'DARWHA', '', '6 years 9 months ', '2017-07-22', '', '', 'ENGLISH', '0', '', '', 'NITESH', 'DARWHA', 'DARWHA', 'YAVATMAL', '', '', '7517068111', '0', NULL, 'SARITA', '', '', '', '2025-26', 14, '2024-04-18 03:23:33', 8, NULL, 0, b'1', 0, 0),
(104, '2414', '', '', '2023-06-21', 25, 18, 0, 'SANSKRUTI NARENDRA MANGE', 'female', 'HINDU', 'INDIAN', 'MARATHI', 'KUNBI', 'OBC', 'DARWHA', '', '6 years 3 months ', '2018-11-15', '', '1', 'ENGLISH', '0', '', '', 'NARENDRA', 'DARWHA', 'DARWHA', 'YAVATMAL', '', '', '7517068111', '0', NULL, 'DEVSHALA', '', '', '', '2024-25', 11, '2024-04-18 03:25:26', 8, NULL, 0, b'1', 0, 0),
(105, '2469', '', '', '2023-06-24', 24, 20, 0, 'MAZIBA KAZI', 'female', 'ISLAM', 'INDIAN', 'URDU', 'MUSLIM', 'OPEN', 'DARWHA', '', '7 years 2 months ', '2017-02-25', '', '', 'ENGLISH', '0', '', '', 'KAZI', 'DARWHA', 'DARWHA', 'YAVATMAL', '', '', '7517068111', '0', NULL, 'RAZIYA KAZI', '', '', '', '2025-26', 14, '2024-04-18 03:27:46', 8, NULL, 0, b'1', 0, 0),
(106, '2404', '', '', '2023-06-20', 24, 20, 0, 'KANAK VRUSHABH MUTHA', 'female', 'JAIN', 'INDIAN', 'HINDI', 'JAIN', 'OPEN', 'DARWHA', '', '7 years 2 months ', '2017-12-20', '', '', 'ENGLISH', '0', '', '', 'VRUSHABH', 'DARWHA', 'DARWHA', 'YAVATMAL', '', '', '7517068111', '0', NULL, 'ANUJA', '', '', '', '2025-26', 14, '2024-04-18 03:30:16', 8, NULL, 0, b'1', 0, 0),
(107, '2432', '', '', '2023-06-26', 24, 20, 0, 'PURVA DIPAK NIMBARTE', 'female', 'HINDU', 'INDIAN', 'MARATHI', 'KUNBI', 'OBC', 'DARWHA', '', '7 years 7 months ', '2016-09-05', '', '', 'ENGLISH', '0', '', '', 'DIPAK', 'DARWHA', 'DARWHA', 'YAVATMAL', '', '', '7517068111', '0', NULL, 'SHITAL', '', '', '', '2025-26', 14, '2024-04-18 03:31:52', 8, NULL, 0, b'1', 0, 0),
(108, '2451', '', '', '2023-06-24', 24, 20, 0, 'DEVIKA SANDIP NIMKAR', 'female', 'HINDU', 'INDIAN', 'MARATHI', 'BARI', 'OBC', 'DARWHA', '', '8 years 4 months ', '2016-10-31', '', '', 'ENGLISH', '0', '', '', 'SANDIP', 'DARWHA', 'DARWHA', 'YAVATMAL', '', '', '7517068111', '0', NULL, 'ROSHANI', '', '', '', '2025-26', 14, '2024-04-18 03:33:38', 8, NULL, 0, b'1', 0, 0),
(109, '2496', '', '', '2023-07-20', 24, 20, 0, 'ARADHYA SHYAM PATIL', 'female', 'HINDU', 'INDIAN', 'MARATHI', 'KUNBI', 'OBC', 'DARWHA', '', '7 years 2 months ', '2017-02-24', '', '', 'ENGLISH', '0', '', '', 'SHYAM', 'DARWHA', 'DARWHA', 'YAVATMAL', '', '', '7517068111', '0', NULL, 'MADHURI', '', '', '', '2025-26', 14, '2024-04-18 08:10:50', 8, NULL, 0, b'1', 0, 0),
(110, '2466', '', '', '2023-06-24', 24, 20, 0, 'ISHWARI KRUSHNA SAKHARKAR', 'female', 'HINDU', 'INDIAN', 'MARATHI', 'SONAR', 'OBC', 'DARWHA', '', '8 years 3 months ', '2016-11-19', '', '', 'ENGLISH', '0', '', '', 'KRUSHNA', 'DARWHA', 'DARWHA', 'YAVATMAL', '', '', '7517068111', '0', NULL, 'KALPANA', '', '', '', '2025-26', 14, '2024-04-18 08:15:18', 8, NULL, 0, b'1', 0, 0),
(111, '2402', '', '', '2023-06-20', 24, 20, 0, 'SHAIKH UMME AMMERA NASIR', 'female', 'ISLAM', 'INDIAN', 'URDU', 'MUSLIM', 'OPEN', 'DARWHA', '', '8 years 3 months ', '2016-11-21', '', '', 'ENGLISH', '0', '', '', 'NASIR', 'DARWHA', 'DARWHA', 'YAVATMAL', '', '', '7517068111', '0', NULL, 'FARANA KHANAM', '', '', '', '2025-26', 14, '2024-04-18 08:17:51', 8, NULL, 0, b'1', 0, 0),
(112, '2399', '', '', '2023-06-20', 24, 20, 0, 'SHAIKH MUSHFERA FATIMA', 'female', 'ISLAM', 'INDIAN', 'URDU', 'MUSLIM', 'OPEN', 'DARWHA', '', '8 years 2 months ', '2016-12-12', '', '', 'ENGLISH', '0', '', '', 'LAL', 'DARWHA', 'DARWHA', 'YAVATMAL', '', '', '7517068111', '0', NULL, 'NISHAT', '', '', '', '2025-26', 14, '2024-04-18 08:19:36', 8, NULL, 0, b'1', 0, 0),
(113, '2416', '', '', '2023-06-21', 24, 20, 0, 'HRIDIKA UMESH SHARMA', 'female', 'HINDU', 'INDIAN', 'HINDI', 'BRAHMAN', 'OPEN', 'DARWHA', '', '7 years 3 months ', '2017-01-12', '', '', 'ENGLISH', '0', '', '', 'UMESH', 'DARWHA', 'DARWHA', 'YAVATMAL', '', '', '7517068111', '0', NULL, 'AMRUTA', '', '', '', '2025-26', 14, '2024-04-18 08:23:13', 8, NULL, 0, b'1', 0, 0),
(114, '2452', '', '', '2023-06-24', 24, 20, 0, 'VAISHNAVI RAVI SHENDURKAR', 'female', 'HINDU', 'INDIAN', 'MARATHI', 'MALI', 'OBC', 'DARWHA', '', '6 years 11 months ', '2017-05-11', '', '', 'ENGLISH', '0', '', '', 'RAVI', 'DARWHA', 'DARWHA', 'YAVATMAL', '', '', '7517068111', '0', NULL, 'RUPALI', '', '', '', '2025-26', 14, '2024-04-18 08:25:04', 8, NULL, 0, b'1', 0, 0),
(115, '2467', '', '', '2023-06-24', 24, 20, 0, 'AYEZA QUAZI SYED SAMEEDUDDIN', 'female', 'ISLAM', 'INDIAN', 'URDU', 'MUSLIM', 'OPEN', 'DARWHA', '', '6 years 3 months ', '2018-01-01', '', '', 'ENGLISH', '0', '', '', 'SAMEEDUDDIN', 'DARWHA', 'DARWHA', 'YAVATMAL', '', '', '7517068111', '0', NULL, 'DARSHANA', '', '', '', '2025-26', 14, '2024-04-18 08:26:54', 8, NULL, 0, b'1', 0, 0),
(116, '2419', '', '', '2023-06-21', 24, 20, 0, 'DEVASHRI RAHUL TAYADE', 'female', 'HINDU', 'INDIAN', 'MARATHI', 'BARI', 'OBC', 'DARWHA', '', '7 years 2 months ', '2017-02-24', '', '', 'ENGLISH', '0', '', '', 'RAHUL', 'DARWHA', 'DARWHA', 'YAVATMAL', '', '', '7517068111', '0', NULL, 'DARSHANA', '', '', '', '2025-26', 14, '2024-04-18 08:30:00', 8, NULL, 0, b'1', 0, 0),
(117, '2441', '', '', '2023-06-21', 24, 20, 0, 'PRASANNA KISHOR JADHAO', 'male', 'HINDU', 'INDIAN', 'HINDI', 'BANJARA', 'VJ', 'DARWHA', '', '7 years 11 months ', '2016-05-18', '', '', 'ENGLISH', '0', '', '', 'KISHOR', 'DARWHA', 'DARWHA', 'YAVATMAL', '', '', '7517068111', '0', NULL, 'VAISHALI', '', '', '', '2025-26', 14, '2024-04-18 08:32:12', 8, NULL, 0, b'1', 0, 0),
(118, '2461', '', '', '2023-06-24', 24, 20, 1, 'TANUSH KANHUSING JADHAO', 'male', 'HINDU', 'INDIAN', 'HINDI', 'BANJARA', 'VJ', 'DARWHA', '', '6 years 8 months ', '2017-08-26', '', '', 'ENGLISH', '0', '', '', 'KANHUSING', 'DARWHA', 'DARWHA', 'YAVATMAL', '', '', '7517068111', '0', NULL, 'PUNAM', '', '', '', '2025-26', 14, '2024-04-18 08:34:12', 8, NULL, 0, b'1', 0, 0),
(119, '2462', '', '', '2023-06-24', 24, 20, 0, 'SWASTIK JAYKUMAR KANOJE', 'male', 'HINDU', 'INDIAN', 'HINDI', 'BHUJWA', 'OBC', 'DARWHA', '', '7 years 3 months ', '2017-01-31', '', '', 'ENGLISH', '0', '', '', 'JAYKUMAR', 'DARWHA', 'DARWHA', 'YAVATMAL', '', '', '7517068111', '0', NULL, 'ASTHA', '', '', '', '2025-26', 14, '2024-04-18 08:40:44', 8, NULL, 0, b'1', 0, 0),
(120, '2425', '', '', '2023-06-21', 24, 20, 0, 'RUDRA SURAJ KHANDADE', 'male', 'HINDU', 'INDIAN', 'MARATHI', 'WANI', 'OBC', 'DARWHA', '', '7 years 3 months ', '2017-01-16', '', '', 'ENGLISH', '0', '', '', 'SURAJ', 'DARWHA', 'DARWHA', 'YAVATMAL', '', '', '7517068111', '0', NULL, 'SWATI', '', '', '', '2025-26', 14, '2024-04-18 08:42:40', 8, NULL, 0, b'1', 0, 0),
(121, '', '', '', '2023-06-21', 24, 20, 0, 'MOHD BILAL ASIF KHAN', 'male', 'ISLAM', 'INDIAN', 'URDU', 'MUSLIM', 'OPEN', 'DARWHA', '', '1 years 3 months ', '2023-01-01', '', '', 'ENGLISH', '0', '', '', 'ASIF', 'DARWHA', 'DARWHA', 'YAVATMAL', '', '', '7517068111', '0', NULL, 'MAA', '', '', '', '2025-26', 14, '2024-04-18 09:00:37', 8, NULL, 0, b'1', 0, 0),
(122, '2405', '', '', '2023-06-20', 24, 20, 0, 'RAGHAV PAVAN MAHALLE', 'male', 'HINDU', 'INDIAN', 'MARATHI', 'KUNBI', 'OBC', 'DARWHA', '', '7 years 2 months ', '2017-02-22', '', '', 'ENGLISH', '0', '', '', 'PAVAN', 'DARWHA', 'DARWHA', 'YAVATMAL', '', '', '7517068111', '0', NULL, 'SARITA', '', '', '', '2025-26', 14, '2024-04-18 09:03:05', 8, NULL, 0, b'1', 0, 0),
(123, '2429', '', '', '2023-06-22', 24, 20, 0, 'ANAY SACHIN MATODE', 'male', 'HINDU', 'INDIAN', 'MARATHI', 'KUNBI', 'OBC', 'DARWHA', '', '7 years 1 months ', '2017-03-03', '', '', 'ENGLISH', '0', '', '', 'SACHIN', 'DARWHA', 'DARWHA', 'YAVATMAL', '', '', '7517068111', '0', NULL, 'NESHA', '', '', '', '2025-26', 14, '2024-04-18 09:07:53', 8, NULL, 0, b'1', 0, 0),
(124, '2468', '', '', '2023-06-24', 24, 20, 0, 'PRAFUL NILKANTH MIRASE', 'male', 'HINDU', 'INDIAN', 'MARATHI', 'ANDH', 'ST', 'DARWHA', '', '7 years 8 months ', '2016-08-08', '', '', 'ENGLISH', '0', '', '', 'NILKANTH', 'DARWHA', 'DARWHA', 'YAVATMAL', '', '', '7517068111', '0', NULL, 'NANDA', '', '', '', '2025-26', 14, '2024-04-18 09:10:16', 8, NULL, 0, b'1', 0, 0),
(125, '', '', '', '2023-06-22', 24, 20, 0, 'MIRZA HUZAIFA BAIG', 'male', 'ISLAM', 'INDIAN', 'URDU', 'MUSLIM', 'OPEN', 'DARWHA', '', '8 years 2 months ', '2016-02-05', '', '', 'ENGLISH', '0', '', '', 'BAIG', 'DARWHA', 'DARWHA', 'YAVATMAL', '', '', '7517068111', '0', NULL, 'AYESH', '', '', '', '2025-26', 14, '2024-04-18 09:20:22', 8, NULL, 0, b'1', 0, 0),
(126, '2464', '', '', '2023-06-24', 24, 20, 0, 'MUDIT SURAJ MUTHA', 'male', 'JAIN', 'INDIAN', 'HINDI', 'JAIN', 'OPEN', 'DARWHA', '', '7 years 1 months ', '2017-03-18', '', '', 'ENGLISH', '0', '', '', 'SURAJ', 'DARWHA', 'DARWHA', 'YAVATMAL', '', '', '7517068111', '0', NULL, 'SURAJ', '', '', '', '2025-26', 14, '2024-04-18 09:22:15', 8, NULL, 0, b'1', 0, 0),
(127, '2450', '', '', '2023-06-24', 24, 20, 0, 'SPARSH SHARAD RATHI', 'male', 'HINDU', 'INDIAN', 'HINDI', 'MAHESHWARI', 'OPEN', 'DARWHA', '', '8 years 4 months ', '2016-10-31', '', '', 'ENGLISH', '0', '', '', 'SHARAD', 'DARWHA', 'DARWHA', 'YAVATMAL', '', '', '7517068111', '0', NULL, 'POOJA', '', '', '', '2025-26', 14, '2024-04-18 09:24:25', 8, NULL, 0, b'1', 0, 0),
(128, '2447', '', '', '2023-06-24', 24, 20, 0, 'ARUSH MANISH RATHOD', 'male', 'HINDU', 'INDIAN', 'MARATHI', 'BANJARA', 'VJ', 'DARWHA', '', '6 years 9 months ', '2017-07-02', '', '', 'ENGLISH', '0', '', '', 'MANISH', 'DARWHA', 'DARWHA', 'YAVATMAL', '', '', '7517068111', '0', NULL, 'ARTI', '', '', '', '2025-26', 14, '2024-04-18 09:26:32', 8, NULL, 0, b'1', 0, 0),
(129, '2460', '', '', '2023-06-24', 24, 20, 0, 'SUMIT DUSHYANT RAUT', 'male', 'HINDU', 'INDIAN', 'MARATHI', 'KUNBI', 'OBC', 'DARWHA', '', '6 years 7 months ', '2017-09-25', '', '', 'ENGLISH', '0', '', '', 'DUSHYANT', 'DARWHA', 'DARWHA', 'YAVATMAL', '', '', '7517068111', '0', NULL, 'SHITAL', '', '', '', '2025-26', 14, '2024-04-18 09:28:20', 8, NULL, 0, b'1', 0, 0),
(130, '2460', '', '', '2024-06-24', 24, 20, 0, 'AMIT DUSHYANT RAUT', 'male', 'HINDU', 'INDIAN', 'MARATHI', 'KUNBI', 'OBC', 'DARWHA', '', '6 years 7 months ', '2017-09-25', '', '', 'ENGLISH', '0', '', '', 'DUSHYANT', 'DARWHA', 'DARWHA', 'YAVATMAL', '', '', '7517068111', '0', NULL, 'SHITAL', '', '', '', '2025-26', 14, '2024-04-18 09:29:57', 8, NULL, 0, b'1', 0, 0),
(131, '2497', '', '', '2023-07-20', 24, 20, 0, 'ARJAAN FAIZAL SALEEM', 'male', 'ISLAM', 'INDIAN', 'URDU', 'MUSLIM', 'OPEN', 'DARWHA', '', '6 years 7 months ', '2017-09-22', '', '', 'ENGLISH', '0', '', '', 'SALEEM', 'DARWHA', 'DARWHA', 'YAVATMAL', '', '', '7517068111', '0', NULL, 'FAHIMEEDA', '', '', '', '2025-26', 14, '2024-04-18 09:31:29', 8, NULL, 0, b'1', 0, 0);
INSERT INTO `student` (`student_id`, `registration_no`, `aadhar_no`, `saral_id`, `register_date`, `class_id`, `section_id`, `rte_applicable`, `fullname`, `gender`, `religion`, `nationality`, `mother_tounge`, `caste`, `category`, `place_of_birth`, `image`, `age`, `dob`, `last_school`, `last_class`, `last_medium`, `is_last_school_recognize`, `sought_admission_in_class`, `medium`, `father_name`, `at_post`, `tahsil`, `dist`, `occupation`, `ph_no`, `mobile_no`, `parent_on_service`, `office_address_phone_no`, `mother_full_name`, `annual_income`, `local_address`, `relation_ship_with_parent`, `academic_year`, `session_id`, `created_at`, `created_by`, `modified_at`, `modified_by`, `is_active`, `old_fees`, `paid_fees`) VALUES
(132, '2396', '', '', '2023-06-20', 24, 20, 0, 'MAYANK SHRIJAY TAYADE', 'male', 'HINDU', 'INDIAN', 'MARATHI', 'BARI', 'OBC', 'DARWHA', '', '6 years 9 months ', '2017-07-25', '', '', 'ENGLISH', '0', '', '', 'SHRIJAY', 'DARWHA', 'DARWHA', 'YAVATMAL', '', '', '7517068111', '0', NULL, 'ASHWINI', '', '', '', '2025-26', 14, '2024-04-18 09:33:10', 8, NULL, 0, b'1', 0, 0),
(133, '2407', '', '', '2023-06-20', 24, 20, 0, 'DEVANT MAYUR THAKARE', 'male', 'HINDU', 'INDIAN', 'MARATHI', 'KUNBI', 'OBC', 'DARWHA', '', '8 years 3 months ', '2016-11-20', '', '', 'ENGLISH', '0', '', '', 'MAYUR', 'DARWHA', 'DARWHA', 'YAVATMAL', '', '', '7517068111', '0', NULL, 'VARSHA', '', '', '', '2025-26', 14, '2024-04-18 09:35:32', 8, NULL, 0, b'1', 0, 0),
(134, '2439', '', '', '2023-06-22', 24, 20, 0, 'ABHINAV PAWAN TULJAPURE', 'male', 'HINDU', 'INDIAN', 'MARATHI', 'MARATHA', 'OPEN', 'DARWHA', '', '7 years 0 months ', '2017-04-05', '', '', 'ENGLISH', '0', '', '', 'PAWAN', 'DARWHA', 'DARWHA', 'YAVATMAL', '', '', '7517068111', '0', NULL, 'MAYURI', '', '', '', '2025-26', 14, '2024-04-18 09:37:35', 8, NULL, 0, b'1', 0, 0),
(135, '2464', '', '', '2023-06-24', 24, 20, 0, 'KSHITIJ JANARDAN TUNGAR', 'male', 'HINDU', 'INDIAN', 'MARATHI', 'BANJARA', 'VJ', 'DARWHA', '', '6 years 11 months ', '2017-05-01', '', '', 'ENGLISH', '0', '', '', 'JANARDAN', 'DARWHA', 'DARWHA', 'YAVATMAL', '', '', '7517068111', '0', NULL, 'SEEMA', '', '', '', '2025-26', 14, '2024-04-18 09:39:08', 8, NULL, 0, b'1', 0, 0),
(136, '2401', '', '', '2023-06-20', 24, 20, 0, 'NISHAD DINSHRAO ZADE', 'male', 'HINDU', 'INDIAN', 'MARATHI', 'KASAR', 'OBC', 'DARWHA', '', '7 years 0 months ', '2017-04-21', '', '', 'ENGLISH', '0', '', '', 'DINESHRAO', 'DARWHA', 'DARWHA', 'YAVATMAL', '', '', '7517068111', '0', NULL, 'VRUSHALI', '', '', '', '2025-26', 14, '2024-04-18 09:40:45', 8, NULL, 0, b'1', 0, 0),
(137, '2105', '', '', '2020-06-13', 22, 23, 0, 'SWARALI PANKAJ AGHAME', 'female', 'BOUDDHA', 'INDIAN', 'MARATHI', 'MAHAR', 'SC', 'DARWHA', '', '9 years 10 months ', '2014-06-04', '', '3', 'ENGLISH', '0', '', '', 'PANKAJ', 'DARWHA', 'DARWHA', 'YAVATMAL', '', '', '7517068111', '0', NULL, 'KARTIKI', '', '', '', '2024-25', 11, '2024-04-19 03:58:31', 8, NULL, 0, b'1', 0, 0),
(138, '2068', '', '', '2020-05-02', 22, 23, 0, 'GUNJALI LAXMAN BHALERAO', 'female', 'HINDU', 'INDIAN', 'MARATHI', 'KUNBI', 'OBC', 'DARWHA', '', '10 years 2 months ', '2014-02-01', '', '3', 'ENGLISH', '0', '', '', 'LAXMAN', 'DARWHA', 'DARWHA', 'YAVATMAL', '', '', '7517068111', '0', NULL, 'CHANCHALA', '', '', '', '2024-25', 11, '2024-04-19 09:23:07', 8, NULL, 0, b'1', 0, 0),
(139, '2103', '', '', '2020-06-13', 22, 23, 0, 'AKANSHA NITIN CHATUR', 'female', 'HINDU', 'INDIAN', 'MARATHI', 'KUNBI', 'OBC', 'DARWHA', '', '10 years 9 months ', '2013-07-11', '', '3', 'ENGLISH', '0', '', '', 'NITIN', 'DARWHA', 'DARWHA', 'YAVATMAL', '', '', '7517068111', '0', NULL, 'RUPALI', '', '', '', '2024-25', 11, '2024-04-19 09:25:00', 8, NULL, 0, b'1', 0, 0),
(140, '2389', '', '', '2023-06-14', 22, 23, 0, 'ANUSHKA PRADIP CHIRDE', 'female', 'HINDU', 'INDIAN', 'MARATHI', 'BARI', 'OBC', 'DARWHA', '', '9 years 7 months ', '2014-09-18', '', '3', 'ENGLISH', '0', '', '', 'PRADIP', 'DARWHA', 'DARWHA', 'YAVATMAL', '', '', '7517068111', '0', NULL, 'KALPANA', '', '', '', '2024-25', 11, '2024-04-19 09:26:57', 8, NULL, 0, b'1', 0, 0),
(141, '2097', '', '', '2020-06-13', 22, 23, 0, 'PURVI RANJIT DESHMUKH', 'female', 'HINDU', 'INDIAN', 'MARATHI', 'MARATHA', 'OPEN', 'DARWHA', '', '10 years 1 months ', '2014-03-16', '', '', 'ENGLISH', '0', '', '', 'RANJIT      ', 'DARWHA', 'DARWHA', 'YAVATMAL', '', '', '7517068111', '0', NULL, 'SONALI', '', '', '', '2024-25', 11, '2024-04-19 09:33:54', 8, NULL, 0, b'1', 0, 0),
(142, '2078', '', '', '2020-06-13', 22, 23, 0, 'PRACHI VINOD GANDHE', 'female', 'HINDU', 'INDIAN', 'MARATHI', 'DHANGAR', 'NT', 'DARWHA', '', '9 years 10 months ', '2014-06-04', '', '', 'ENGLISH', '0', '', '', 'VINOD', 'DARWHA', 'DARWHA', 'YAVATMAL', '', '', '7517068111', '0', NULL, 'SHITAAL', '', '', '', '2024-25', 11, '2024-04-19 09:37:19', 8, NULL, 0, b'1', 0, 0),
(143, '2388', '', '', '2023-06-13', 22, 23, 0, 'SWARA RAHUL GAWAI', 'female', 'BOUDDHA', 'INDIAN', 'MARATHI', 'MAHAR', 'SC', 'DARWHA', '', '9 years 8 months ', '2014-08-05', '', '', 'ENGLISH', '0', '', '', 'RAHUL', 'DARWHA', 'DARWHA', 'YAVATMAL', '', '', '7517068111', '0', NULL, 'JAGRUTI', '', '', '', '2024-25', 11, '2024-04-19 09:39:05', 8, NULL, 0, b'1', 0, 0),
(144, '2061', '', '', '2023-06-13', 22, 23, 1, 'KAVYA KRISHNACHAND GOHEL', 'female', 'HINDU', 'INDIAN', 'HINDI', 'SHIMPI', 'OBC', 'DARWHA', '', '9 years 8 months ', '2014-08-22', '', '3', 'ENGLISH', '0', '', '', 'KRISHNACHAND', 'DARWHA', 'DARWHA', 'YAVATMAL', '', '', '7517068111', '0', NULL, 'SHWETA', '', '', '', '2024-25', 11, '2024-04-19 09:40:50', 8, NULL, 0, b'1', 0, 0),
(145, '2083', '', '', '2020-05-02', 22, 23, 0, 'JANVHI DIPAK INGOLE', 'female', 'HINDU', 'INDIAN', 'MARATHI', 'BARI', 'OBC', 'DARWHA', '', '11 years 4 months ', '2013-10-25', '', '', 'ENGLISH', '0', '', '', 'DIPAK', 'DARWHA', 'DARWHA', 'YAVATMAL', '', '', '7517068111', '0', NULL, 'POOJA', '', '', '', '2024-25', 11, '2024-04-19 09:45:49', 8, NULL, 0, b'1', 0, 0),
(146, '2091', '', '', '2022-11-29', 22, 23, 0, 'ANABIYA FATEMA', 'female', 'ISLAM', 'INDIAN', 'URDU', 'MUSLIM', 'OPEN', 'DARWHA', '', '9 years 8 months ', '2014-08-13', '', '3', 'ENGLISH', '0', '', '', 'INAMDAR', 'DARWHA', 'DARWHA', 'YAVATMAL', '', '', '7517068111', '0', NULL, 'RUKSAR PARVEEN', '', '', '', '2024-25', 11, '2024-04-19 09:47:49', 8, NULL, 0, b'1', 0, 0),
(147, '2239', '', '', '2022-06-23', 22, 23, 0, 'KAUSAR ALSHIBA AZIM', 'female', 'ISLAM', 'INDIAN', 'URDU', 'MUSLIM', 'OPEN', 'DARWHA', '', '10 years 3 months ', '2014-01-16', '', '', 'ENGLISH', '0', '', '', 'AZIM', 'DARWHA', 'DARWHA', 'YAVATMAL', '', '', '7517068111', '0', NULL, 'RUKSAR PARVEEN', '', '', '', '2024-25', 11, '2024-04-19 09:49:50', 8, NULL, 0, b'1', 0, 0),
(148, '2363', '', '', '2022-11-29', 22, 23, 0, 'FATEMA ASIF KHAN', 'female', 'ISLAM', 'INDIAN', 'URDU', 'MUSLIM', 'OPEN', 'DARWHA', '', '10 years 1 months ', '2014-03-28', '', '', 'ENGLISH', '0', '', '', 'SHAHIN PARVEEN', 'DARWHA', 'DARWHA', 'YAVATMAL', '', '', '7517068111', '0', NULL, 'SHAEEN PARVEEN', '', '', '', '2024-25', 11, '2024-04-19 09:51:49', 8, NULL, 0, b'1', 0, 0),
(149, '2171', '', '', '2021-07-07', 22, 23, 0, 'ALIZA FATEMA TUKADI', 'female', 'ISLAM', 'INDIAN', 'URDU', 'MUSLIM', 'OPEN', 'DARWHA', '', '10 years 2 months ', '2014-02-27', '', '3', 'ENGLISH', '0', '', '', 'TUKADI', 'DARWHA', 'DARWHA', 'YAVATMAL', '', '', '7517068111', '0', NULL, 'SHIFA', '', '', '', '2024-25', 11, '2024-04-19 09:53:38', 8, NULL, 0, b'1', 0, 0),
(150, '2341', '', '', '2022-07-12', 22, 23, 0, 'MUNNA GAJANAN ADE', 'male', 'HINDU', 'INDIAN', 'MARATHI', 'BANJARA', 'VJ', 'DARWHA', '', '9 years 9 months ', '2014-07-22', '', '', 'ENGLISH', '0', '', '', 'GAJANAN', 'DARWHA', 'DARWHA', 'YAVATMAL', '', '', '7517068111', '0', NULL, 'SUNITA', '', '', '', '2024-25', 11, '2024-04-19 09:55:24', 8, NULL, 0, b'1', 0, 0),
(151, '2107', '', '', '2020-06-13', 22, 23, 1, 'HARDIK PANKAJ BOLE ', 'male', 'HINDU', 'INDIAN', 'MARATHI', 'MALI', 'OBC', 'DARWHA', '', '10 years 3 months ', '2014-01-28', '', '3', 'ENGLISH', '0', '', '', 'PANKAJ', 'DARWHA', 'DARWHA', 'YAVATMAL', '', '', '7517068111', '0', NULL, 'VAISHALI', '', '', '', '2024-25', 11, '2024-04-19 09:57:58', 8, NULL, 0, b'1', 0, 0),
(152, '2072', '', '', '2020-05-02', 22, 23, 0, 'SAI ARAVIND  BHAGAT', 'male', 'HINDU', 'INDIAN', 'MARATHI', 'MALI', 'OBC', 'DARWHA', '', '10 years 2 months ', '2014-12-16', '', '3', 'ENGLISH', '0', '', '', 'ARAVIND', 'DARWHA', 'DARWHA', 'YAVATMAL', '', '', '7517068111', '0', NULL, 'HEMA', '', '', '', '2024-25', 11, '2024-04-19 10:00:43', 8, NULL, 0, b'1', 0, 0),
(153, '', '', '', '2020-05-02', 22, 23, 0, 'MAYUR UMESH DHAWANE', 'male', 'BOUDDHA', 'INDIAN', 'MARATHI', 'MAHAR', 'SC', 'DARWHA', '', '10 years 2 months ', '2014-12-16', '', '3', 'ENGLISH', '0', '', '', 'UMESH', 'DARWHA', 'DARWHA', 'YAVATMAL', '', '', '7517068111', '0', NULL, 'NISHA', '', '', '', '2024-25', 11, '2024-04-19 10:02:54', 8, NULL, 0, b'1', 0, 0),
(154, '2098', '', '', '2014-06-08', 22, 23, 0, 'PUSHKAR SANDIP DESHMUKH', 'male', 'HINDU', 'INDIAN', 'MARATHI', 'MARATHA', 'OPEN', 'DARWHA', '', '9 years 10 months ', '2014-06-08', '', '3', 'ENGLISH', '0', '', '', 'SANDIP', 'DARWHA', 'DARWHA', 'YAVATMAL', '', '', '7517068111', '0', NULL, 'DEEPALI', '', '', '', '2024-25', 11, '2024-04-19 10:11:14', 8, NULL, 0, b'1', 0, 0),
(155, '2225', '', '', '2022-05-02', 22, 23, 0, 'SMIT SHASHANK DUDDHALWAR', 'male', 'HINDU', 'INDIAN', 'MARATHI', 'KOMTI', 'OPEN', 'DARWHA', '', '9 years 8 months ', '2014-08-27', '', '3', 'ENGLISH', '0', '', '', 'SHASHANK', 'DARWHA', 'DARWHA', 'YAVATMAL', '', '', '7517068111', '0', NULL, 'VIDYA', '', '', '', '2024-25', 11, '2024-04-19 10:15:08', 8, NULL, 0, b'1', 0, 0),
(156, '2070', '', '', '2020-05-02', 22, 23, 0, 'JAY DARSHAN GOHEL', 'male', 'HINDU', 'INDIAN', 'HINDI', 'SHIMPI', 'OBC', 'DARWHA', '', '10 years 1 months ', '2014-03-25', '', '3', 'ENGLISH', '0', '', '', 'DARSHAN', 'DARWHA', 'DARWHA', 'YAVATMAL', '', '', '7517068111', '0', NULL, 'RANJEETA', '', '', '', '2024-25', 11, '2024-04-19 10:19:14', 8, NULL, 0, b'1', 0, 0),
(157, '2062', '', '', '2020-05-02', 22, 23, 0, 'PURV MAHESH GOHEL', 'male', 'HINDU', 'INDIAN', 'HINDI', 'SHIMPI', 'OBC', 'DARWHA', '', '10 years 3 months ', '2014-01-22', '', '', 'ENGLISH', '0', '', '', 'MAHESH', 'DARWHA', 'DARWHA', 'YAVATMAL', '', '', '7517068111', '0', NULL, 'MEGHA', '', '', '', '2024-25', 11, '2024-04-19 10:24:22', 8, NULL, 0, b'1', 0, 0),
(158, '', '', '', '2020-05-02', 22, 23, 0, 'REHAN BHALERAO JADHAV', 'male', 'HINDU', 'INDIAN', 'MARATHI', 'BANJARA', 'VJ', 'DARWHA', '', '10 years 2 months ', '2014-12-19', '', '', 'ENGLISH', '0', '', '', 'BHALERAO', 'DARWHA', 'DARWHA', 'YAVATMAL', '', '', '7517068111', '0', NULL, 'RUPALI', '', '', '', '2024-25', 11, '2024-04-19 10:49:47', 8, NULL, 0, b'1', 0, 0),
(159, '', '', '', '2020-05-02', 22, 23, 0, 'SARTHAK RAJESH', 'male', 'HINDU', 'INDIAN', 'MARATHI', 'TELI', 'OBC', 'DARWHA', '', '11 years 2 months ', '2013-12-01', '', '3', 'ENGLISH', '0', '', '', 'RAJESH', 'DARWHA', 'DARWHA', 'YAVATMAL', '', '', '7517068111', '0', NULL, 'SHARDA', '', '', '', '2024-25', 11, '2024-04-19 10:51:32', 8, NULL, 0, b'1', 0, 0),
(160, '', '', '', '2020-05-02', 22, 23, 0, 'ATHARV SUNIL', 'male', 'HINDU', 'INDIAN', 'MARATHI', 'KUNBI', 'OBC', 'DARWHA', '', '0 years 4 months ', '2024-10-19', '', '', 'ENGLISH', '0', '', '', 'SUNIL', 'DARWHA', 'DARWHA', 'YAVATMAL', '', '', '7517068111', '0', NULL, 'KIRAN', '', '', '', '2024-25', 11, '2024-04-19 10:53:23', 8, NULL, 0, b'1', 0, 0),
(161, '', '', '', '2020-05-05', 22, 23, 0, 'ALTMASH AFROZ KHAN', 'male', 'ISLAM', 'INDIAN', 'URDU', 'MUSLIM', 'OPEN', 'DARWHA', '', '10 years 8 months ', '2013-08-04', '', '', 'ENGLISH', '0', '', '', 'AFROZ', 'DARWHA', 'DARWHA', 'YAVATMAL', '', '', '7517068111', '0', NULL, 'SHABNAM', '', '', '', '2024-25', 11, '2024-04-19 10:55:16', 8, NULL, 0, b'1', 0, 0),
(162, '2202', '', '', '2020-05-05', 22, 23, 0, 'AMMAR IMRAN KHAN', 'male', 'ISLAM', 'INDIAN', 'URDU', 'MUSLIM', 'OPEN', 'DARWHA', '', '11 years 2 months ', '2013-12-23', '', '3', 'ENGLISH', '0', '', '', 'IMRAN', 'DARWHA', 'DARWHA', 'YAVATMAL', '', '', '7517068111', '0', NULL, 'NASHEEN', '', '', '', '2024-25', 11, '2024-04-19 10:56:57', 8, NULL, 0, b'1', 0, 0),
(163, '2220', '', '', '2020-06-13', 22, 23, 0, 'WASIF AHEMAD KHAN', 'male', 'ISLAM', 'INDIAN', 'URDU', 'MUSLIM', 'OPEN', 'DARWHA', '', '10 years 10 months ', '2013-06-27', '', '', 'ENGLISH', '0', '', '', 'AHEMAD', 'DARWHA', 'DARWHA', 'YAVATMAL', '', '', '7517068111', '0', NULL, 'AFSAR JAHAN', '', '', '', '2024-25', 11, '2024-04-19 10:58:38', 8, NULL, 0, b'1', 0, 0),
(164, '2089', '', '', '2020-05-05', 22, 23, 0, 'MAYANK SUNIL KAWALE', 'male', 'HINDU', 'INDIAN', 'MARATHI', 'KUNBI', 'OBC', 'DARWHA', '', '10 years 1 months ', '2014-03-10', '', '', 'ENGLISH', '0', '', '', 'SUNIL', 'DARWHA', 'DARWHA', 'YAVATMAL', '', '', '7517068111', '0', NULL, 'CHAITALI', '', '', '', '2024-25', 11, '2024-04-19 11:06:03', 8, NULL, 0, b'1', 0, 0),
(165, '2219', '', '', '2020-06-13', 22, 23, 0, 'ARNAV CHETAN LOHKARE', 'male', 'HINDU', 'INDIAN', 'MARATHI', 'KUNBI', 'OBC', 'DARWHA', '', '10 years 0 months ', '2014-04-11', '', '', 'ENGLISH', '0', '', '', 'CHETAN', 'DARWHA', 'DARWHA', 'YAVATMAL', '', '', '7517068111', '0', NULL, 'PRITI', '', '', '', '2024-25', 11, '2024-04-19 11:08:54', 8, NULL, 0, b'1', 0, 0),
(166, '2218', '', '', '2020-06-13', 22, 23, 0, 'ARYA MANOJ LOHKARE', 'male', 'HINDU', 'INDIAN', 'MARATHI', 'KUNBI', 'OBC', 'DARWHA', '', '10 years 0 months ', '2014-04-28', '', '', 'ENGLISH', '0', '', '', 'MANOJ', 'DARWHA', 'DARWHA', 'YAVATMAL', '', '', '7517068111', '0', NULL, 'RUPALI', '', '', '', '2024-25', 11, '2024-04-19 11:11:24', 8, NULL, 0, b'1', 0, 0),
(167, '2243', '', '', '2022-06-23', 22, 23, 0, 'VISHWAJEET KAPIL MESHRAM', 'male', 'BOUDDHA', 'INDIAN', 'MARATHI', 'MAHAR', 'SC', 'DARWHA', '', '10 years 2 months ', '2014-02-17', '', '', 'ENGLISH', '0', '', '', 'KAPIL', 'DARWHA', 'DARWHA', 'YAVATMAL', '', '', '7517068111', '0', NULL, 'RITA', '', '', '', '2024-25', 11, '2024-04-19 11:13:26', 8, NULL, 0, b'1', 0, 0),
(168, '', '', '', '2022-06-23', 22, 23, 0, 'NAITIK NILKANTH MIRASE', 'male', 'HINDU', 'INDIAN', 'MARATHI', 'ANDH', 'ST', 'DARWHA', '', '11 years 7 months ', '2012-09-30', '', '', 'ENGLISH', '0', '', '', 'NILKANTH', 'DARWHA', 'DARWHA', 'YAVATMAL', '', '', '7517068111', '0', NULL, 'NANDA', '', '', '', '2024-25', 11, '2024-04-19 11:14:58', 8, NULL, 0, b'1', 0, 0),
(169, '2221', '', '', '2020-06-13', 22, 23, 0, 'ALMAN IQBAL SOLANKI', 'male', 'ISLAM', 'INDIAN', 'URDU', 'MUSLIM', 'OPEN', 'DARWHA', '', '10 years 1 months ', '2014-03-22', '', '', 'ENGLISH', '0', '', '', 'IQBAL', 'DARWHA', 'DARWHA', 'YAVATMAL', '', '', '7517068111', '0', NULL, 'MUMTAJ', '', '', '', '2024-25', 11, '2024-04-19 11:16:48', 8, NULL, 0, b'1', 0, 0),
(170, '2222', '', '', '2020-06-13', 22, 23, 0, 'IZHAN IQBAL SOLANKI', 'male', 'ISLAM', 'INDIAN', 'URDU', 'MUSLIM', 'OPEN', 'DARWHA', '', '10 years 1 months ', '2014-03-22', '', '', 'ENGLISH', '0', '', '', 'IQBAL', 'DARWHA', 'DARWHA', 'YAVATMAL', '', '', '7517068111', '0', NULL, 'MUMTAJ', '', '', '', '2024-25', 11, '2024-04-19 11:18:31', 8, NULL, 0, b'1', 0, 0),
(171, '2282', '', '', '2022-06-29', 24, 19, 0, 'TRUSHNA SACHIN KATHALE', 'female', 'HINDU', 'INDIAN', 'MARATHI', 'MARATHA', 'OPEN', 'DARWHA', '', '7 years 10 months ', '2016-06-27', '', '', 'ENGLISH', '0', '', '', 'SACHIN', 'DARWHA', 'DARWHA', 'YAVATMAL', '', '', '7517068111', '0', NULL, 'PRIYANKA', '', '', '', '2024-25', 11, '2024-04-19 11:26:52', 8, NULL, 0, b'1', 0, 0),
(172, '2293', '', '', '2022-06-29', 24, 20, 0, 'MAYARE KHAN KEDAR KHAN PATHAN', 'female', 'ISLAM', 'INDIAN', 'URDU', 'MUSLIM', 'OPEN', 'DARWHA', '', '8 years 9 months ', '2015-07-05', '', '', 'ENGLISH', '0', '', '', 'KADAR KHAN', 'DARWHA', 'DARWHA', 'YAVATMAL', '', '', '7517068111', '0', NULL, 'MADIHA', '', '', '', '2024-25', 11, '2024-04-19 11:30:20', 8, NULL, 0, b'1', 0, 0),
(173, '2274', '', '', '2022-06-29', 24, 20, 0, 'KRUSHNALI NILESH MANDAVGADE', 'female', 'HINDU', 'INDIAN', 'MARATHI', 'FULMALI', 'OBC', 'DARWHA', '', '8 years 0 months ', '2016-04-25', '', '', 'ENGLISH', '0', '', '', 'NILESH', 'DARWHA', 'DARWHA', 'YAVATMAL', '', '', '7517068111', '0', NULL, 'SHUBHANGI', '', '', '', '2024-25', 11, '2024-04-19 11:32:31', 8, NULL, 0, b'1', 0, 0),
(174, '2285', '', '', '2022-06-29', 24, 20, 0, 'RADHAVI ABHAY MANGE', 'female', 'HINDU', 'INDIAN', 'MARATHI', 'KUNBI', 'OBC', 'DARWHA', '', '7 years 7 months ', '2016-09-06', '', '', 'ENGLISH', '0', '', '', 'ABHAY', 'DARWHA', 'DARWHA', 'YAVATMAL', '', '', '7517068111', '0', NULL, 'SONALI', '', '', '', '2024-25', 11, '2024-04-19 11:49:14', 8, NULL, 0, b'1', 0, 0),
(175, '2292', '', '', '2022-06-29', 24, 20, 0, 'SPARSHIKA ANIL NAIK', 'female', 'BOUDDHA', 'INDIAN', 'MARATHI', 'MAHAR', 'SC', 'DARWHA', '', '8 years 0 months ', '2016-04-01', '', '', 'ENGLISH', '0', '', '', 'ANIL', 'DARWHA', 'DARWHA', 'YAVATMAL', '', '', '7517068111', '0', NULL, 'KALPANA', '', '', '', '2024-25', 11, '2024-04-19 11:51:07', 8, NULL, 0, b'1', 0, 0),
(176, '2323', '', '', '2022-06-30', 24, 20, 0, 'PRIYA GHANSHAM NIMKAR', 'female', 'HINDU', 'INDIAN', 'MARATHI', 'BARI', 'OBC', 'DARWHA', '', '8 years 3 months ', '2016-01-27', '', '', 'ENGLISH', '0', '', '', 'GHANSHAM', 'DARWHA', 'DARWHA', 'YAVATMAL', '', '', '7517068111', '0', NULL, 'NAMRATA', '', '', '', '2024-25', 11, '2024-04-19 11:52:57', 8, NULL, 0, b'1', 0, 0),
(177, '2276', '', '', '2022-06-29', 24, 20, 0, 'ARADHYA PRAVIN PACHKOR', 'female', 'HINDU', 'INDIAN', 'MARATHI', 'TELI', 'OBC', 'DARWHA', '', '9 years 1 months ', '2015-03-16', '', '', 'ENGLISH', '0', '', '', 'PRAVIN', 'DARWHA', 'DARWHA', 'YAVATMAL', '', '', '7517068111', '0', NULL, 'NANDINI', '', '', '', '2024-25', 11, '2024-04-19 11:55:28', 8, NULL, 0, b'1', 0, 0),
(178, '2275', '', '', '2022-06-29', 24, 20, 0, 'ARADHYA SUNIL PAWAR', 'female', 'HINDU', 'INDIAN', 'MARATHI', 'BANJARA', 'VJ', 'DARWHA', '', '7 years 10 months ', '2016-06-21', '', '', 'ENGLISH', '0', '', '', 'SUNIL', 'DARWHA', 'DARWHA', 'YAVATMAL', '', '', '7517068111', '0', NULL, 'HINA', '', '', '', '2024-25', 11, '2024-04-19 11:57:21', 8, NULL, 0, b'1', 0, 0),
(179, '2327', '', '', '2022-06-30', 24, 20, 0, 'AARYA PRADNESH PATIL', 'female', 'BOUDDHA', 'INDIAN', 'MARATHI', 'MAHAR', 'SC', 'DARWHA', '', '9 years 3 months ', '2015-11-15', '', '', 'ENGLISH', '0', '', '', 'PRADNYESH', 'DARWHA', 'DARWHA', 'YAVATMAL', '', '', '7517068111', '0', NULL, 'RUKMINA', '', '', '', '2024-25', 11, '2024-04-19 12:00:18', 8, NULL, 0, b'1', 0, 0),
(180, '2297', '', '', '2022-06-29', 24, 20, 0, 'ANUSHKA BHARAT RATHOD', 'female', 'HINDU', 'INDIAN', 'MARATHI', 'BANJARA', 'VJ', 'DARWHA', '', '7 years 10 months ', '2016-06-23', '', '', 'ENGLISH', '0', '', '', 'BHARAT', 'DARWHA', 'DARWHA', 'YAVATMAL', '', '', '7517068111', '0', NULL, 'SHITAL', '', '', '', '2024-25', 11, '2024-04-19 12:02:10', 8, NULL, 0, b'1', 0, 0),
(181, '2327', '', '', '2022-06-30', 24, 20, 0, 'SHOURYA RANJIT RATHOD', 'male', 'HINDU', 'INDIAN', 'MARATHI', 'BANJARA', 'VJ', 'DARWHA', '', '7 years 7 months ', '2016-09-28', '', '', 'ENGLISH', '0', '', '', 'RANJIT      ', 'DARWHA', 'DARWHA', 'YAVATMAL', '', '', '7517068111', '0', NULL, 'SUNITYA', '', '', '', '2024-25', 11, '2024-04-19 12:05:16', 8, NULL, 0, b'1', 0, 0),
(182, '2382', '', '', '2023-05-30', 24, 20, 0, 'YUKTI RAMESHWAR RATHOD', 'female', 'HINDU', 'INDIAN', 'MARATHI', 'BANJARA', 'VJ', 'DARWHA', '', '8 years 0 months ', '2016-04-26', '', '', 'ENGLISH', '0', '', '', 'RAMESHWAR', 'DARWHA', 'DARWHA', 'YAVATMAL', '', '', '7517068111', '0', NULL, 'LAXMI', '', '', '', '2024-25', 11, '2024-04-20 01:46:25', 8, NULL, 0, b'1', 0, 0),
(183, '2317', '', '', '2022-06-30', 24, 20, 0, 'RAJVI NITIN SARODE', 'female', 'HINDU', 'INDIAN', 'MARATHI', 'KUNBI', 'OBC', 'DARWHA', '', '8 years 1 months ', '2016-03-29', '', '', 'ENGLISH', '0', '', '', 'NITIN', 'DARWHA', 'DARWHA', 'YAVATMAL', '', '', '7517068111', '0', NULL, 'PRITI', '', '', '', '2024-25', 11, '2024-04-20 01:48:22', 8, NULL, 0, b'1', 0, 0),
(184, '', '', '', '2022-06-29', 24, 20, 0, 'ARADHYA SHIVAJI SHELKE', 'female', 'HINDU', 'INDIAN', 'MARATHI', 'ANDH', 'ST', 'DARWHA', '', '7 years 9 months ', '2016-07-05', '', '', 'ENGLISH', '0', '', '', 'SHIVAJI', 'DARWHA', 'DARWHA', 'YAVATMAL', '', '', '7517068111', '0', NULL, 'ANITA', '', '', '', '2024-25', 11, '2024-04-20 01:49:51', 8, NULL, 0, b'1', 0, 0),
(185, '2308', '', '', '2022-06-30', 24, 20, 0, 'VEDANTI ASHISH THAKARE', 'female', 'HINDU', 'INDIAN', 'MARATHI', 'MALI', 'OBC', 'DARWHA', '', '8 years 1 months ', '2016-03-16', '', '', 'ENGLISH', '0', '', '', 'ASHISH', 'DARWHA', 'DARWHA', 'YAVATMAL', '', '', '7517068111', '0', NULL, 'ARCHANA', '', '', '', '2024-25', 11, '2024-04-20 01:51:54', 8, NULL, 0, b'1', 0, 0),
(186, '2290', '', '', '2022-06-29', 24, 20, 0, 'KRISHNALI RAHUL TULJAPURE', 'female', 'HINDU', 'INDIAN', 'MARATHI', 'MARATHA', 'OPEN', 'DARWHA', '', '8 years 2 months ', '2016-02-21', '', '', 'ENGLISH', '0', '', '', 'RAHUL', 'DARWHA', 'DARWHA', 'YAVATMAL', '', '', '7517068111', '0', NULL, 'SWATI', '', '', '', '2024-25', 11, '2024-04-20 01:53:41', 8, NULL, 0, b'1', 0, 0),
(187, '2331', '', '', '2022-06-30', 24, 20, 0, 'ZAINAB FIRDOUS MOHD ANTEHMULLAH', 'female', 'ISLAM', 'INDIAN', 'URDU', 'MUSLIM', 'OPEN', 'DARWHA', '', '7 years 11 months ', '2016-05-07', '', '', 'ENGLISH', '0', '', '', 'MOHD AHTEHMULLAH', 'DARWHA', 'DARWHA', 'YAVATMAL', '', '', '7517068111', '0', NULL, 'NAJMULA', '', '', '', '2024-25', 11, '2024-04-20 01:56:16', 8, NULL, 0, b'1', 0, 0),
(188, '2294', '', '', '2022-06-26', 24, 20, 0, 'ARHAN MOHD ASSRAT TUKADI', 'male', 'ISLAM', 'INDIAN', 'URDU', 'MUSLIM', 'OPEN', 'DARWHA', '', '9 years 2 months ', '2015-12-29', '', '', 'ENGLISH', '0', '', '', 'ASSRAT TUKADI', 'DARWHA', 'DARWHA', 'YAVATMAL', '', '', '7517068111', '0', NULL, 'AASMA', '', '', '', '2024-25', 11, '2024-04-20 02:06:28', 8, NULL, 0, b'1', 0, 0),
(189, '2269', '', '', '2022-06-29', 24, 20, 0, 'SIDDHANT JAYKUMAR KAMBLE', 'male', 'BOUDDHA', 'INDIAN', 'MARATHI', 'MAHAR', 'SC', 'DARWHA', '', '7 years 10 months ', '2016-06-19', '', '1', 'ENGLISH', '0', '', '', 'JAYKUMAR', 'DARWHA', 'DARWHA', 'YAVATMAL', '', '', '7517068111', '0', NULL, 'MANISHA', '', '', '', '2024-25', 11, '2024-04-20 02:10:48', 8, NULL, 0, b'1', 0, 0),
(190, '2289', '', '', '2022-06-29', 24, 20, 0, 'ARIFEEN IMRAN KHAN', 'male', 'ISLAM', 'INDIAN', 'URDU', 'MUSLIM', 'OPEN', 'DARWHA', '', '9 years 2 months ', '2015-12-20', '', '', 'ENGLISH', '0', '', '', 'IMRAN', 'DARWHA', 'DARWHA', 'YAVATMAL', '', '', '7517068111', '0', NULL, 'NAUSEEN KHAN', '', '', '', '2024-25', 11, '2024-04-20 02:13:38', 8, NULL, 0, b'1', 0, 0),
(191, '2330', '', '', '2022-06-30', 24, 20, 0, 'RAQEEM TANVEER KHAN', 'male', 'ISLAM', 'INDIAN', 'URDU', 'MUSLIM', 'OPEN', 'DARWHA', '', '8 years 3 months ', '2016-01-09', '', '', 'ENGLISH', '0', '', '', 'TANVEER KHAN', 'DARWHA', 'DARWHA', 'YAVATMAL', '', '', '7517068111', '0', NULL, 'SAMINA', '', '', '', '2024-25', 11, '2024-04-20 02:15:30', 8, NULL, 0, b'1', 0, 0),
(192, '2311', '', '', '2022-06-30', 24, 20, 0, 'TAHA AHMAD', 'male', 'ISLAM', 'INDIAN', 'URDU', 'MUSLIM', 'OPEN', 'DARWHA', '', '9 years 2 months ', '2015-12-03', '', '', 'ENGLISH', '0', '', '', 'AHEMAD', 'DARWHA', 'DARWHA', 'YAVATMAL', '', '', '7517068111', '0', NULL, 'SAMINA', '', '', '', '2024-25', 11, '2024-04-20 02:17:08', 8, NULL, 0, b'1', 0, 0),
(193, '2295', '', '', '2022-06-29', 24, 20, 0, 'NIRAJ SANTOSH KORDE', 'male', 'HINDU', 'INDIAN', 'MARATHI', 'MALI', 'OBC', 'DARWHA', '', '9 years 3 months ', '2015-11-11', '', '', 'ENGLISH', '0', '', '', 'SANTOSH', 'DARWHA', 'DARWHA', 'YAVATMAL', '', '', '7517068111', '0', NULL, 'SWATI', '', '', '', '2024-25', 11, '2024-04-20 02:20:06', 8, NULL, 0, b'1', 0, 0),
(194, '2277', '', '', '2022-06-29', 24, 20, 0, 'PREET PANKAJ NIMBARTE', 'male', 'HINDU', 'INDIAN', 'MARATHI', 'KUNBI', 'OBC', 'DARWHA', '', '9 years 0 months ', '2015-04-03', '', '', 'ENGLISH', '0', '', '', 'PANKAJ', 'DARWHA', 'DARWHA', 'YAVATMAL', '', '', '7517068111', '0', NULL, 'MEGHA', '', '', '', '2024-25', 11, '2024-04-20 02:22:19', 8, NULL, 0, b'1', 0, 0),
(195, '2286', '', '', '2022-06-29', 24, 20, 0, 'DEVANSH RAHUL NIMKAR', 'male', 'HINDU', 'INDIAN', 'MARATHI', 'BARI', 'OBC', 'DARWHA', '', '8 years 7 months ', '2015-09-28', '', '', 'ENGLISH', '0', '', '', 'RAHUL', 'DARWHA', 'DARWHA', 'YAVATMAL', '', '', '7517068111', '0', NULL, 'PRIYNKA', '', '', '', '2024-25', 11, '2024-04-20 02:24:06', 8, NULL, 0, b'1', 0, 0),
(196, '2291', '', '', '2022-06-29', 24, 20, 0, 'BHAVESH BHOLESHWAR', 'male', 'HINDU', 'INDIAN', 'MARATHI', 'BANJARA', 'VJ', 'DARWHA', '', '8 years 2 months ', '2016-02-21', '', '', 'ENGLISH', '0', '', '', 'BHOLESHWAR', 'DARWHA', 'DARWHA', 'YAVATMAL', '', '', '7517068111', '0', NULL, 'SHILPA', '', '', '', '2024-25', 11, '2024-04-20 02:26:11', 8, NULL, 0, b'1', 0, 0),
(197, '2270', '', '', '2022-06-29', 24, 20, 0, 'HARDIK KAMALKAR PAWAR', 'male', 'HINDU', 'INDIAN', 'MARATHI', 'ANDH', 'ST', 'DARWHA', '', '9 years 4 months ', '2015-10-06', '', '', 'ENGLISH', '0', '', '', 'KAMLAKAR', 'DARWHA', 'DARWHA', 'YAVATMAL', '', '', '7517068111', '0', NULL, 'JYOTSNA', '', '', '', '2024-25', 11, '2024-04-20 02:27:52', 8, NULL, 0, b'1', 0, 0),
(198, '2343', '', '', '2022-07-12', 24, 20, 0, 'SAURABH JIVAN RATHOD', 'male', 'HINDU', 'INDIAN', 'MARATHI', 'BANJARA', 'VJ', 'DARWHA', '', '10 years 3 months ', '2014-11-02', '', '', '', '0', '', '', 'JIVAN', 'DARWHA', 'DARWHA', 'YAVATMAL', '', '', '7517068111', '0', NULL, 'ANITA', '', '', '', '2024-25', 11, '2024-04-20 02:30:59', 8, NULL, 0, b'1', 0, 0),
(199, '2287', '', '', '2022-06-29', 24, 20, 0, 'PARTH SANDIP', 'male', 'HINDU', 'INDIAN', 'MARATHI', 'BANJARA', 'VJ', 'DARWHA', '', '7 years 9 months ', '2016-07-10', '', '', 'ENGLISH', '0', '', '', 'SANDIP', 'DARWHA', 'DARWHA', 'YAVATMAL', '', '', '7517068111', '0', NULL, 'TRUPTI', '', '', '', '2024-25', 11, '2024-04-20 02:32:30', 8, NULL, 0, b'1', 0, 0),
(200, '2284', '', '', '2022-06-29', 24, 20, 0, 'UTKARSH PANKAJ RATHOD', 'male', 'HINDU', 'INDIAN', 'MARATHI', 'BANJARA', 'VJ', 'DARWHA', '', '7 years 7 months ', '2016-09-22', '', '', 'ENGLISH', '0', '', '', 'PANKAJ', 'DARWHA', 'DARWHA', 'YAVATMAL', '', '', '7517068111', '0', NULL, 'POOJA', '', '', '', '2024-25', 11, '2024-04-20 02:34:11', 8, NULL, 0, b'1', 0, 0),
(201, '2283', '', '', '2022-06-29', 24, 20, 0, 'ARAV SACHIN SHENDURKAR', 'male', 'HINDU', 'INDIAN', 'MARATHI', 'FULMALI', 'OBC', 'DARWHA', '', '9 years 4 months ', '2015-10-31', '', '', 'ENGLISH', '0', '', '', 'SACHIN', 'DARWHA', 'DARWHA', 'YAVATMAL', '', '', '7517068111', '0', NULL, 'SACHIN', '', '', '', '2024-25', 11, '2024-04-20 02:36:06', 8, NULL, 0, b'1', 0, 0),
(202, '2281', '', '', '2022-06-29', 24, 20, 0, 'SAKSHAM NILESH WANKHADE', 'male', 'HINDU', 'INDIAN', 'MARATHI', 'KUNBI', 'OBC', 'DARWHA', '', '9 years 0 months ', '2015-04-07', '', '', 'ENGLISH', '0', '', '', 'NILESH', 'DARWHA', 'DARWHA', 'YAVATMAL', '', '', '7517068111', '0', NULL, 'DEEPALI', '', '', '', '2024-25', 11, '2024-04-20 02:38:40', 8, NULL, 0, b'1', 0, 0),
(203, '2272', '', '', '2022-06-29', 24, 20, 0, 'ARUSH CHHATRAPATI UGHADE', 'male', 'HINDU', 'INDIAN', 'MARATHI', 'DHANGAR', 'NT', 'DARWHA', '', '7 years 10 months ', '2016-06-15', '', '', 'ENGLISH', '0', '', '', 'CHHATRAPATI', 'DARWHA', 'DARWHA', 'YAVATMAL', '', '', '7517068111', '0', NULL, 'DEEPALI', '', '', '', '2024-25', 11, '2024-04-20 02:42:05', 8, NULL, 0, b'1', 0, 0),
(204, '2288', '', '', '2022-06-29', 24, 20, 0, 'ZAKWAAN AHMAD MOHD ANEEQUE', 'male', 'ISLAM', 'INDIAN', 'URDU', 'MUSLIM', 'OPEN', 'DARWHA', '', '9 years 0 months ', '2015-04-05', '', '', 'ENGLISH', '0', '', '', 'MOHD ANEEQUE', 'DARWHA', 'DARWHA', 'YAVATMAL', '', '', '7517068111', '0', NULL, 'SIDDHIQUA', '', '', '', '2024-25', 11, '2024-04-20 02:44:09', 8, NULL, 0, b'1', 0, 0),
(205, '2487', '', '', '2023-07-06', 24, 20, 0, 'CHETAN KIRAN CHAVHAN', 'male', 'HINDU', 'INDIAN', 'MARATHI', 'BANJARA', 'VJ', 'DARWHA', '', '8 years 3 months ', '2016-01-17', '', '', 'ENGLISH', '0', '', '', 'KIRAN', 'DARWHA', 'DARWHA', 'YAVATMAL', '', '', '7517068111', '0', NULL, 'UMA', '', '', '', '2024-25', 11, '2024-04-20 02:46:37', 8, NULL, 0, b'1', 0, 0),
(206, '2271', '', '', '2022-06-29', 24, 20, 0, 'YUG VINAYAK SARTAPE', 'male', 'HINDU', 'INDIAN', 'MARATHI', 'KUNBI', 'OBC', 'DARWHA', '', '8 years 0 months ', '2016-04-08', '', '', 'ENGLISH', '0', '', '', 'VINAYAK', 'DARWHA', 'DARWHA', 'YAVATMAL', '', '', '7517068111', '0', NULL, 'MINAL', '', '', '', '2024-25', 11, '2024-04-20 02:49:12', 8, NULL, 0, b'1', 0, 0),
(207, '', '', '', '2022-06-29', 23, 22, 0, 'TAHIR KHAN', 'male', 'ISLAM', 'INDIAN', 'URDU', 'MUSLIM', 'OPEN', 'DARWHA', '', '8 years 0 months ', '2016-04-08', '', '', 'ENGLISH', '0', '', '', 'KHAN', 'DARWHA', 'DARWHA', 'YAVATMAL', '', '', '7517068111', '0', NULL, 'MAA', '', '', '', '2025-26', 14, '2024-04-20 02:51:13', 8, NULL, 0, b'1', 0, 0),
(208, '2335', '', '', '2022-09-24', 23, 22, 0, 'RIDDHI SANDIP RAHTOD', 'male', 'HINDU', 'INDIAN', 'MARATHI', 'BANJARA', 'VJ', 'DARWHA', '', '8 years 3 months ', '2016-11-26', '', '', 'ENGLISH', '0', '', '', 'SANDIP', 'DARWHA', 'DARWHA', 'YAVATMAL', '', '', '7517068111', '0', NULL, 'KANCHAN', '', '', '', '2025-26', 14, '2024-04-20 02:52:40', 8, NULL, 0, b'1', 0, 0),
(209, '2065', '', '', '2020-05-02', 22, 24, 0, 'ANUSHRI VINOD KADAM', 'female', 'HINDU', 'INDIAN', 'MARATHI', 'MARATHA', 'OPEN', 'DARWHA', '', '10 years 8 months ', '2013-08-17', '', '', 'ENGLISH', '0', '', '', 'VINOD', 'DARWHA', 'DARWHA', 'YAVATMAL', '', '', '7517068111', '0', NULL, 'KIRAN', '', '', '', '2024-25', 11, '2024-04-20 11:15:36', 8, NULL, 0, b'1', 0, 0),
(210, '', '', '', '2020-05-02', 22, 24, 0, 'JIVIKA SANTOSH KANOJE', 'female', 'HINDU', 'INDIAN', 'HINDI', 'BHUJWA', 'OBC', 'DARWHA', '', '10 years 8 months ', '2013-08-17', '', '', 'ENGLISH', '0', '', '', 'SANTOSH', 'DARWHA', 'DARWHA', 'YAVATMAL', '', '', '7517068111', '0', NULL, 'RAKHI', '', '', '', '2024-25', 11, '2024-04-20 11:20:14', 8, NULL, 0, b'1', 0, 0),
(211, '2205', '', '', '2020-05-05', 22, 24, 0, 'MANSWI VISHNU KHANDRE', 'female', 'HINDU', 'INDIAN', 'MARATHI', 'GOVARI', 'SBC', 'DARWHA', '', '11 years 4 months ', '2013-10-02', '', '', 'ENGLISH', '0', '', '', 'VISHNU', 'DARWHA', 'DARWHA', 'YAVATMAL', '', '', '7517068111', '0', NULL, 'RUPALI', '', '', '', '2024-25', 11, '2024-04-20 11:22:05', 8, NULL, 0, b'1', 0, 0),
(212, '2077', '', '', '2020-05-04', 22, 24, 0, 'ANUSHKA TUKARAM NIMKAR', 'female', 'HINDU', 'INDIAN', 'MARATHI', 'BARI', 'OBC', 'DARWHA', '', '10 years 0 months ', '2014-04-02', '', '', 'ENGLISH', '0', '', '', 'TUKARAM', 'DARWHA', 'DARWHA', 'YAVATMAL', '', '', '7517068111', '0', NULL, 'MANGLA', '', '', '', '2024-25', 11, '2024-04-20 11:23:30', 8, NULL, 0, b'1', 0, 0),
(213, '2099', '', '', '2020-06-13', 22, 24, 1, 'ARADHYA DNYANESHWAR NIMKAR', 'female', 'HINDU', 'INDIAN', 'MARATHI', 'BARI', 'OBC', 'DARWHA', '', '10 years 1 months ', '2014-03-08', '', '', 'ENGLISH', '0', '', '', 'DNYANESHWAR', 'DARWHA', 'DARWHA', 'YAVATMAL', '', '', '7517068111', '0', NULL, 'RUPALI', '', '', '', '2024-25', 11, '2024-04-20 11:25:11', 8, NULL, 0, b'1', 0, 0),
(214, '2064', '', '', '2020-05-02', 22, 24, 0, 'ARADHYA S PADGILWAR', 'female', 'HINDU', 'INDIAN', 'MARATHI', 'KOMTI', 'OPEN', 'DARWHA', '', '10 years 0 months ', '2014-04-20', '', '', 'ENGLISH', '0', '', '', 'S', 'DARWHA', 'DARWHA', 'YAVATMAL', '', '', '7517068111', '0', NULL, 'NEHA', '', '', '', '2024-25', 11, '2024-04-20 11:27:54', 8, NULL, 0, b'1', 0, 0),
(215, '2084', '', '', '2020-05-05', 22, 24, 0, 'ARADHYA RANJIT RATHOD', 'female', 'HINDU', 'INDIAN', 'MARATHI', 'BANJARA', 'VJ', 'DARWHA', '', '10 years 1 months ', '2014-03-27', '', '', 'ENGLISH', '0', '', '', 'RANJIT      ', 'DARWHA', 'DARWHA', 'YAVATMAL', '', '', '7517068111', '0', NULL, 'SUNITA', '', '', '', '2024-25', 11, '2024-04-20 11:30:12', 8, NULL, 0, b'1', 0, 0),
(216, '2085', '', '', '2020-05-05', 22, 24, 0, 'SONALI PRADIP RATHOD', 'female', 'HINDU', 'INDIAN', 'MARATHI', 'BANJARA', 'VJ', 'DARWHA', '', '9 years 11 months ', '2014-05-23', '', '', 'ENGLISH', '0', '', '', 'PRADIP', 'DARWHA', 'DARWHA', 'YAVATMAL', '', '', '7517068111', '0', NULL, 'VRUSHALI', '', '', '', '2024-25', 11, '2024-04-20 11:31:49', 8, NULL, 0, b'1', 0, 0),
(217, '2348', '', '', '2022-07-12', 22, 24, 0, 'KRUSHNALI R SARTABE', 'female', 'HINDU', 'INDIAN', 'MARATHI', 'KUNBI', 'OBC', 'DARWHA', '', '10 years 4 months ', '2014-10-15', '', '', 'ENGLISH', '0', '', '', 'R', 'DARWHA', 'DARWHA', 'YAVATMAL', '', '', '7517068111', '0', NULL, 'PORNIMA', '', '', '', '2024-25', 11, '2024-04-20 11:34:57', 8, NULL, 0, b'1', 0, 0),
(218, '2203', '', '', '2020-05-05', 22, 24, 0, 'SANJIVANI SANDIP UKE', 'female', 'HINDU', 'INDIAN', 'MARATHI', 'KALAL', 'OBC', 'DARWHA', '', '10 years 0 months ', '2014-04-23', '', '', 'ENGLISH', '0', '', '', 'SANDIP', 'DARWHA', 'DARWHA', 'YAVATMAL', '', '', '7517068111', '0', NULL, 'KALYANI', '', '', '', '2024-25', 11, '2024-04-20 11:36:31', 8, NULL, 0, b'1', 0, 0),
(219, '2096', '', '', '2020-05-05', 22, 24, 0, 'PRASAD DATTATRAY MATRE', 'male', 'HINDU', 'INDIAN', 'MARATHI', 'TELI', 'OBC', 'DARWHA', '', '10 years 0 months ', '2014-04-23', '', '', 'ENGLISH', '0', '', '', 'DATTATRAY', 'DARWHA', 'DARWHA', 'YAVATMAL', '', '', '7517068111', '0', NULL, 'VAISHALI', '', '', '', '2024-25', 11, '2024-04-20 11:52:32', 8, NULL, 0, b'1', 0, 0),
(220, '2079', '', '', '2020-05-05', 22, 24, 0, 'MOHD AYAN MOHD SAJID', 'male', 'ISLAM', 'INDIAN', 'URDU', 'MUSLIM', 'OPEN', 'DARWHA', '', '10 years 10 months ', '2013-06-13', '', '', 'ENGLISH', '0', '', '', 'PRAVIN BANO', 'DARWHA', 'DARWHA', 'YAVATMAL', '', '', '7517068111', '0', NULL, 'PARVIN BANO', '', '', '', '2024-25', 11, '2024-04-20 11:54:20', 8, NULL, 0, b'1', 0, 0),
(221, '2090', '', '', '2020-05-05', 22, 24, 0, 'MOHD  SADDAN FAIZAL', 'male', 'ISLAM', 'INDIAN', 'URDU', 'MUSLIM', 'OPEN', 'DARWHA', '', '9 years 7 months ', '2014-09-16', '', '', 'ENGLISH', '0', '', '', 'FAIZAL', 'DARWHA', 'DARWHA', 'YAVATMAL', '', '', '7517068111', '0', NULL, 'FAHIMEEDA NAAZ', '', '', '', '2024-25', 11, '2024-04-20 11:56:26', 8, NULL, 0, b'1', 0, 0),
(222, '2081', '', '', '2020-05-05', 22, 24, 0, 'MUSHAHID AAFAQ SYED', 'male', 'ISLAM', 'INDIAN', 'URDU', 'MUSLIM', 'OPEN', 'DARWHA', '', '10 years 1 months ', '2014-03-27', '', '', 'ENGLISH', '0', '', '', 'AFAQ SYED', 'DARWHA', 'DARWHA', 'YAVATMAL', '', '', '7517068111', '0', NULL, 'SHAIKA TABASSUM', '', '', '', '2024-25', 11, '2024-04-20 11:58:11', 8, NULL, 0, b'1', 0, 0),
(223, '', '', '', '2021-09-05', 22, 24, 0, 'ARADHYA PRAVIN NAGRALE', 'male', 'BOUDDHA', 'INDIAN', 'MARATHI', 'MAHAR', 'SC', 'DARWHA', '', '10 years 7 months ', '2013-09-17', '', '', 'ENGLISH', '0', '', '', 'PRAVIN', 'DARWHA', 'DARWHA', 'YAVATMAL', '', '', '7517068111', '0', NULL, 'PRIYA', '', '', '', '2024-25', 11, '2024-04-20 12:00:18', 8, NULL, 0, b'1', 0, 0),
(224, '2066', '', '', '2020-05-02', 22, 24, 0, 'RAUNAK ARUN NANDEKAR', 'male', 'HINDU', 'INDIAN', 'MARATHI', 'KUNBI', 'OBC', 'DARWHA', '', '9 years 9 months ', '2014-07-06', '', '', 'ENGLISH', '0', '', '', 'ARUN', 'DARWHA', 'DARWHA', 'YAVATMAL', '', '', '7517068111', '0', NULL, 'SMITA', '', '', '', '2024-25', 11, '2024-04-20 12:05:43', 8, NULL, 0, b'1', 0, 0),
(225, '2227', '', '', '2020-05-02', 22, 24, 0, 'LALITA AASHISH PANPALIYA', 'male', 'HINDU', 'INDIAN', 'HINDI', 'MARWADI', 'OPEN', 'DARWHA', '', '11 years 2 months ', '2013-12-14', '', '', 'ENGLISH', '0', '', '', 'ASHISH', 'DARWHA', 'DARWHA', 'YAVATMAL', '', '', '7517068111', '0', NULL, 'JAYSHRI', '', '', '', '2024-25', 11, '2024-04-20 12:08:27', 8, NULL, 0, b'1', 0, 0),
(226, '2071', '', '', '2020-05-02', 22, 24, 0, 'SWAPNIL SUNIL PAWAR', 'male', 'HINDU', 'INDIAN', 'MARATHI', 'BANJARA', 'VJ', 'DARWHA', '', '10 years 8 months ', '2013-08-08', '', '', 'ENGLISH', '0', '', '', 'SUNIL', 'DARWHA', 'DARWHA', 'YAVATMAL', '', '', '7517068111', '0', NULL, 'SUNIL', '', '', '', '2024-25', 11, '2024-04-20 12:10:23', 8, NULL, 0, b'1', 0, 0),
(227, '2231', '', '', '2022-05-25', 22, 24, 0, 'ARYAN MANOJ RATHOD', 'male', 'HINDU', 'INDIAN', 'MARATHI', 'BANJARA', 'VJ', 'DARWHA', '', '10 years 1 months ', '2014-03-28', '', '', 'ENGLISH', '0', '', '', 'MANOJ', 'DARWHA', 'DARWHA', 'YAVATMAL', '', '', '7517068111', '0', NULL, 'SONA', '', '', '', '2024-25', 11, '2024-04-24 06:43:42', 8, NULL, 0, b'1', 0, 0),
(228, '2201', '', '', '2020-05-05', 22, 24, 0, 'PRANAV RUNDAN RATHOD', 'male', 'HINDU', 'INDIAN', 'MARATHI', 'BANJARA', 'VJ', 'DARWHA', '', '9 years 8 months ', '2014-08-23', '', '', 'ENGLISH', '0', '', '', 'RUNDAN', 'DARWHA', 'DARWHA', 'YAVATMAL', '', '', '7517068111', '0', NULL, 'RADHIKA RUNDAN RATHOD', '', '', '', '2024-25', 11, '2024-04-24 06:45:18', 8, NULL, 0, b'1', 0, 0),
(229, '', '', '', '2020-05-05', 22, 24, 0, 'YASH NILESH RATHOD', 'male', 'HINDU', 'INDIAN', 'MARATHI', 'BANJARA', 'VJ', 'DARWHA', '', '9 years 8 months ', '2014-08-23', '', '', 'ENGLISH', '0', '', '', 'NILESH', 'DARWHA', 'DARWHA', 'YAVATMAL', '', '', '7517068111', '0', NULL, 'SONA', '', '', '', '2024-25', 11, '2024-04-24 06:46:42', 8, NULL, 0, b'1', 0, 0),
(230, '2356', '', '', '2022-12-04', 22, 24, 0, 'SAKET SUMEDH SONONE', 'male', 'BOUDDHA', 'INDIAN', 'MARATHI', 'MAHAR', 'SC', 'DARWHA', '', '10 years 3 months ', '2014-01-23', '', '', 'ENGLISH', '0', '', '', 'SUMEDH', 'DARWHA', 'DARWHA', 'YAVATMAL', '', '', '7517068111', '0', NULL, 'CHARIKA', '', '', '', '2024-25', 11, '2024-04-24 06:48:49', 8, NULL, 0, b'1', 0, 0),
(231, '2102', '', '', '2020-06-13', 22, 24, 0, 'NAMAN RAJESH TAYADE', 'male', 'HINDU', 'INDIAN', 'MARATHI', 'BARI', 'OBC', 'DARWHA', '', '10 years 0 months ', '2014-04-17', '', '', 'ENGLISH', '0', '', '', 'RAJESH', 'DARWHA', 'DARWHA', 'YAVATMAL', '', '', '7517068111', '0', NULL, 'RUPALI', '', '', '', '2024-25', 11, '2024-04-24 06:50:27', 8, NULL, 0, b'1', 0, 0),
(232, '2075', '', '', '2020-05-03', 22, 24, 0, 'PRATIK PRAKASH TELGOTE', 'male', 'BOUDDHA', 'INDIAN', 'MARATHI', 'MAHAR', 'SC', 'DARWHA', '', '9 years 8 months ', '2014-08-24', '', '', 'ENGLISH', '0', '', '', 'PRAKASH', 'DARWHA', 'DARWHA', 'YAVATMAL', '', '', '7517068111', '0', NULL, 'BABITA', '', '', '', '2024-25', 11, '2024-04-24 06:56:08', 8, NULL, 0, b'1', 0, 0),
(233, '', '', '', '2020-06-13', 22, 24, 0, 'NAMAN RAJESH TAYADE', 'male', 'HINDU', 'INDIAN', 'MARATHI', 'BARI', 'OBC', 'DARWHA', '', '10 years 0 months ', '2014-04-17', '', '', 'ENGLISH', '0', '', '', 'RAJESH', 'DARWHA', 'DARWHA', 'YAVATMAL', '', '', '7517068111', '0', NULL, 'AAI', '', '', '', '2024-25', 11, '2024-04-25 05:07:53', 8, NULL, 0, b'1', 0, 0),
(234, '', '', '', '2020-05-03', 22, 24, 0, 'PRATIK PRAKASH TELGOTE', 'male', 'HINDU', 'INDIAN', 'MARATHI', 'MAHAR', 'SC', 'DARWHA', '', '9 years 9 months ', '2014-08-20', '', '', 'ENGLISH', '0', '', '', 'PRAKASH', 'DARWHA', 'DARWHA', 'YAVATMAL', '', '', '7517068111', '0', NULL, 'BABITA', '', '', '', '2024-25', 11, '2024-04-25 05:14:31', 8, NULL, 0, b'1', 0, 0),
(235, '2232', '', '', '2020-05-25', 22, 24, 0, 'PRASNNA AMOL THAKARE', 'male', 'HINDU', 'INDIAN', 'MARATHI', 'KUNBI', 'OBC', 'DARWHA', '', '10 years 0 months ', '2014-04-09', '', '', 'ENGLISH', '0', '', '', 'AMOL', 'DARWHA', 'DARWHA', 'YAVATMAL', '', '', '7517068111', '0', NULL, 'RADHIKA', '', '', '', '2024-25', 11, '2024-04-25 05:16:09', 8, NULL, 0, b'1', 0, 0),
(236, '2226', '', '', '2022-05-02', 22, 24, 0, 'PARTH YOGESH TIWARI', 'male', 'HINDU', 'INDIAN', 'MARATHI', 'BRAHMAN', 'OPEN', 'DARWHA', '', '10 years 3 months ', '2014-01-04', '', '', 'ENGLISH', '0', '', '', 'YOGESH', 'DARWHA', 'DARWHA', 'YAVATMAL', '', '', '7517068111', '0', NULL, 'SUCHITA', '', '', '', '2024-25', 11, '2024-04-25 05:20:06', 8, NULL, 0, b'1', 0, 0),
(237, '2378', '', '', '2023-05-18', 22, 24, 0, 'UMAR ZOHAN MRZA', 'male', 'ISLAM', 'INDIAN', 'URDU', 'MUSLIM', 'OPEN', 'DARWHA', '', '11 years 3 months ', '2013-11-05', '', '', 'ENGLISH', '0', '', '', 'SOHAIL ', 'DARWHA', 'DARWHA', 'YAVATMAL', '', '', '7517068111', '0', NULL, 'ZEBA MIRZA', '', '', '', '2024-25', 11, '2024-04-25 05:23:38', 8, NULL, 0, b'1', 0, 0),
(238, '2069', '', '', '2020-05-02', 22, 24, 1, 'UMAR LAL SHAIKH', 'male', 'ISLAM', 'INDIAN', 'URDU', 'MUSLIM', 'OPEN', 'DARWHA', '', '10 years 2 months ', '2014-02-21', '', '', 'ENGLISH', '0', '', '', 'LAL SHAIKH', 'DARWHA', 'DARWHA', 'YAVATMAL', '', '', '7517068111', '0', NULL, 'NISHANT', '', '', '', '2024-25', 11, '2024-04-25 05:35:19', 8, NULL, 0, b'1', 0, 0),
(239, '2477', '', '', '2023-06-29', 22, 24, 0, 'YAMIN AHEMAD KHAN', 'male', 'ISLAM', 'INDIAN', 'URDU', 'MUSLIM', 'OPEN', 'DARWHA', '', '11 years 2 months ', '2013-12-31', '', '', 'ENGLISH', '0', '', '', 'AHMAD', 'DARWHA', 'DARWHA', 'YAVATMAL', '', '', '7517068111', '0', NULL, 'SHABANA', '', '', '', '2024-25', 11, '2024-04-25 05:36:55', 8, NULL, 0, b'1', 0, 0),
(240, '', '', '', '2023-06-29', 22, 24, 0, 'ZEESHAN KHAN', 'male', 'ISLAM', 'INDIAN', 'URDU', 'MUSLIM', 'OPEN', 'DARWHA', '', '11 years 2 months ', '2013-12-31', '', '', 'ENGLISH', '0', '', '', 'KHAN', 'DARWHA', 'DARWHA', 'YAVATMAL', '', '', '7517068111', '0', NULL, 'KHJAN', '', '', '', '2024-25', 11, '2024-04-25 05:38:07', 8, NULL, 0, b'1', 0, 0),
(241, '2392', '', '', '2023-06-20', 24, 19, 0, 'MONALI JIVAN AMTE', 'female', 'HINDU', 'INDIAN', 'MARATHI', 'MANG', 'SC', 'DARWHA', '', '8 years 3 months ', '2016-11-22', '', '', 'ENGLISH', '0', '', '', 'JIVAN', 'DARWHA', 'DARWHA', 'YAVATMAL', '', '', '7517068111', '0', NULL, 'HEMLATA', '', '', '', '2025-26', 14, '2024-04-25 05:43:54', 8, NULL, 0, b'1', 0, 0),
(242, '', '922017797828', '2018271403029320019', '2024-05-02', 20, 27, 0, 'SMILEY RAJESH PINGANE', 'female', 'HINDU', 'INDIAN', 'MARATHI', 'DHANGAR', 'NT', 'YAVATMAL', '', '12 years 2 months ', '2012-03-21', 'ABHYASA ENGLISH MEDIUM SCHOOL DARWHA', '6', 'ENGLISH', '0', '', '', 'RAJESH ', 'DARWHA', 'DARWHA', 'YAVATMAL', '', '9518504496', '7507131193', '0', NULL, 'BHAGYESHRI', '', 'BALAJI NAGAR GAJANAN MANDIR DARWHA', '', '2024-25', 11, '2024-05-04 03:57:59', 8, NULL, 0, b'1', 0, 0),
(243, '2470', '', '', '2023-06-26', 24, 19, 0, 'KRUSHNALI PRAKASH BAWANE', 'female', 'HINDU', 'INDIAN', 'MARATHI', 'BHOI', 'NT', 'DARWHA', '', '6 years 9 months ', '2017-08-14', '', '1', 'ENGLISH', '0', '', '', 'PRAKASH', 'DARWHA', 'DARWHA', 'YAVATMAL', '', '', '7517068111', '0', NULL, 'JAYSHRI', '', '', '', '2025-26', 14, '2024-05-04 04:54:43', 8, NULL, 0, b'1', 0, 0),
(244, '2471', '', '', '2023-06-26', 24, 19, 0, 'PRESTI DURYODHAN BARDE', 'female', 'BOUDDHA', 'INDIAN', 'MARATHI', 'MAHAR', 'SC', 'DARWHA', '', '7 years 8 months ', '2016-09-30', '', '', 'ENGLISH', '0', '', '', 'DURYODHAN', 'DARWHA', 'DARWHA', 'YAVATMAL', '', '', '7517068111', '0', NULL, 'SNEHA', '', '', '', '2025-26', 14, '2024-05-04 04:57:35', 8, NULL, 0, b'1', 0, 0),
(245, '', '', '', '2023-06-21', 24, 19, 0, 'VEDASHRI MANISH BELE', 'female', 'HINDU', 'INDIAN', 'MARATHI', 'BARI', 'OBC', 'DARWHA', '', '6 years 10 months ', '2017-07-20', '', '', 'ENGLISH', '0', '', '', 'MANISH', 'DARWHA', 'DARWHA', 'YAVATMAL', '', '', '7517068111', '0', NULL, 'PRIYANKA', '', '', '', '2025-26', 14, '2024-05-04 04:59:12', 8, NULL, 0, b'1', 0, 0),
(246, '', '', '', '2023-06-24', 24, 19, 0, 'TRISHA SANDIP BHOYAR', 'female', 'HINDU', 'INDIAN', 'MARATHI', 'BORAL', 'OBC', 'DARWHA', '', '6 years 10 months ', '2017-07-25', '', '', 'ENGLISH', '0', '', '', 'SANDIP', 'DARWHA', 'DARWHA', 'YAVATMAL', '', '', '7517068111', '0', NULL, 'TRUPTI', '', '', '', '2025-26', 14, '2024-05-04 05:01:33', 8, NULL, 0, b'1', 0, 0),
(247, '', '', '', '2023-06-21', 24, 19, 0, 'SHARVARI VASUDEV CHANDURKAR', 'female', 'HINDU', 'INDIAN', 'MARATHI', 'KUMBHAR', 'OBC', 'DARWHA', '', '6 years 10 months ', '2017-07-09', '', '', 'ENGLISH', '0', '', '', 'VASUDEV', 'DARWHA', 'DARWHA', 'YAVATMAL', '', '', '7517068111', '0', NULL, 'RUPALI', '', '', '', '2025-26', 14, '2024-05-04 05:04:01', 8, NULL, 0, b'1', 0, 0),
(248, '2443', '', '', '2023-06-23', 24, 19, 0, 'NISHKA MITHUN CHAUIDHARI', 'female', 'HINDU', 'INDIAN', 'MARATHI', 'DHOBI', 'OBC', 'DARWHA', '', '9 years 5 months ', '2015-10-16', '', '', 'ENGLISH', '0', '', '', 'MITHUN', 'DARWHA', 'DARWHA', 'YAVATMAL', '', '', '7517068111', '0', NULL, 'SUJATA', '', '', '', '2025-26', 14, '2024-05-04 05:29:16', 8, NULL, 0, b'1', 0, 0),
(249, '', '', '', '2023-06-21', 24, 19, 0, 'MAHIMA SURYANARAYAN CHAUHAN', 'female', 'HINDU', 'INDIAN', 'HINDI', 'RAJPUT', 'OPEN', 'DARWHA', '', '8 years 5 months ', '2016-10-24', '', '', 'ENGLISH', '0', '', '', 'SURYANARAYAN', 'DARWHA', 'DARWHA', 'YAVATMAL', '', '', '7517068111', '0', NULL, 'MONIKA', '', '', '', '2025-26', 14, '2024-05-04 05:30:53', 8, NULL, 0, b'1', 0, 0),
(250, '2445', '', '', '2023-06-23', 24, 19, 0, 'SWARALI SACHIN CHINCHOLE', 'female', 'BOUDDHA', 'INDIAN', 'MARATHI', 'MAHAR', 'SC', 'DARWHA', '', '7 years 2 months ', '2017-03-20', '', '', 'ENGLISH', '0', '', '', 'SACHIN', 'DARWHA', 'DARWHA', 'YAVATMAL', '', '', '7517068111', '0', NULL, 'RUPALI', '', '', '', '2025-26', 14, '2024-05-04 05:32:15', 8, NULL, 0, b'1', 0, 0),
(251, '2435', '', '', '2023-06-24', 24, 19, 0, 'ANANNYA  VISHAL CHIRDE', 'female', 'HINDU', 'INDIAN', 'MARATHI', 'BARI', 'OBC', 'DARWHA', '', '7 years 8 months ', '2016-09-01', '', '', 'ENGLISH', '0', '', '', 'VISHAL', 'DARWHA', 'DARWHA', 'YAVATMAL', '', '', '7517068111', '0', NULL, 'RUPALI', '', '', '', '2025-26', 14, '2024-05-04 05:46:24', 8, NULL, 0, b'1', 0, 0),
(252, '2440', '', '', '2023-06-21', 24, 19, 0, 'VEDASHRI PRADIP CHIRDE', 'female', 'HINDU', 'INDIAN', 'MARATHI', 'BARI', 'OBC', 'DARWHA', '', '8 years 3 months ', '2016-12-05', '', '', 'ENGLISH', '0', '', '', 'PRADIP', 'DARWHA', 'DARWHA', 'YAVATMAL', '', '', '7517068111', '0', NULL, 'KALPANA', '', '', '', '2025-26', 14, '2024-05-04 05:49:01', 8, NULL, 0, b'1', 0, 0),
(253, '2440', '', '', '2023-06-23', 24, 19, 0, 'JUI GAJANAN DAKHORE', 'female', 'HINDU', 'INDIAN', 'MARATHI', 'DHANGAR', 'NT', 'DARWHA', '', '8 years 2 months ', '2016-12-19', '', '', 'ENGLISH', '0', '', '', 'GAJANAN', 'DARWHA', 'DARWHA', 'YAVATMAL', '', '', '7517068111', '0', NULL, 'KAVITA', '', '', '', '2025-26', 14, '2024-05-04 06:53:57', 8, NULL, 0, b'1', 0, 0),
(254, '2473', '', '', '2023-06-26', 24, 19, 0, 'TEJASWINI GAJANAN DESHMUKH', 'female', 'HINDU', 'INDIAN', 'MARATHI', 'KUNBI', 'OBC', 'DARWHA', '', '8 years 2 months ', '2016-12-19', '', '', 'ENGLISH', '0', '', '', 'GAJANAN', 'DARWHA', 'DARWHA', 'YAVATMAL', '', '', '7517068111', '0', NULL, 'NEHA', '', '', '', '2025-26', 14, '2024-05-04 06:55:40', 8, NULL, 0, b'1', 0, 0),
(255, '2473', '', '', '2023-06-20', 24, 19, 0, 'AAYERA FATMA ZUBER AHMAD', 'female', 'ISLAM', 'INDIAN', 'URDU', 'MUSLIM', 'OPEN', 'DARWHA', '', '7 years 5 months ', '2017-10-10', '', '', 'ENGLISH', '0', '', '', 'ZUBER AHMAD', 'DARWHA', 'DARWHA', 'YAVATMAL', '', '', '7517068111', '0', NULL, 'FARHIN ANJUM', '', '', '', '2025-26', 14, '2024-05-04 06:57:53', 8, NULL, 0, b'1', 0, 0),
(256, '2408', '', '', '2023-06-20', 24, 19, 0, 'ARADHYA MILIND DHAWALE', 'female', 'HINDU', 'INDIAN', 'MARATHI', 'KUNBI', 'OBC', 'DARWHA', '', '9 years 3 months ', '2015-11-28', '', '', 'ENGLISH', '0', '', '', 'MILIND', 'DARWHA', 'DARWHA', 'YAVATMAL', '', '', '7517068111', '0', NULL, 'MOKSHIDA', '', '', '', '2025-26', 14, '2024-05-04 06:59:50', 8, NULL, 0, b'1', 0, 0),
(257, '2428', '', '', '2023-06-20', 24, 19, 0, 'KRUPAL MEHUL DOSHI', 'female', 'JAIN', 'INDIAN', 'HINDI', 'JAIN', 'OPEN', 'DARWHA', '', '7 years 2 months ', '2017-02-06', '', '', 'ENGLISH', '0', '', '', 'MEHUL', 'DARWHA', 'DARWHA', 'YAVATMAL', '', '', '7517068111', '0', NULL, 'KOMAL', '', '', '', '2025-26', 14, '2024-05-04 07:05:04', 8, NULL, 0, b'1', 0, 0),
(258, '2395', '', '', '2023-06-20', 24, 19, 0, 'SEJAL SANJAY DUDHE', 'female', 'HINDU', 'INDIAN', 'MARATHI', 'BARI', 'OBC', 'DARWHA', '', '8 years 3 months ', '2016-12-22', '', '', 'ENGLISH', '0', '', '', 'SANJAY', 'DARWHA', 'DARWHA', 'YAVATMAL', '', '', '7517068111', '0', NULL, 'SNEHAL', '', '', '', '2025-26', 14, '2024-05-04 07:07:03', 8, NULL, 0, b'1', 0, 0),
(259, '2444', '', '', '2023-06-23', 24, 19, 0, 'SWARA PRAVIN GADHAVE', 'female', 'HINDU', 'INDIAN', 'MARATHI', 'KUNBI', 'OBC', 'DARWHA', '', '8 years 3 months ', '2016-12-12', '', '', 'ENGLISH', '0', '', '', 'PRAVIN', 'DARWHA', 'DARWHA', 'YAVATMAL', '', '', '7517068111', '0', NULL, 'ASHWINI', '', '', '', '2025-26', 14, '2024-05-04 07:09:11', 8, NULL, 0, b'1', 0, 0),
(260, '', '', '', '2023-06-21', 24, 19, 0, 'ARADHYA UMESH GAWANDE', 'female', 'HINDU', 'INDIAN', 'MARATHI', 'KUNBI', 'OBC', 'DARWHA', '', '6 years 10 months ', '2017-07-13', '', '', 'ENGLISH', '0', '', '', 'UMESH', 'DARWHA', 'DARWHA', 'YAVATMAL', '', '', '7517068111', '0', NULL, 'LAXMI', '', '', '', '2025-26', 14, '2024-05-04 07:11:49', 8, NULL, 0, b'1', 0, 0),
(261, '2427', '', '', '2023-06-21', 24, 19, 0, 'ANANNAYA NILESH JADHAO', 'female', 'HINDU', 'INDIAN', 'MARATHI', 'BANJARA', 'VJ', 'DARWHA', '', '7 years 3 months ', '2017-01-09', '', '', 'ENGLISH', '0', '', '', 'NILESH', 'DARWHA', 'DARWHA', 'YAVATMAL', '', '', '7517068111', '0', NULL, 'SNEHAL', '', '', '', '2025-26', 14, '2024-05-04 07:16:11', 8, NULL, 0, b'1', 0, 0),
(262, '2433', '', '', '2023-06-22', 24, 19, 0, 'ASHWINI VILAS JADHAO ', 'female', 'HINDU', 'INDIAN', 'MARATHI', 'BANJARA', 'VJ', 'DARWHA', '', '-2 years -11 months ', '2026-03-01', '', '', 'ENGLISH', '0', '', '', 'VILAS', 'DARWHA', 'DARWHA', 'YAVATMAL', '', '', '7517068111', '0', NULL, 'REKHA', '', '', '', '2025-26', 14, '2024-05-04 07:19:39', 8, NULL, 0, b'1', 0, 0),
(263, '2412', '', '', '2023-06-21', 24, 19, 0, 'ISHITA DATTA JADHAO', 'female', 'HINDU', 'INDIAN', 'MARATHI', 'BANJARA', 'VJ', 'DARWHA', '', '8 years 1 months ', '2016-04-10', '', '', 'ENGLISH', '0', '', '', 'DATTA', 'DARWHA', 'DARWHA', 'YAVATMAL', '', '', '7517068111', '0', NULL, 'VARSHA', '', '', '', '2025-26', 14, '2024-05-04 07:25:14', 8, NULL, 0, b'1', 0, 0),
(264, '2472', '', '', '2023-06-20', 24, 19, 0, 'ARUKSHA SACHIN KHANDARE', 'female', 'BOUDDHA', 'INDIAN', 'MARATHI', 'MAHAR', 'SC', 'DARWHA', '', '7 years 1 months ', '2017-04-15', '', '', 'ENGLISH', '0', '', '', 'SACHIN', 'DARWHA', 'DARWHA', 'YAVATMAL', '', '', '7517068111', '0', NULL, 'NILIMA', '', '', '', '2025-26', 14, '2024-05-04 09:54:46', 8, NULL, 0, b'1', 0, 0),
(265, '', '', '', '2023-07-20', 24, 19, 0, 'DHRITI SWAPNIL KOTHARI', 'female', 'JAIN', 'INDIAN', 'HINDI', 'JAIN', 'OPEN', 'DARWHA', '', '6 years 8 months ', '2017-09-01', '', '', 'ENGLISH', '0', '', '', 'SWAPNIL', 'DARWHA', 'DARWHA', 'YAVATMAL', '', '', '7517068111', '0', NULL, 'SARITA', '', '', '', '2025-26', 14, '2024-05-04 09:56:49', 8, NULL, 0, b'1', 0, 0);
INSERT INTO `student` (`student_id`, `registration_no`, `aadhar_no`, `saral_id`, `register_date`, `class_id`, `section_id`, `rte_applicable`, `fullname`, `gender`, `religion`, `nationality`, `mother_tounge`, `caste`, `category`, `place_of_birth`, `image`, `age`, `dob`, `last_school`, `last_class`, `last_medium`, `is_last_school_recognize`, `sought_admission_in_class`, `medium`, `father_name`, `at_post`, `tahsil`, `dist`, `occupation`, `ph_no`, `mobile_no`, `parent_on_service`, `office_address_phone_no`, `mother_full_name`, `annual_income`, `local_address`, `relation_ship_with_parent`, `academic_year`, `session_id`, `created_at`, `created_by`, `modified_at`, `modified_by`, `is_active`, `old_fees`, `paid_fees`) VALUES
(266, '2463', '', '', '2023-06-24', 24, 19, 0, 'YASH YOGESH ALONE', 'male', 'HINDU', 'INDIAN', 'MARATHI', 'KOSHTI', 'SBC', 'DARWHA', '', '7 years 8 months ', '2016-09-12', '', '', 'ENGLISH', '0', '', '', 'YOGESH', 'DARWHA', 'DARWHA', 'YAVATMAL', '', '', '7517068111', '0', NULL, 'SUVARNA', '', '', '', '2025-26', 14, '2024-05-04 09:59:51', 8, NULL, 0, b'1', 0, 0),
(267, '2424 ', '', '', '2023-06-21', 24, 19, 0, 'TEJAS MANOJ BHAGAT', 'male', 'BOUDDHA', 'INDIAN', 'MARATHI', 'MAHAR', 'SC', 'DARWHA', '', '7 years 2 months ', '2017-02-17', '', '', 'ENGLISH', '0', '', '', '2424', 'DARWHA', 'DARWHA', 'YAVATMAL', '', '', '7517068111', '0', NULL, 'SHILPA', '', '', '', '2025-26', 14, '2024-05-04 10:05:44', 8, NULL, 0, b'1', 0, 0),
(268, '2406', '', '', '2023-06-20', 24, 19, 0, 'SHREYANSH NILESH BHALERAO', 'male', 'HINDU', 'INDIAN', 'MARATHI', 'KUNBI', 'OBC', 'DARWHA', '', '7 years 9 months ', '2016-08-10', '', '', 'ENGLISH', '0', '', '', 'SHREYANSH', 'DARWHA', 'DARWHA', 'YAVATMAL', '', '', '7517068111', '0', NULL, 'PRIYANKA', '', '', '', '2025-26', 14, '2024-05-04 10:09:17', 8, NULL, 0, b'1', 0, 0),
(269, '2397', '', '', '2023-06-20', 24, 19, 0, 'PRADNYESH HITESH CHIRDE', 'male', 'HINDU', 'INDIAN', 'MARATHI', 'BARI', 'OBC', 'DARWHA', '', '8 years 4 months ', '2016-11-17', '', '', 'ENGLISH', '0', '', '', 'HITESH', 'DARWHA', 'DARWHA', 'YAVATMAL', '', '', '7517068111', '0', NULL, 'SWATI', '', '', '', '2025-26', 14, '2024-05-04 10:13:26', 8, NULL, 0, b'1', 0, 0),
(270, '2400', '', '', '2023-06-20', 24, 19, 0, 'PARSHWA PRITESHKUMAR CHORDIYA', 'male', 'JAIN', 'INDIAN', 'HINDI', 'JAIN', 'OPEN', 'DARWHA', '', '6 years 11 months ', '2017-06-30', '', '', 'ENGLISH', '0', '', '', 'PRITESHKUMAR', 'DARWHA', 'DARWHA', 'YAVATMAL', '', '', '7517068111', '0', NULL, 'RANI', '', '', '', '2025-26', 14, '2024-05-04 10:26:55', 8, NULL, 0, b'1', 0, 0),
(271, '2453', '', '', '2023-06-21', 24, 19, 0, 'SAMARTH ASHISH CHAVHAN', 'male', 'HINDU', 'INDIAN', 'MARATHI', 'BANJARA', 'VJ', 'DARWHA', '', '7 years 3 months ', '2017-02-13', '', '', 'ENGLISH', '0', '', '', 'ASHISH', 'DARWHA', 'DARWHA', 'YAVATMAL', '', '', '7517068111', '0', NULL, 'PAYAL', '', '', '', '2025-26', 14, '2024-05-04 10:29:34', 8, NULL, 0, b'1', 0, 0),
(272, '2475', '', '', '2023-06-26', 24, 19, 0, ' SHREYAN DNYANESHWAR CHAVHAN', 'male', 'HINDU', 'INDIAN', 'MARATHI', 'BANJARA', 'VJ', 'DARWHA', '', '6 years 10 months ', '2017-07-29', '', '', 'ENGLISH', '0', '', '', 'DNYANESHWAR', 'DARWHA', 'DARWHA', 'YAVATMAL', '', '', '7517068111', '0', NULL, 'KAVITA', '', '', '', '2025-26', 14, '2024-05-04 10:46:54', 8, NULL, 0, b'1', 0, 0),
(273, '2430', '', '', '2023-06-22', 24, 19, 0, 'PARTH GOPAL DANGRA', 'male', 'HINDU', 'INDIAN', 'HINDI', 'MAHESHWARI', 'OPEN', 'DARWHA', '', '6 years 10 months ', '2017-07-02', '', '', 'ENGLISH', '0', '', '', 'GOPAL', 'DARWHA', 'DARWHA', 'YAVATMAL', '', '', '7517068111', '0', NULL, 'KOMAL', '', '', '', '2025-26', 14, '2024-05-04 10:48:38', 8, NULL, 0, b'1', 0, 0),
(274, '2398', '', '', '2023-06-20', 24, 19, 0, 'SAMARATH ARPAN DESHMUKH', 'male', 'HINDU', 'INDIAN', 'MARATHI', 'KUNBI', 'OBC', 'DARWHA', '', '6 years 11 months ', '2017-06-20', '', '', 'ENGLISH', '0', '', '', 'ARPAN', 'DARWHA', 'DARWHA', 'YAVATMAL', '', '', '7517068111', '0', NULL, 'NEHA', '', '', '', '2025-26', 14, '2024-05-04 10:50:24', 8, NULL, 0, b'1', 0, 0),
(275, '2417', '', '', '2023-06-21', 24, 19, 0, 'DHAIRYA AKSHAY DHEMBE', 'male', 'HINDU', 'INDIAN', 'MARATHI', 'GONDHALI', 'NT', 'DARWHA', '', '7 years 2 months ', '2017-03-22', '', '', 'ENGLISH', '0', '', '', 'AKSHAY', 'DARWHA', 'DARWHA', 'YAVATMAL', '', '', '7517068111', '0', NULL, 'KIRAN', '', '', '', '2025-26', 14, '2024-05-04 10:52:22', 8, NULL, 0, b'1', 0, 0),
(276, '2426', '', '', '2023-06-21', 24, 19, 0, 'SOHAM AMOL DIVE', 'male', 'HINDU', 'INDIAN', 'MARATHI', 'KUNBI', 'OBC', 'DARWHA', '', '7 years 1 months ', '2017-04-11', '', '', 'ENGLISH', '0', '', '', 'AMOL', 'DARWHA', 'DARWHA', 'YAVATMAL', '', '', '7517068111', '0', NULL, 'MEENA', '', '', '', '2025-26', 14, '2024-05-04 10:54:44', 8, NULL, 0, b'1', 0, 0),
(277, '', '', '', '2023-06-21', 24, 19, 0, 'AYUSH ATUL DIVE', 'male', 'HINDU', 'INDIAN', 'MARATHI', 'KUNBI', 'OBC', 'DARWHA', '', '6 years 11 months ', '2017-06-08', '', '', 'ENGLISH', '0', '', '', 'ATUL', 'DARWHA', 'DARWHA', 'YAVATMAL', '', '', '7517068111', '0', NULL, 'DIMPAL', '', '', '', '2025-26', 14, '2024-05-04 10:59:02', 8, NULL, 0, b'1', 0, 0),
(278, '2410', '', '', '2023-06-21', 24, 19, 0, 'HARSH PRAVIN DUDHE', 'male', 'HINDU', 'INDIAN', 'MARATHI', 'BARI', 'OBC', 'DARWHA', '', '6 years 9 months ', '2017-08-08', '', '', 'ENGLISH', '0', '', '', 'PRAVIN', 'DARWHA', 'DARWHA', 'YAVATMAL', '', '', '7517068111', '0', NULL, 'DIMPAL', '', '', '', '2025-26', 14, '2024-05-04 11:01:12', 8, NULL, 0, b'1', 0, 0),
(279, '', '', '', '2023-07-20', 24, 19, 0, 'SHIVRAJ MAHENDRA DUDHE', 'male', 'HINDU', 'INDIAN', 'MARATHI', 'BARI', 'OBC', 'DARWHA', '', '7 years 0 months ', '2017-05-12', '', '', 'ENGLISH', '0', '', '', 'MAHENDRA', 'DARWHA', 'DARWHA', 'YAVATMAL', '', '', '7517068111', '0', NULL, 'VARSHA', '', '', '', '2025-26', 14, '2024-05-04 11:02:43', 8, NULL, 0, b'1', 0, 0),
(280, '2454', '', '', '2023-06-24', 24, 19, 0, 'DHANANJAY SATISH FENDAR', 'male', 'HINDU', 'INDIAN', 'MARATHI', 'KUNBI', 'OBC', 'DARWHA', '', '6 years 8 months ', '2017-09-01', '', '', 'ENGLISH', '0', '', '', 'SATISH', 'DARWHA', 'DARWHA', 'YAVATMAL', '', '', '7517068111', '0', NULL, 'MEENA', '', '', '', '2025-26', 14, '2024-05-04 11:04:18', 8, NULL, 0, b'1', 0, 0),
(281, '2474', '', '', '2023-06-26', 24, 19, 0, 'VEDANT MUKESH GAWANDE', 'male', 'HINDU', 'INDIAN', 'MARATHI', 'KUNBI', 'OBC', 'DARWHA', '', '6 years 10 months ', '2017-07-29', '', '', 'ENGLISH', '0', '', '', 'MUKESH', 'DARWHA', 'DARWHA', 'YAVATMAL', '', '', '7517068111', '0', NULL, 'POOJA', '', '', '', '2025-26', 14, '2024-05-04 11:06:58', 8, NULL, 0, b'1', 0, 0),
(282, '2457', '', '', '2023-08-24', 24, 19, 0, 'SHREEVANSH ASHISH GIRI', 'male', 'HINDU', 'INDIAN', 'MARATHI', 'GOSAVI', 'NT', 'DARWHA', '', '8 years 5 months ', '2016-10-20', '', '', 'ENGLISH', '0', '', '', 'ASHISH', 'DARWHA', 'DARWHA', 'YAVATMAL', '', '', '7517068111', '0', NULL, 'CHAITALI', '', '', '', '2025-26', 14, '2024-05-04 11:09:13', 8, NULL, 0, b'1', 0, 0),
(283, '2431', '', '', '2023-06-22', 24, 19, 0, 'KRUTIK AYAN UPENDRA MATTAPALI', 'male', 'HINDU', 'INDIAN', 'TELGU', 'GOUD', 'OBC', 'DARWHA', '', '6 years 9 months ', '2017-08-17', '', '', 'ENGLISH', '0', '', '', 'UPENDRA', 'DARWHA', 'DARWHA', 'YAVATMAL', '', '', '7517068111', '0', NULL, 'NAG MUTTESWARI', '', '', '', '2025-26', 14, '2024-05-04 11:11:40', 8, NULL, 0, b'1', 0, 0),
(284, '2403', '', '', '2023-06-20', 24, 19, 0, 'HIMANSHU GOPICHAND JADHAO', 'male', 'HINDU', 'INDIAN', 'MARATHI', 'BANJARA', 'VJ', 'DARWHA', '', '8 years 2 months ', '2016-02-19', '', '', 'ENGLISH', '0', '', '', 'GOPICHAND', 'DARWHA', 'DARWHA', 'YAVATMAL', '', '', '7517068111', '0', NULL, 'SEEMA', '', '', '', '2025-26', 14, '2024-05-04 11:13:45', 8, NULL, 0, b'1', 0, 0),
(285, '', '', '', '2023-06-20', 24, 19, 0, 'DIVYAM KAPIL JADHAO', 'male', 'HINDU', 'INDIAN', 'MARATHI', 'BANJARA', 'VJ', 'DARWHA', '', '7 years 10 months ', '2016-07-28', '', '', 'ENGLISH', '0', '', '', 'KAPIL', 'DARWHA', 'DARWHA', 'YAVATMAL', '', '', '7517068111', '0', NULL, 'JAYSHRI', '', '', '', '2025-26', 14, '2024-05-04 11:15:11', 8, NULL, 0, b'1', 0, 0),
(286, '', '', '', '2023-07-20', 24, 19, 0, 'ABUTALA', 'female', 'ISLAM', 'INDIAN', 'URDU', 'MUSLIM', 'OPEN', 'DARWHA', '', '6 years 8 months ', '2017-09-07', '', '', 'ENGLISH', '0', '', '', 'AB', 'DARWHA', 'DARWHA', 'YAVATMAL', '', '', '7517068111', '0', NULL, 'SHADAB ANJUM', '', '', '', '2025-26', 14, '2024-05-04 11:16:48', 8, NULL, 0, b'1', 0, 0),
(287, '', '', '', '2023-07-20', 24, 19, 0, 'JAKERIYA', 'male', 'ISLAM', 'INDIAN', 'URDU', 'MUSLIM', 'OPEN', 'DARWHA', '', '3 years 5 months ', '0000-00-00', '', '', 'ENGLISH', '0', '', '', 'AB', 'DARWHA', 'DARWHA', 'YAVATMAL', '', '', '7517068111', '0', NULL, 'SHADAB ANJUM', '', '', '', '2025-26', 14, '2024-05-04 11:17:55', 8, NULL, 0, b'1', 0, 0),
(288, '', '', '', '1983-05-07', 23, 22, 0, 'Tirtha Umesh Bhoyar', 'female', 'HINDU', 'INDIAN', 'MARATHI', 'KUNBI', 'OBC', 'DARWHA', '', '41 years 0 months ', '1983-05-07', '', '', 'ENGLISH', '0', '', '', 'UMESH', 'DARWHA', 'DARWHA', 'YAVATMAL', '', '', '7517068111', '0', NULL, 't', '', '', '', '2024-25', 11, '2024-05-11 10:27:29', 8, NULL, 0, b'1', 0, 0),
(289, '', '', '', '1983-05-07', 23, 22, 0, 'VIDHI AMOL BHOYAR', 'female', 'HINDU', 'INDIAN', 'MARATHI', 'KUNBI', 'OBC', 'DARWHA', '', '41 years 0 months ', '1983-05-07', '', '', 'ENGLISH', '0', '', '', 'AMOL', 'DARWHA', 'DARWHA', 'YAVATMAL', '', '', '7517068111', '0', NULL, 'T', '', '', '', '2024-25', 11, '2024-05-11 10:28:59', 8, NULL, 0, b'1', 0, 0),
(290, '', '', '', '1983-05-07', 23, 22, 0, 'MISKAN WAHAB ISANI', 'female', 'ISLAM', 'INDIAN', 'URDU', 'MUSLIM', 'OPEN', 'DARWHA', '', '41 years 0 months ', '1983-05-07', '', '', 'ENGLISH', '0', '', '', 'WAHAB', 'DARWHA', 'DARWHA', 'YAVATMAL', '', '', '7517068111', '0', NULL, 'T', '', '', '', '2024-25', 11, '2024-05-11 10:30:17', 8, NULL, 0, b'1', 0, 0),
(291, '', '', '', '1983-05-07', 23, 22, 0, 'ASTHA DINESH KHODE', 'female', 'HINDU', 'INDIAN', 'MARATHI', 'KUNBI', 'OBC', 'DARWHA', '', '41 years 0 months ', '1983-05-07', '', '', 'ENGLISH', '0', '', '', 'DINESH', 'DARWHA', 'DARWHA', 'YAVATMAL', '', '', '7517068111', '0', NULL, 'T', '', '', '', '2024-25', 11, '2024-05-11 10:31:27', 8, NULL, 0, b'1', 0, 0),
(292, '', '', '', '1983-05-07', 23, 22, 0, 'KSHITIJA ATUL MIRASE', 'female', 'HINDU', 'INDIAN', 'MARATHI', 'KUNBI', 'OBC', 'DARWHA', '', '41 years 0 months ', '1983-05-07', '', '', 'ENGLISH', '0', '', '', 'ATUL', 'DARWHA', 'DARWHA', 'YAVATMAL', '', '', '7517068111', '0', NULL, 'T', '', '', '', '2024-25', 11, '2024-05-11 10:32:46', 8, NULL, 0, b'1', 0, 0),
(293, '', '', '', '0193-05-07', 23, 22, 0, 'ANUSHKA SUNIL PARWAR', 'female', 'HINDU', 'INDIAN', 'MARATHI', 'BHANGI', 'SC', 'DARWHA', '', '41 years 0 months ', '1983-05-07', '', '', 'ENGLISH', '0', '', '', 'SUNIL', 'DARWHA', 'DARWHA', 'YAVATMAL', '', '', '7517068111', '0', NULL, 'T', '', '', '', '2024-25', 11, '2024-05-11 10:34:09', 8, NULL, 0, b'1', 0, 0),
(294, '', '', '', '1983-05-07', 23, 22, 0, 'PRAGATI SHYAM RATHOD', 'female', 'HINDU', 'INDIAN', 'MARATHI', 'BANJARA', 'VJ', 'DARWHA', '', '38 years 0 months ', '1986-05-07', '', '', 'ENGLISH', '0', '', '', 'SHYAM', 'DARWHA', 'DARWHA', 'YAVATMAL', '', '', '7517068111', '0', NULL, 'T', '', '', '', '2024-25', 11, '2024-05-11 10:35:38', 8, NULL, 0, b'1', 0, 0),
(295, '', '', '', '1983-05-07', 23, 22, 0, 'SWARA SUNIL RAJURKAR', 'female', 'HINDU', 'INDIAN', 'MARATHI', 'TELI', 'OBC', 'DARWHA', '', '41 years 3 months ', '0083-12-05', '', '', 'ENGLISH', '0', '', '', 'SUNIL', 'DARWHA', 'DARWHA', 'YAVATMAL', '', '', '7517068111', '0', NULL, 'T', '', '', '', '2024-25', 11, '2024-05-11 10:36:46', 8, NULL, 0, b'1', 0, 0),
(296, '', '', '', '0193-05-07', 23, 22, 0, 'MAHI PRAFUL SHENDE', 'female', 'BOUDDHA', 'INDIAN', 'MARATHI', 'MAHAR', 'SC', 'DARWHA', '', '41 years 0 months ', '1983-05-07', '', '', 'ENGLISH', '0', '', '', 'PRAFUL', 'DARWHA', 'DARWHA', 'YAVATMAL', '', '', '7517068111', '0', NULL, 'T', '', '', '', '2024-25', 11, '2024-05-11 10:37:47', 8, NULL, 0, b'1', 0, 0),
(297, '', '', '', '1983-05-07', 23, 22, 0, 'ZURAINAH TAUQEER SHAIKH', 'female', 'ISLAM', 'INDIAN', 'URDU', 'MUSLIM', 'OPEN', 'DARWHA', '', '41 years 0 months ', '1983-05-07', '', '', 'ENGLISH', '0', '', '', 'TAUQEER', 'DARWHA', 'DARWHA', 'YAVATMAL', '', '', '7517068111', '0', NULL, 'T', '', '', '', '2024-25', 11, '2024-05-11 10:39:01', 8, NULL, 0, b'1', 0, 0),
(298, '', '', '', '1983-05-07', 23, 22, 0, 'SAI AVINASH THAKARE', 'female', 'HINDU', 'INDIAN', 'MARATHI', 'KUNBI', 'OBC', 'DARWHA', '', '41 years 0 months ', '1983-05-07', '', '', 'ENGLISH', '0', '', '', 'AVINASH', 'DARWHA', 'DARWHA', 'YAVATMAL', '', '', '7517068111', '0', NULL, 'T', '', '', '', '2024-25', 11, '2024-05-11 10:42:35', 8, NULL, 0, b'1', 0, 0),
(299, '', '', '', '1983-05-07', 23, 22, 0, 'LAVANYA SACHIN TAJNE', 'female', 'HINDU', 'INDIAN', 'MARATHI', 'BARI', 'OBC', 'DARWHA', '', '41 years 0 months ', '1983-05-07', '', '', 'ENGLISH', '0', '', '', 'SACHIN', 'DARWHA', 'DARWHA', 'YAVATMAL', '', '', '7517068111', '0', NULL, 'T', '', '', '', '2024-25', 11, '2024-05-11 10:44:11', 8, NULL, 0, b'1', 0, 0),
(300, '', '', '', '0083-12-07', 23, 22, 0, 'RAUNAK GAJANAN CHIRDE', 'male', 'HINDU', 'INDIAN', 'MARATHI', 'BARI', 'OBC', 'DARWHA', '', '41 years 0 months ', '1983-05-07', '', '', 'ENGLISH', '0', '', '', 'GAJANAN', 'DARWHA', 'DARWHA', 'YAVATMAL', '', '', '7517068111', '0', NULL, 'T', '', '', '', '2024-25', 11, '2024-05-11 10:47:09', 8, NULL, 0, b'1', 0, 0),
(301, '', '', '', '1983-05-07', 23, 22, 0, 'SUFIYAN SAJID JAKHURA', 'male', 'ISLAM', 'INDIAN', 'URDU', 'KACCHI', 'OBC', 'DARWHA', '', '41 years 0 months ', '1983-05-07', '', '', 'ENGLISH', '0', '', '', 'WAJID', 'DARWHA', 'DARWHA', 'YAVATMAL', '', '', '7517068111', '0', NULL, 'T', '', '', '', '2024-25', 11, '2024-05-11 10:48:40', 8, NULL, 0, b'1', 0, 0),
(302, '', '', '', '1983-05-07', 23, 22, 0, 'PRANAV VAIBHAV KADAM', 'male', 'HINDU', 'INDIAN', 'MARATHI', 'KUNBI', 'OBC', 'DARWHA', '', '41 years 0 months ', '1983-05-07', '', '', 'ENGLISH', '0', '', '', 'VAIBHAV', 'DARWHA', 'DARWHA', 'YAVATMAL', '', '', '7517068111', '0', NULL, 'T', '', '', '', '2024-25', 11, '2024-05-11 10:50:24', 8, NULL, 0, b'1', 0, 0),
(303, '', '', '', '1983-05-07', 23, 22, 0, 'UMAR KHAN JOHAN KHAN', 'male', 'ISLAM', 'INDIAN', 'URDU', 'MUSLIM', 'OPEN', 'DARWHA', '', '41 years 0 months ', '1983-05-07', '', '', 'ENGLISH', '0', '', '', 'JOHAN', 'DARWHA', 'DARWHA', 'YAVATMAL', '', '', '7517068111', '0', NULL, 'T', '', '', '', '2024-25', 11, '2024-05-11 10:53:23', 8, NULL, 0, b'1', 0, 0),
(304, '', '', '', '1983-05-07', 23, 22, 0, 'RAFE SOHAIB KHAN', 'male', 'ISLAM', 'INDIAN', 'URDU', 'MUSLIM', 'OPEN', 'DARWHA', '', '41 years 0 months ', '1983-05-07', '', '', 'ENGLISH', '0', '', '', 'JOHAN KHAN', 'DARWHA', 'DARWHA', 'YAVATMAL', '', '', '7517068111', '0', NULL, 'T', '', '', '', '2024-25', 11, '2024-05-11 10:54:45', 8, NULL, 0, b'1', 0, 0),
(305, '', '', '', '1983-05-07', 23, 22, 0, 'UMAR JAVED KHAN', 'male', 'ISLAM', 'INDIAN', 'URDU', 'MUSLIM', 'OPEN', 'DARWHA', '', '41 years 0 months ', '1983-05-07', '', '', 'ENGLISH', '0', '', '', 'JAVED', 'DARWHA', 'DARWHA', 'YAVATMAL', '', '', '7517068111', '0', NULL, 'T', '', '', '', '2024-25', 11, '2024-05-11 10:56:09', 8, NULL, 0, b'1', 0, 0),
(306, '', '', '', '1983-05-07', 23, 22, 0, 'TARUN SHRISH MARATHE', 'male', 'HINDU', 'INDIAN', 'MARATHI', 'MANG', 'SC', 'DARWHA', '', '41 years 0 months ', '1983-05-07', '', '', 'ENGLISH', '0', '', '', 'SHRISH', 'DARWHA', 'DARWHA', 'YAVATMAL', '', '', '7517068111', '0', NULL, 'T', '', '', '', '2024-25', 11, '2024-05-11 10:57:46', 8, NULL, 0, b'1', 0, 0),
(307, '', '', '', '1983-05-07', 23, 22, 0, 'ARNAV MEGHRAJ MANGULKAR', 'male', 'HINDU', 'INDIAN', 'MARATHI', 'TELI', 'OBC', 'DARWHA', '', '41 years 0 months ', '1983-05-07', '', '', 'ENGLISH', '0', '', '', 'MEGHRAJ', 'DARWHA', 'DARWHA', 'YAVATMAL', '', '', '7517068111', '0', NULL, 'T', '', '', '', '2024-25', 11, '2024-05-11 11:00:03', 8, NULL, 0, b'1', 0, 0),
(308, '', '', '', '1983-05-07', 23, 22, 0, 'MOIZ MIRZA', 'male', 'ISLAM', 'INDIAN', 'URDU', 'MUSLIM', 'OPEN', 'DARWHA', '', '41 years 0 months ', '1983-05-07', '', '', 'ENGLISH', '0', '', '', 'F', 'DARWHA', 'DARWHA', 'YAVATMAL', '', '', '7517068111', '0', NULL, 'T', '', '', '', '2024-25', 11, '2024-05-11 11:01:54', 8, NULL, 0, b'1', 0, 0),
(309, '', '', '', '1983-05-07', 23, 22, 0, 'NISHANT SURYAPRAKASH NIMKAR', 'male', 'HINDU', 'INDIAN', 'MARATHI', 'BARI', 'OBC', 'DARWHA', '', '41 years 0 months ', '1983-05-07', '', '', 'ENGLISH', '0', '', '', 'SURYAPRAKASH', 'DARWHA', 'DARWHA', 'YAVATMAL', '', '', '7517068111', '0', NULL, 'T', '', '', '', '2024-25', 11, '2024-05-11 11:04:02', 8, NULL, 0, b'1', 0, 0),
(310, '', '', '', '1983-05-07', 23, 22, 0, 'DEVANSHU PRUTHVIRAJ RATHOD', 'male', 'HINDU', 'INDIAN', 'MARATHI', 'BANJARA', 'VJ', 'DARWHA', '', '41 years 0 months ', '1983-05-07', '', '', 'ENGLISH', '0', '', '', 'PRUTHVIRAJ', 'DARWHA', 'DARWHA', 'YAVATMAL', '', '', '7517068111', '0', NULL, 'T', '', '', '', '2024-25', 11, '2024-05-11 11:05:30', 8, NULL, 0, b'1', 0, 0),
(311, '', '', '', '1983-05-07', 23, 22, 0, 'RISHABH BHARAT RATHOD', 'male', 'HINDU', 'INDIAN', 'MARATHI', 'BANJARA', 'VJ', 'DARWHA', '', '41 years 0 months ', '1983-05-07', '', '', 'ENGLISH', '0', '', '', 'BHARAT', 'DARWHA', 'DARWHA', 'YAVATMAL', '', '', '7517068111', '0', NULL, 'T', '', '', '', '2024-25', 11, '2024-05-11 11:07:08', 8, NULL, 0, b'1', 0, 0),
(312, '', '', '', '1983-05-07', 23, 22, 0, 'KRISHNA  NANNDKISHOR RATHOD', 'male', 'HINDU', 'INDIAN', 'MARATHI', 'BANJARA', 'VJ', 'DARWHA', '', '41 years 0 months ', '1983-05-07', '', '', 'ENGLISH', '0', '', '', 'NANDKISHOR', 'DARWHA', 'DARWHA', 'YAVATMAL', '', '', '7517068111', '0', NULL, 'T', '', '', '', '2024-25', 11, '2024-05-11 11:08:27', 8, NULL, 0, b'1', 0, 0),
(313, '', '', '', '0000-00-00', 23, 22, 0, 'NAITIK VINOD RATHOD', 'male', 'HINDU', 'INDIAN', 'MARATHI', 'BANJARA', 'VJ', 'DARWHA', '', '41 years 0 months ', '1983-05-07', '', '', 'ENGLISH', '0', '', '', 'VINOD', 'DARWHA', 'DARWHA', 'YAVATMAL', '', '', '7517068111', '0', NULL, 'T', '', '', '', '2024-25', 11, '2024-05-11 11:09:36', 8, NULL, 0, b'1', 0, 0),
(314, '', '', '', '1983-05-07', 23, 22, 0, 'HARSH SHEKHAR RATHOD', 'male', 'HINDU', 'INDIAN', 'MARATHI', 'BANJARA', 'VJ', 'DARWHA', '', '41 years 0 months ', '1983-05-07', '', '', 'ENGLISH', '0', '', '', 'SHEKHAR', 'DARWHA', 'DARWHA', 'YAVATMAL', '', '', '7517068111', '0', NULL, 'T', '', '', '', '2024-25', 11, '2024-05-11 11:12:24', 8, NULL, 0, b'1', 0, 0),
(315, '', '', '', '1983-05-07', 23, 22, 0, 'NEEL NARAYAN RAUT', 'male', 'HINDU', 'INDIAN', 'MARATHI', 'KUNBI', 'OBC', 'DARWHA', '', '41 years 0 months ', '1983-05-07', '', '', 'ENGLISH', '0', '', '', 'NARAYAN', 'DARWHA', 'DARWHA', 'YAVATMAL', '', '', '7517068111', '0', NULL, 'T', '', '', '', '2024-25', 11, '2024-05-11 11:15:09', 8, NULL, 0, b'1', 0, 0),
(316, '', '', '', '1983-05-07', 23, 22, 0, 'ANSHUMAN GANESH RAUT', 'male', 'HINDU', 'INDIAN', 'MARATHI', 'KUNBI', 'OBC', 'DARWHA', '', '41 years 0 months ', '1983-05-07', '', '', 'ENGLISH', '0', '', '', 'GANESH', 'DARWHA', 'DARWHA', 'YAVATMAL', '', '', '7517068111', '0', NULL, 'T', '', '', '', '2024-25', 11, '2024-05-11 11:16:14', 8, NULL, 0, b'1', 0, 0),
(317, '', '', '', '1983-05-07', 23, 22, 0, 'SYED ZOHAN IMRAN SYED', 'male', 'ISLAM', 'INDIAN', 'URDU', 'MUSLIM', 'OPEN', 'DARWHA', '', '41 years 5 months ', '0000-00-00', '', '', 'ENGLISH', '0', '', '', 'IMRAN SYED', 'DARWHA', 'DARWHA', 'YAVATMAL', '', '', '7517068111', '0', NULL, 'T', '', '', '', '2024-25', 11, '2024-05-11 11:19:54', 8, NULL, 0, b'1', 0, 0),
(318, '', '', '', '1983-05-07', 23, 22, 0, 'SYED ZAIN SHARIK SYED', 'male', 'ISLAM', 'INDIAN', 'URDU', 'MUSLIM', 'OPEN', 'DARWHA', '', '41 years 0 months ', '1983-05-07', '', '', 'ENGLISH', '0', '', '', 'SHARIK SYED', 'DARWHA', 'DARWHA', 'YAVATMAL', '', '', '7517068111', '0', NULL, 'T', '', '', '', '2024-25', 11, '2024-05-11 11:20:59', 8, NULL, 0, b'1', 0, 0),
(319, '', '', '', '1983-05-07', 23, 22, 0, 'DIKSHANT SIDDHARTH SONONE', 'male', 'BOUDDHA', 'INDIAN', 'MARATHI', 'MAHAR', 'SC', 'DARWHA', '', '41 years 0 months ', '1983-05-07', '', '', 'ENGLISH', '0', '', '', 'SIDDHARTH', 'DARWHA', 'DARWHA', 'YAVATMAL', '', '', '7517068111', '0', NULL, 'T', '', '', '', '2024-25', 11, '2024-05-11 11:22:24', 8, NULL, 0, b'1', 0, 0),
(320, '', '', '', '1983-05-07', 23, 22, 0, 'RAJVEER PRASHANT THORATH', 'male', 'BOUDDHA', 'INDIAN', 'MARATHI', 'MAHAR', 'SC', 'DARWHA', '', '41 years 0 months ', '1983-05-07', '', '', 'ENGLISH', '0', '', '', 'PRASHANT', 'DARWHA', 'DARWHA', 'YAVATMAL', '', '', '7517068111', '0', NULL, 'T', '', '', '', '2024-25', 11, '2024-05-11 11:23:56', 8, NULL, 0, b'1', 0, 0),
(321, '', '', '', '1983-05-07', 23, 22, 0, 'SHOURYA VAIBHAV WANKHADE', 'male', 'HINDU', 'INDIAN', 'MARATHI', 'KUNBI', 'OBC', 'DARWHA', '', '41 years 0 months ', '1983-05-07', '', '', 'ENGLISH', '0', '', '', 'VAIBHAV', 'DARWHA', 'DARWHA', 'YAVATMAL', '', '', '7517068111', '0', NULL, 'T', '', '', '', '2024-25', 11, '2024-05-11 11:26:46', 8, NULL, 0, b'1', 0, 0),
(322, '', '', '', '1983-05-07', 23, 22, 0, 'ARADHYA RAVICHARAN UGHADE', 'male', 'HINDU', 'INDIAN', 'MARATHI', 'DHANGAR', 'NT', 'DARWHA', '', '41 years 0 months ', '1983-05-07', '', '', 'ENGLISH', '0', '', '', 'RAVICHARAN', 'DARWHA', 'DARWHA', 'YAVATMAL', '', '', '7517068111', '0', NULL, 'T', '', '', '', '2024-25', 11, '2024-05-11 11:28:08', 8, NULL, 0, b'1', 0, 0),
(323, '', '', '', '1983-05-07', 23, 22, 0, 'DEVANSHU SANTOSH LASANKAR', 'male', 'HINDU', 'INDIAN', 'MARATHI', 'KHATIK', 'SC', 'DARWHA', '', '41 years 0 months ', '1983-05-07', '', '', 'ENGLISH', '0', '', '', 'SANTOSH', 'DARWHA', 'DARWHA', 'YAVATMAL', '', '', '7517068111', '0', NULL, 'T', '', '', '', '2024-25', 11, '2024-05-11 11:29:19', 8, NULL, 0, b'1', 0, 0),
(324, '', '', '', '1983-05-07', 23, 22, 0, 'AIMAN KHAN AMJAD KHAN', 'male', 'ISLAM', 'INDIAN', 'URDU', 'MUSLIM', 'OPEN', 'DARWHA', '', '41 years 0 months ', '1983-05-07', '', '', 'ENGLISH', '0', '', '', 'AMJAD KHAN', 'DARWHA', 'DARWHA', 'YAVATMAL', '', '', '7517068111', '0', NULL, 'T', '', '', '', '2024-25', 11, '2024-05-11 11:30:27', 8, NULL, 0, b'1', 0, 0),
(325, '', '', '', '2022-05-02', 17, 35, 0, 'BHAGYESHREE RAVIKISHOR BABARE', 'female', 'HINDU', 'INDIAN', 'MARATHI', 'KUNBI', 'OBC', 'DARWHA', '', '15 years 1 months ', '2009-04-28', '', '', 'ENGLISH', '0', '', '', 'RAVIKISHOR', 'DARWHA', 'DARWHA', 'YAVATMAL', '', '', '7517068111', '0', NULL, 'MADHURI', '', '', '', '2024-25', 11, '2024-05-13 05:51:49', 8, NULL, 0, b'1', 0, 0),
(326, '', '', '', '2022-06-28', 17, 35, 0, 'SIDDHI MAHADEV DUDHE', 'female', 'HINDU', 'INDIAN', 'MARATHI', 'BARI', 'OBC', 'DARWHA', '', '15 years 5 months ', '2009-10-17', '', '', 'ENGLISH', '0', '', '', 'MAHADEV', 'DARWHA', 'DARWHA', 'YAVATMAL', '', '', '7517068111', '0', NULL, 'SUNITA', '', '', '', '2024-25', 11, '2024-05-13 05:54:27', 8, NULL, 0, b'1', 0, 0),
(327, '', '', '', '2022-05-02', 17, 35, 0, 'TIYA DARSHAN GOHEL', 'female', 'HINDU', 'INDIAN', 'HINDI', 'SHIMPI', 'OBC', 'DARWHA', '', '14 years 8 months ', '2009-09-09', '', '', 'ENGLISH', '0', '', '', 'DARSHAN', 'DARWHA', 'DARWHA', 'YAVATMAL', '', '', '7517068111', '0', NULL, 'RANJITA', '', '', '', '2024-25', 11, '2024-05-13 05:57:07', 8, NULL, 0, b'1', 0, 0),
(328, '', '', '', '2022-05-02', 17, 35, 0, 'MADHURA SHYAM GORE', 'female', 'HINDU', 'INDIAN', 'MARATHI', 'DHANGAR', 'NT', 'DARWHA', '', '15 years 3 months ', '2009-02-09', '', '', 'ENGLISH', '0', '', '', 'SHYAM', 'DARWHA', 'DARWHA', 'YAVATMAL', '', '', '7517068111', '0', NULL, 'RADHA', '', '', '', '2024-25', 11, '2024-05-13 05:59:29', 8, NULL, 0, b'1', 0, 0),
(329, '', '', '', '2009-05-02', 17, 35, 0, 'MANOSHREE ANIL JADHAV', 'female', 'HINDU', 'INDIAN', 'MARATHI', 'BANJARA', 'NT', 'DARWHA', '', '15 years 2 months ', '2009-03-11', '', '', 'ENGLISH', '0', '', '', 'ANIL', 'DARWHA', 'DARWHA', 'YAVATMAL', '', '', '7517068111', '0', NULL, 'LAXMI', '', '', '', '2024-25', 11, '2024-05-13 06:02:11', 8, NULL, 0, b'1', 0, 0),
(330, '', '', '', '2022-05-02', 17, 35, 0, 'SIDDHIKA SANTOSH KANOJE', 'female', 'HINDU', 'INDIAN', 'HINDI', 'BANJARA', 'VJ', 'DARWHA', '', '15 years 2 months ', '2009-03-02', '', '', 'ENGLISH', '0', '', '', 'SANTOSH', 'DARWHA', 'DARWHA', 'YAVATMAL', '', '', '7517068111', '0', NULL, 'RAKHI', '', '', '', '2024-25', 11, '2024-05-13 06:04:24', 8, NULL, 0, b'1', 0, 0),
(331, '', '', '', '2022-06-21', 17, 35, 0, 'SANOBAR KHANAM IRSHAD KHAN PATHAN', 'female', 'ISLAM', 'INDIAN', 'URDU', 'MUSLIM', 'OPEN', 'DARWHA', '', '15 years 3 months ', '2009-02-28', '', '', 'ENGLISH', '0', '', '', 'IRSHAD KHAN PATHAN', 'DARWHA', 'DARWHA', 'YAVATMAL', '', '', '7517068111', '0', NULL, 'T', '', '', '', '2024-25', 11, '2024-05-13 06:07:32', 8, NULL, 0, b'1', 0, 0),
(332, '', '', '', '2022-06-21', 17, 35, 0, 'RADHIKA TEJRAJ MAHALLE', 'female', 'HINDU', 'INDIAN', 'MARATHI', 'KUNBI', 'OBC', 'DARWHA', '', '15 years 3 months ', '2009-02-28', '', '', 'ENGLISH', '0', '', '', 'TEJRAJ', 'DARWHA', 'DARWHA', 'YAVATMAL', '', '', '7517068111', '0', NULL, 'T', '', '', '', '2024-25', 11, '2024-05-13 06:10:06', 8, NULL, 0, b'1', 0, 0),
(333, '', '', '', '2022-05-02', 17, 35, 0, 'TANISHKA PRASHANT MOHITE', 'female', 'HINDU', 'INDIAN', 'MARATHI', 'MARATHA', 'OPEN', 'DARWHA', '', '14 years 1 months ', '2010-04-29', '', '', 'ENGLISH', '0', '', '', 'PRASHANT', 'DARWHA', 'DARWHA', 'YAVATMAL', '', '', '7517068111', '0', NULL, 'SADHANA', '', '', '', '2024-25', 11, '2024-05-13 06:12:21', 8, NULL, 0, b'1', 0, 0),
(334, '', '', '', '2022-05-02', 17, 35, 0, 'ANUSHKA HEMANT MUKHARE', 'female', 'HINDU', 'INDIAN', 'HINDI', 'MANNEWAR', 'SBC', 'DARWHA', '', '15 years 1 months ', '2009-04-29', '', '', 'ENGLISH', '0', '', '', 'HEMANT', 'DARWHA', 'DARWHA', 'YAVATMAL', '', '', '7517068111', '0', NULL, 'DIPA', '', '', '', '2024-25', 11, '2024-05-13 06:15:16', 8, NULL, 0, b'1', 0, 0),
(335, '', '', '', '2055-05-02', 17, 35, 0, 'DIMPLE VINOD NAVRANGE', 'female', 'HINDU', 'INDIAN', 'MARATHI', 'DHANGAR', 'NT', 'DARWHA', '', '15 years 1 months ', '2009-04-01', '', '', 'ENGLISH', '0', '', '', 'VINOD', 'DARWHA', 'DARWHA', 'YAVATMAL', '', '', '7517068111', '0', NULL, 'HARSHA', '', '', '', '2024-25', 11, '2024-05-13 06:18:59', 8, NULL, 0, b'1', 0, 0),
(336, '', '', '', '2022-05-02', 17, 35, 0, 'SHRAVANI NILESH NIMKAR', 'female', 'HINDU', 'INDIAN', 'MARATHI', 'BARI', 'OBC', 'DARWHA', '', '14 years 10 months ', '2009-07-16', '', '', 'ENGLISH', '0', '', '', 'NILESH', 'DARWHA', 'DARWHA', 'YAVATMAL', '', '', '7517068111', '0', NULL, 'SANGITA', '', '', '', '2024-25', 11, '2024-05-13 06:24:26', 8, NULL, 0, b'1', 0, 0),
(337, '', '', '', '2022-05-02', 17, 35, 0, 'PRACHI HEMANT RATHI', 'female', 'HINDU', 'INDIAN', 'HINDI', 'MAHESHWARI', 'OPEN', 'DARWHA', '', '15 years 0 months ', '2009-05-06', '', '', 'ENGLISH', '0', '', '', 'HEMANT', 'DARWHA', 'DARWHA', 'YAVATMAL', '', '', '7517068111', '0', NULL, 'YOGITA', '', '', '', '2024-25', 11, '2024-05-13 06:46:37', 8, NULL, 0, b'1', 0, 0),
(338, '', '', '', '2022-07-01', 17, 35, 0, 'NEHA KRUSHNA RATHOD', 'female', 'HINDU', 'INDIAN', 'MARATHI', 'BANJARA', 'VJ', 'DARWHA', '', '15 years 1 months ', '2009-04-13', '', '', 'ENGLISH', '0', '', '', 'KRUSHNA', 'DARWHA', 'DARWHA', 'YAVATMAL', '', '', '7517068111', '0', NULL, 'SHITAL', '', '', '', '2024-25', 11, '2024-05-13 06:48:21', 8, NULL, 0, b'1', 0, 0),
(339, '', '', '', '2023-07-20', 17, 35, 0, 'ANISHA RAVINDRA JOGE', 'female', 'HINDU', 'INDIAN', 'MARATHI', 'DHIVAR', 'SBC', 'DARWHA', '', '15 years 1 months ', '2009-04-29', '', '', 'ENGLISH', '0', '', '', 'RAVINDRA', 'DARWHA', 'DARWHA', 'YAVATMAL', '', '', '7517068111', '0', NULL, 'NAMRATA', '', '', '', '2024-25', 11, '2024-05-13 06:50:14', 8, NULL, 0, b'1', 0, 0),
(340, '', '', '', '2022-05-02', 17, 35, 0, 'YUG DHARMESH BAJANIYA', 'female', 'JAIN', 'INDIAN', 'GUJRATI', 'JAIN', 'OPEN', 'DARWHA', '', '16 years 3 months ', '2008-12-26', '', '', 'ENGLISH', '0', '', '', 'DHARMESH', 'DARWHA', 'DARWHA', 'YAVATMAL', '', '', '7517068111', '0', NULL, 'TEJAL', '', '', '', '2024-25', 11, '2024-05-13 06:52:57', 8, NULL, 0, b'1', 0, 0),
(341, '', '', '', '2022-05-02', 17, 35, 0, 'DAKSH NITIN BHUTADA', 'male', 'HINDU', 'INDIAN', 'HINDI', 'MAHESHWARI', 'OPEN', 'DARWHA', '', '16 years 1 months ', '2008-04-21', '', '', 'ENGLISH', '0', '', '', 'NITIN', 'DARWHA', 'DARWHA', 'YAVATMAL', '', '', '7517068111', '0', NULL, 'SONAL ', '', '', '', '2024-25', 11, '2024-05-13 07:05:50', 8, NULL, 0, b'1', 0, 0),
(342, '', '', '', '2023-06-27', 17, 35, 0, 'SAGAR SANJAY BAWANE', 'male', 'HINDU', 'INDIAN', 'MARATHI', 'MANG', 'SC', 'DARWHA', '', '15 years 3 months ', '2009-02-20', '', '', 'ENGLISH', '0', '', '', 'SANJAY', 'DARWHA', 'DARWHA', 'YAVATMAL', '', '', '7517068111', '0', NULL, 'SAVITA', '', '', '', '2024-25', 11, '2024-05-13 07:08:16', 8, NULL, 0, b'1', 0, 0),
(343, '', '', '', '0000-00-00', 17, 35, 0, 'HARSHAVARDHAN VINOD CHAVHAN', 'male', 'HINDU', 'INDIAN', 'MARATHI', 'BANJARA', 'VJ', 'DARWHA', '', '15 years 3 months ', '2009-02-20', '', '', 'ENGLISH', '0', '', '', 'VINOD', 'DARWHA', 'DARWHA', 'YAVATMAL', '', '', '7517068111', '0', NULL, 'T', '', '', '', '2024-25', 11, '2024-05-13 07:11:17', 8, NULL, 0, b'1', 0, 0),
(344, '', '', '', '2023-06-27', 17, 35, 0, 'TUSHAR PRASHANT DAKHORE', 'male', 'HINDU', 'INDIAN', 'MARATHI', 'DHANGAR', 'NT', 'DARWHA', '', '15 years 3 months ', '2009-02-20', '', '', 'ENGLISH', '0', '', '', 'TUSHAR', 'DARWHA', 'DARWHA', 'YAVATMAL', '', '', '7517068111', '0', NULL, 'VIJAYTA', '', '', '', '2024-25', 11, '2024-05-13 07:13:49', 8, NULL, 0, b'1', 0, 0),
(345, '738', '', '', '2022-05-02', 17, 35, 0, 'SARVESH SHAILESH DAMKONDAWAR', 'male', 'HINDU', 'INDIAN', 'MARATHI', 'SHIMPI', 'OBC', 'DARWHA', '', '15 years 4 months ', '2009-01-27', '', '', 'ENGLISH', '0', '', '', 'SHAILESH', 'DARWHA', 'DARWHA', 'YAVATMAL', '', '', '7517068111', '0', NULL, 'UJJWALA', '', '', '', '2024-25', 11, '2024-05-14 04:09:38', 8, NULL, 0, b'1', 0, 0),
(346, '', '', '', '2022-05-02', 17, 35, 0, 'ANIKET GAJANAN GAWARKAR', 'male', 'HINDU', 'INDIAN', 'MARATHI', 'MALI', 'OBC', 'DARWHA', '', '6 years 3 months ', '2018-12-11', '', '', 'ENGLISH', '0', '', '', 'MADHURI', 'DARWHA', 'DARWHA', 'YAVATMAL', '', '', '7517068111', '0', NULL, 'MADHURI', '', '', '', '2024-25', 11, '2024-05-14 04:11:27', 8, NULL, 0, b'1', 0, 0),
(347, '', '', '', '2022-05-02', 17, 35, 0, 'OM HEMANT GHARDEKAR', 'male', 'HINDU', 'INDIAN', 'MARATHI', 'NAHVI', 'OBC', 'DARWHA', '', '16 years 4 months ', '2008-11-21', '', '', 'ENGLISH', '0', '', '', 'HEMANT', 'DARWHA', 'DARWHA', 'YAVATMAL', '', '', '7517068111', '0', NULL, 'JYOTI', '', '', '', '2024-25', 11, '2024-05-14 04:12:52', 8, NULL, 0, b'1', 0, 0),
(348, '', '', '', '2022-05-02', 17, 35, 0, 'HIMANSHU KANCHAN GIRI', 'male', 'HINDU', 'INDIAN', 'MARATHI', 'GOSAVI', 'SBC', 'DARWHA', '', '15 years 3 months ', '2009-02-09', '', '', 'ENGLISH', '0', '', '', 'KANCHAN', 'DARWHA', 'DARWHA', 'YAVATMAL', '', '', '7517068111', '0', NULL, 'RUPALI', '', '', '', '2024-25', 11, '2024-05-14 04:14:52', 8, NULL, 0, b'1', 0, 0),
(349, '768', '', '', '2022-05-02', 17, 35, 0, 'SOUMA KRUSHNACHAND GOHEL', 'male', 'HINDU', 'INDIAN', 'GUJRATI', 'SHIMPI', 'OBC', 'DARWHA', '', '15 years 0 months ', '2009-05-17', '', '', 'ENGLISH', '0', '', '', 'KRUSHNACHAND', 'DARWHA', 'DARWHA', 'YAVATMAL', '', '', '7517068111', '0', NULL, 'SHWETA', '', '', '', '2024-25', 11, '2024-05-14 05:02:18', 8, NULL, 0, b'1', 0, 0),
(350, '', '', '', '2022-05-02', 17, 35, 0, 'IFHAN  AHEMAD KHAN IRFAN KHAN', 'male', 'ISLAM', 'INDIAN', 'MARATHI', 'MUSLIM', 'OPEN', 'DARWHA', '', '15 years 9 months ', '2008-08-14', '', '', 'ENGLISH', '0', '', '', 'KHAN IRFAN', 'DARWHA', '', 'YAVATMAL', '', '', '7517068111', '0', NULL, 'ASMA TARUNNUM', '', '', '', '2024-25', 11, '2024-05-14 05:04:14', 8, NULL, 0, b'1', 0, 0),
(351, '771', '', '', '0000-00-00', 17, 35, 0, 'AMAN VAIBHAV JADHAO', 'male', 'HINDU', 'INDIAN', 'MARATHI', 'BANJARA', 'VJ', 'DARWHA', '', '16 years 0 months ', '2008-05-10', '', '', 'ENGLISH', '0', '', '', 'VAIBHAV', 'DARWHA', 'DARWHA', 'YAVATMAL', '', '', '7517068111', '0', NULL, 'T', '', '', '', '2024-25', 11, '2024-05-14 05:06:44', 8, NULL, 0, b'1', 0, 0),
(352, '769', '', '', '2022-05-02', 17, 35, 0, 'SANSKAR RAJENDRA JAMODE', 'male', 'HINDU', 'INDIAN', 'MARATHI', 'MALI', 'OBC', 'DARWHA', '', '15 years 1 months ', '2009-04-04', '', '', 'ENGLISH', '0', '', '', 'RAJENDRA', 'DARWHA', 'DARWHA', 'YAVATMAL', '', '', '7517068111', '0', NULL, 'MAYA', '', '', '', '2024-25', 11, '2024-05-14 07:48:07', 8, NULL, 0, b'1', 0, 0),
(353, '794', '', '', '2022-07-01', 17, 35, 0, 'KHAN DANISH KHAN NIYAZ ', 'male', 'ISLAM', 'INDIAN', 'URDU', 'MUSLIM', 'OPEN', 'DARWHA', '', '14 years 10 months ', '2009-07-13', '', '', 'ENGLISH', '0', '', '', 'KHAN NIYAZ', 'DARWHA', 'DARWHA', 'YAVATMAL', '', '', '7517068111', '0', NULL, 'SHABANA PARVEEN', '', '', '', '2024-25', 11, '2024-05-14 07:50:14', 8, NULL, 0, b'1', 0, 0),
(354, '794', '', '', '2022-05-02', 17, 35, 0, 'TANMAY SANTOSH KHODE', 'male', 'HINDU', 'INDIAN', 'MARATHI', 'KUNBI', 'OBC', 'DARWHA', '', '15 years 10 months ', '2008-07-24', '', '', 'ENGLISH', '0', '', '', 'SANTOSH', 'DARWHA', 'DARWHA', 'YAVATMAL', '', '', '7517068111', '0', NULL, 'VAISHALI', '', '', '', '2024-25', 11, '2024-05-14 07:51:52', 8, NULL, 0, b'1', 0, 0),
(355, '776', '', '', '2022-05-03', 17, 35, 0, 'NEIL HARISH LADDHA', 'male', 'HINDU', 'INDIAN', 'HINDI', 'MARWADI', 'OPEN', 'DARWHA', '', '15 years 4 months ', '2009-01-31', '', '', 'ENGLISH', '0', '', '', 'HARISH', 'DARWHA', 'DARWHA', 'YAVATMAL', '', '', '7517068111', '0', NULL, 'SNEHA', '', '', '', '2024-25', 11, '2024-05-14 07:53:24', 8, NULL, 0, b'1', 0, 0),
(356, '739', '', '', '2022-05-02', 17, 35, 0, 'SOHAM NILESH MANKAR', 'male', 'HINDU', 'INDIAN', 'MARATHI', 'KUNBI', 'OBC', 'DARWHA', '', '15 years 4 months ', '2009-11-05', '', '', 'ENGLISH', '0', '', '', 'SOHAM', 'DARWHA', 'DARWHA', 'YAVATMAL', '', '', '7517068111', '0', NULL, 'SANJIVANI', '', '', '', '2024-25', 11, '2024-05-14 07:54:57', 8, NULL, 0, b'1', 0, 0),
(357, '750', '', '', '2022-05-02', 17, 35, 0, 'MIRZA  ASIM BAIG MIRZA HASEEN BAIG', 'male', 'ISLAM', 'INDIAN', 'URDU', 'MUSLIM', 'OPEN', 'DARWHA', '', '15 years 4 months ', '2009-01-29', '', '', 'ENGLISH', '0', '', '', 'MIRZA HASEEN BAIG', 'DARWHA', 'DARWHA', 'YAVATMAL', '', '', '7517068111', '0', NULL, 'NILOFER', '', '', '', '2024-25', 11, '2024-05-14 07:56:30', 8, NULL, 0, b'1', 0, 0),
(358, '740', '', '', '2022-05-02', 17, 35, 0, 'SUJAL DINESH OLE', 'male', 'HINDU', 'INDIAN', 'MARATHI', 'KUNBI', 'OBC', 'DARWHA', '', '16 years 0 months ', '2008-05-21', '', '', 'ENGLISH', '0', '', '', 'DINESH', 'DARWHA', '', 'YAVATMAL', '', '', '7517068111', '0', NULL, 'ANITA', '', '', '', '2024-25', 11, '2024-05-14 07:57:48', 8, NULL, 0, b'1', 0, 0),
(359, '759', '', '', '2022-05-02', 17, 35, 0, 'JAYKUMAR TANAJI PAWAR', 'male', 'HINDU', 'INDIAN', 'MARATHI', 'BANJARA', 'VJ', 'DARWHA', '', '14 years 11 months ', '2009-06-11', '', '', 'ENGLISH', '0', '', '', 'TANAJI', 'DARWHA', 'DARWHA', 'YAVATMAL', '', '', '7517068111', '0', NULL, 'SAVITA', '', '', '', '2024-25', 11, '2024-05-14 07:59:48', 8, NULL, 0, b'1', 0, 0),
(360, '798', '', '', '2022-07-21', 17, 35, 0, 'TUSHAR PRAMOD RAUT', 'male', 'HINDU', 'INDIAN', 'MARATHI', 'MALI', 'OBC', 'DARWHA', '', '14 years 10 months ', '2009-07-07', '', '', 'ENGLISH', '0', '', '', 'PRAMOD', 'DARWHA', '', 'YAVATMAL', '', '', '7517068111', '0', NULL, 'PRIYA', '', '', '', '2024-25', 11, '2024-05-14 08:02:34', 8, NULL, 0, b'1', 0, 0),
(361, '800', '', '', '2023-05-02', 17, 35, 0, 'GAURAV KESHAV RATHOD', 'male', 'HINDU', 'INDIAN', 'MARATHI', 'BANJARA', 'VJ', 'DARWHA', '', '15 years 8 months ', '2008-09-13', '', '', '', '0', '', '', 'KESHAV', 'DARWHA', 'DARWHA', 'YAVATMAL', '', '', '7517068111', '0', NULL, 'SEESHA', '', '', '', '2024-25', 11, '2024-05-14 08:06:23', 8, NULL, 0, b'1', 0, 0),
(362, '723', '', '', '2022-06-28', 17, 35, 0, 'MAZHAR SHAIKH MUJAFFAR SHAIKH', 'male', 'MUSLIM', 'INDIAN', 'URDU', 'MUSLIM', 'OPEN', 'DARWHA', '', '1 years 11 months ', '2022-06-28', '', '', 'ENGLISH', '0', '', '', 'MUZAFFAR SHIKH', 'DARWHA', 'DARWHA', 'YAVATMAL', '', '', '7517068111', '0', NULL, 'SHAYADA PARVEEN', '', '', '', '2024-25', 11, '2024-05-14 08:08:18', 8, NULL, 0, b'1', 0, 0),
(363, '777', '', '', '2022-06-28', 17, 35, 0, 'SYED NAZIM RIYASAT ALI', 'male', 'ISLAM', 'INDIAN', 'MARATHI', 'MUSLIM', 'OPEN', 'DARWHA', '', '15 years 0 months ', '2009-05-21', '', '', 'ENGLISH', '0', '', '', 'RIYSAT ALI', 'DARWHA', 'DARWHA', 'YAVATMAL', '', '', '7517068111', '0', NULL, 'TAMMANA SADAF', '', '', '', '2024-25', 11, '2024-05-14 08:10:05', 8, NULL, 0, b'1', 0, 0),
(364, '766', '', '', '2022-05-02', 17, 35, 0, 'HARSHDIP KISAN TAYADE', 'male', 'BOUDDHA', 'INDIAN', 'MARATHI', 'MAHAR', 'SC', 'DARWHA', '', '15 years 0 months ', '2009-05-01', '', '', 'ENGLISH', '0', '', '', 'KISAN', 'DARWHA', 'DARWHA', 'YAVATMAL', '', '', '7517068111', '0', NULL, 'RUPA', '', '', '', '2024-25', 11, '2024-05-14 08:11:32', 8, NULL, 0, b'1', 0, 0),
(365, '', '', '', '2022-05-02', 17, 35, 0, 'VIGHNESH PRAMOD TAYADE', 'male', 'HINDU', 'INDIAN', 'MARATHI', 'BHOI', 'NT', 'DARWHA', '', '15 years 0 months ', '2009-05-01', '', '', 'ENGLISH', '0', '', '', 'PRAMOD', 'DARWHA', 'DARWHA', 'YAVATMAL', '', '', '7517068111', '0', NULL, 'ALKA', '', '', '', '2024-25', 11, '2024-05-14 08:13:14', 8, NULL, 0, b'1', 0, 0),
(366, '758', '', '', '2022-05-02', 17, 35, 0, 'PRAJWAL PRASHANT TOTE', 'male', 'HINDU', 'INDIAN', 'MARATHI', 'BORAL', 'OBC', 'DARWHA', '', '15 years 3 months ', '2009-02-09', '', '', 'ENGLISH', '0', '', '', 'PRASHANT', 'DARWHA', 'DARWHA', 'YAVATMAL', '', '', '7517068111', '0', NULL, 'PRIYA', '', '', '', '2024-25', 11, '2024-05-14 08:14:52', 8, NULL, 0, b'1', 0, 0),
(367, '780', '', '', '2022-06-21', 17, 35, 0, 'ABUTALHA TAHER SHAIKH', 'male', 'ISLAM', 'INDIAN', 'URDU', 'MUSLIM', 'OPEN', 'DARWHA', '', '15 years 2 months ', '2009-03-08', '', '', 'ENGLISH', '0', '', '', 'TAHER', 'DARWHA', 'DARWHA', 'YAVATMAL', '', '', '7517068111', '0', NULL, 'SHABANA', '', '', '', '2024-25', 11, '2024-05-14 08:17:51', 8, NULL, 0, b'1', 0, 0),
(368, '801', '', '', '2023-05-02', 17, 35, 0, 'ZAID AHEMAD KHAN', 'male', 'ISLAM', 'INDIAN', 'URDU', 'MUSLIM', 'OPEN', 'DARWHA', '', '15 years 8 months ', '2008-09-23', '', '', 'ENGLISH', '0', '', '', 'AHEMAD', 'DARWHA', 'DARWHA', 'YAVATMAL', '', '', '7517068111', '0', NULL, 'SHAZIYA', '', '', '', '2024-25', 11, '2024-05-14 08:19:24', 8, NULL, 0, b'1', 0, 0),
(369, '803', '', '', '2023-05-02', 17, 35, 0, 'DEV TARUNKUMAR RATHI', 'male', 'ISLAM', 'INDIAN', 'URDU', 'MUSLIM', 'OPEN', 'DARWHA', '', '15 years 1 months ', '2009-04-12', '', '', 'ENGLISH', '0', '', '', 'TARUNKUMAR', 'DARWHA', 'DARWHA', 'YAVATMAL', '', '', '7517068111', '0', NULL, 'URMILA', '', '', '', '2024-25', 11, '2024-05-14 08:21:01', 8, NULL, 0, b'1', 0, 0),
(370, '', '', '', '2023-05-02', 18, 32, 0, 'NANDINI UMESH BHAGAT', 'female', 'HINDU', 'INDIAN', 'MARATHI', 'KUNBI', 'OBC', 'DARWHA', '', '14 years 3 months ', '2010-02-07', '', '', 'ENGLISH', '0', '', '', 'UMESH', 'DARWHA', 'DARWHA', 'YAVATMAL', '', '', '7517068111', '0', NULL, 'PRITI', '', '', '', '2024-25', 11, '2024-05-14 08:26:39', 8, NULL, 0, b'1', 0, 0),
(371, '', '', '', '2023-05-02', 18, 32, 0, 'ANUJA DILIP BHOYAR', 'female', 'HINDU', 'INDIAN', 'MARATHI', 'KUNBI', 'OBC', 'DARWHA', '', '13 years 9 months ', '2010-08-02', '', '', 'ENGLISH', '0', '', '', 'DILIP', 'DARWHA', 'DARWHA', 'YAVATMAL', '', '', '7517068111', '0', NULL, 'SADHANA', '', '', '', '2024-25', 11, '2024-05-14 08:28:15', 8, NULL, 0, b'1', 0, 0),
(372, '', '', '', '2023-05-02', 18, 32, 0, 'DHANASHREE MANOJ CHAVHAN ', 'female', 'HINDU', 'INDIAN', 'MARATHI', 'BANJARA', 'VJ', 'DARWHA', '', '14 years 2 months ', '2010-03-31', '', '', 'ENGLISH', '0', '', '', 'MANOJ', 'DARWHA', 'DARWHA', 'YAVATMAL', '', '', '7517068111', '0', NULL, 'JYOTSNA', '', '', '', '2024-25', 11, '2024-05-14 09:04:24', 8, NULL, 0, b'1', 0, 0),
(373, '', '', '', '2023-05-02', 17, 35, 0, 'KHUSHI PRASHANT DESHKARI', 'female', 'HINDU', 'INDIAN', 'MARATHI', 'KUNBI', 'OBC', 'DARWHA', '', '14 years 2 months ', '2010-03-14', '', '', 'ENGLISH', '0', '', '', 'PRASHANT', 'DARWHA', 'DARWHA', 'YAVATMAL', '', '', '7517068111', '0', NULL, 'VIDYA', '', '', '', '2024-25', 11, '2024-05-14 09:06:33', 8, NULL, 0, b'1', 0, 0),
(374, '', '', '', '2023-05-02', 18, 32, 0, 'MADHURA SACHIN DESHMUKH', 'female', 'HINDU', 'INDIAN', 'MARATHI', 'KUNBI', 'OBC', 'DARWHA', '', '14 years 3 months ', '2010-12-18', '', '', 'ENGLISH', '0', '', '', 'SACHIN', 'DARWHA', 'DARWHA', 'YAVATMAL', '', '', '7517068111', '0', NULL, 'NAMRATA', '', '', '', '2024-25', 11, '2024-05-14 09:09:18', 8, NULL, 0, b'1', 0, 0),
(375, '', '', '', '2023-05-02', 18, 32, 0, 'PRATYANCHA PRAVIN DHABALE', 'female', 'HINDU', 'INDIAN', 'MARATHI', 'KUNBI', 'OBC', 'DARWHA', '', '14 years 1 months ', '2010-04-15', '', '', 'ENGLISH', '0', '', '', 'PRAVIN', 'DARWHA', 'DARWHA', 'YAVATMAL', '', '', '7517068111', '0', NULL, 'JAYA', '', '', '', '2024-25', 11, '2024-05-14 09:11:26', 8, NULL, 0, b'1', 0, 0),
(376, '', '', '', '2023-05-02', 18, 32, 0, 'RUCHA SATISH DUDHE', 'female', 'HINDU', 'INDIAN', 'MARATHI', 'BARI', 'OBC', 'DARWHA', '', '14 years 1 months ', '2010-04-15', '', '', 'ENGLISH', '0', '', '', 'SATISH', 'DARWHA', 'DARWHA', 'YAVATMAL', '', '', '7517068111', '0', NULL, 'SHITAL', '', '', '', '2024-25', 11, '2024-05-14 09:14:22', 8, NULL, 0, b'1', 0, 0),
(377, '', '', '', '2010-02-09', 18, 32, 0, 'YOGITA GAJANAN GAWANDE', 'female', 'HINDU', 'INDIAN', 'MARATHI', 'KUNBI', 'OBC', 'DARWHA', '', '1 years 2 months ', '2023-03-05', '', '', 'ENGLISH', '0', '', '', 'SATISH', 'DARWHA', 'DARWHA', 'YAVATMAL', '', '', '7517068111', '0', NULL, 'SHITAL', '', '', '', '2024-25', 11, '2024-05-14 09:17:02', 8, NULL, 0, b'1', 0, 0),
(378, '', '', '', '2010-02-03', 18, 32, 0, 'KRUSHNAI SATISH GULHANE', 'female', 'HINDU', 'INDIAN', 'MARATHI', 'TELI', 'OBC', 'DARWHA', '', '14 years 3 months ', '2010-02-03', '', '', 'ENGLISH', '0', '', '', 'SATISH', 'DARWHA', 'DARWHA', 'YAVATMAL', '', '', '7517068111', '0', NULL, 'ALKA', '', '', '', '2024-25', 11, '2024-05-14 09:19:18', 8, NULL, 0, b'1', 0, 0),
(379, '', '', '', '2023-05-02', 18, 32, 0, 'LAKSHMI PANKAJ GULHANE', 'female', 'HINDU', 'INDIAN', 'MARATHI', 'TELI', 'OBC', 'DARWHA', '', '14 years 2 months ', '2010-03-18', '', '', 'ENGLISH', '0', '', '', 'PANKAJ', 'DARWHA', 'DARWHA', 'YAVATMAL', '', '', '7517068111', '0', NULL, 'KIRAN', '', '', '', '2024-25', 11, '2024-05-14 09:20:49', 8, NULL, 0, b'1', 0, 0),
(380, '', '', '', '2023-05-02', 18, 32, 0, 'RUTUJA DINESH GULHANE', 'female', 'HINDU', 'INDIAN', 'MARATHI', 'TELI', 'OBC', 'DARWHA', '', '14 years 2 months ', '2010-03-04', '', '', 'ENGLISH', '0', '', '', 'DINESH', 'DARWHA', 'DARWHA', 'YAVATMAL', '', '', '7517068111', '0', NULL, 'DIPA', '', '', '', '2024-25', 11, '2024-05-14 09:22:32', 8, NULL, 0, b'1', 0, 0),
(381, '', '', '', '2023-05-02', 18, 32, 0, 'TANUJA DINESH GULHANE', 'female', 'HINDU', 'INDIAN', 'MARATHI', 'TELI', 'OBC', 'DARWHA', '', '14 years 2 months ', '2010-03-04', '', '', 'ENGLISH', '0', '', '', 'DINESH', 'DARWHA', 'DARWHA', 'YAVATMAL', '', '', '7517068111', '0', NULL, 'DIPA', '', 'DIPA', '', '2024-25', 11, '2024-05-14 09:24:17', 8, NULL, 0, b'1', 0, 0),
(382, '', '', '', '2023-05-02', 18, 32, 0, 'SUPRIYA VINOD INZALKAR', 'female', 'HINDU', 'INDIAN', 'MARATHI', 'KUNBI', 'OBC', 'DARWHA', '', '1 years 1 months ', '2023-04-05', '', '', 'ENGLISH', '0', '', '', 'VINOD', 'DARWHA', 'DARWHA', 'YAVATMAL', '', '', '7517068111', '0', NULL, 'RUSHALI', '', '', '', '2024-25', 11, '2024-05-14 09:25:38', 8, NULL, 0, b'1', 0, 0),
(383, '', '', '', '2023-05-02', 18, 32, 0, 'KALYANI VILAS JADHAO', 'female', 'HINDU', 'INDIAN', 'MARATHI', 'BANJARA', 'VJ', 'DARWHA', '', '1 years 5 months ', '2023-10-27', '', '', 'ENGLISH', '0', '', '', 'VILAS', 'DARWHA', 'DARWHA', 'YAVATMAL', '', '', '7517068111', '0', NULL, 'SINDHU', '', '', '', '2024-25', 11, '2024-05-14 09:27:28', 8, NULL, 0, b'1', 0, 0),
(384, '', '', '', '2023-05-02', 18, 32, 0, 'ADITI ANAND BHARUT', 'female', 'JAIN', 'INDIAN', 'HINDI', 'JAIN', 'OPEN', 'DARWHA', '', '14 years 2 months ', '2010-03-20', '', '', 'ENGLISH', '0', '', '', 'ANAND', 'DARWHA', 'DARWHA', 'YAVATMAL', '', '', '7517068111', '0', NULL, 'PRANITA', '', '', '', '2024-25', 11, '2024-05-14 09:28:50', 8, NULL, 0, b'1', 0, 0),
(385, '', '', '', '2023-05-02', 18, 32, 0, 'IMAN FATEMA KHAN', 'female', 'ISLAM', 'INDIAN', 'URDU', 'MUSLIM', 'OPEN', 'DARWHA', '', '13 years 8 months ', '2010-09-19', '', '', 'ENGLISH', '0', '', '', 'JAVED', 'DARWHA', 'DARWHA', 'YAVATMAL', '', '', '7517068111', '0', NULL, 'HINA KAUSAR', '', '', '', '2024-25', 11, '2024-05-14 09:30:16', 8, NULL, 0, b'1', 0, 0),
(386, '', '', '', '2023-05-02', 18, 32, 0, 'SWARA ANKUSH LABHSETWAR', 'female', 'HINDU', 'INDIAN', 'MARATHI', 'KOMTI', 'OPEN', 'DARWHA', '', '0 years 10 months ', '2023-07-27', '', '', 'ENGLISH', '0', '', '', 'ANKUSH', 'DARWHA', 'DARWHA', 'YAVATMAL', '', '', '7517068111', '0', NULL, 'SMITA', '', '', '', '2024-25', 11, '2024-05-14 09:31:27', 8, NULL, 0, b'1', 0, 0),
(387, '', '', '', '2023-05-02', 18, 32, 0, 'VAIBHAVI MADHUSUDHAN LOHAKARE', 'female', 'HINDU', 'INDIAN', 'MARATHI', 'KUNBI', 'OBC', 'DARWHA', '', '14 years 3 months ', '2010-02-11', '', '', 'ENGLISH', '0', '', '', 'MADHUSUDAN', 'DARWHA', 'DARWHA', 'YAVATMAL', '', '', '7517068111', '0', NULL, 'MANGLA', '', '', '', '2024-25', 11, '2024-05-14 09:33:53', 8, NULL, 0, b'1', 0, 0),
(388, '', '', '', '2023-05-02', 18, 32, 0, 'BHAGYESHRI EKNATH MAHURKAR', 'female', 'HINDU', 'INDIAN', 'MARATHI', 'KUNBI', 'OBC', 'DARWHA', '', '1 years 3 months ', '2023-02-09', '', '', 'ENGLISH', '0', '', '', 'EKNATH', 'DARWHA', 'DARWHA', 'YAVATMAL', '', '', '7517068111', '0', NULL, 'MADHURI', '', '', '', '2024-25', 11, '2024-05-14 09:35:15', 8, NULL, 0, b'1', 0, 0),
(389, '', '', '', '2023-05-02', 18, 32, 0, 'BHUMIKA SANJAY PAWAR', 'female', 'HINDU', 'INDIAN', 'MARATHI', 'BANJARA', 'VJ', 'DARWHA', '', '15 years 0 months ', '2009-05-16', '', '', 'ENGLISH', '0', '', '', 'SANJAY', 'DARWHA', 'DARWHA', 'YAVATMAL', '', '', '7517068111', '0', NULL, 'NANDINI', '', '', '', '2024-25', 11, '2024-05-14 09:36:46', 8, NULL, 0, b'1', 0, 0),
(390, '', '', '', '2023-05-02', 18, 32, 0, 'MRUNALI PRAFUL SHENDE', 'female', 'BOUDDHA', 'INDIAN', 'MARATHI', 'MAHAR', 'SC', 'DARWHA', '', '14 years 0 months ', '2010-05-21', '', '', 'ENGLISH', '0', '', '', 'PRAFUL', 'DARWHA', 'DARWHA', 'YAVATMAL', '', '', '7517068111', '0', NULL, 'VISHAKHA', '', '', '', '2024-25', 11, '2024-05-14 09:41:45', 8, NULL, 0, b'1', 0, 0),
(391, '', '', '', '2023-05-02', 18, 32, 0, 'PARASHRI DINESH WANKHADE', 'female', 'HINDU', 'INDIAN', 'MARATHI', 'KUNBI', 'OBC', 'DARWHA', '', '15 years 4 months ', '2009-11-01', '', '', 'ENGLISH', '0', '', '', 'DINESH', 'DARWHA', 'DARWHA', 'YAVATMAL', '', '', '7517068111', '0', NULL, 'AMBIKA', '', '', '', '2024-25', 11, '2024-05-14 09:43:17', 8, NULL, 0, b'1', 0, 0),
(392, '', '', '', '2023-05-02', 18, 32, 0, 'MOHAMMAD ALFAIZ MOHAMMAD SAJID', 'male', 'MUSLIM', 'INDIAN', 'URDU', 'MUSLIM', 'OPEN', 'DARWHA', '', '13 years 8 months ', '2010-09-10', '', '', 'ENGLISH', '0', '', '', 'MOHAMMAD SAJID', 'DARWHA', 'DARWHA', 'YAVATMAL', '', '', '7517068111', '0', NULL, 'T', '', '', '', '2024-25', 11, '2024-05-14 09:45:41', 8, NULL, 0, b'1', 0, 0),
(393, '', '', '', '2023-05-02', 18, 32, 0, 'BILAL KHAN SAJID NIHAL KHAN', 'male', 'ISLAM', 'INDIAN', 'URDU', 'MUSLIM', 'OPEN', 'DARWHA', '', '14 years 4 months ', '2010-01-10', '', '', 'ENGLISH', '0', '', '', 'SAJID NIHAL KHAN', 'DARWHA', 'DARWHA', 'YAVATMAL', '', '', '7517068111', '0', NULL, 'HEENA KHAN', '', '', '', '2024-25', 11, '2024-05-14 09:47:08', 8, NULL, 0, b'1', 0, 0),
(394, '', '', '', '2023-05-02', 18, 32, 0, 'MANISH PRAVIN BARDE', 'female', 'HINDU', 'INDIAN', 'MARATHI', 'KUNBI', 'OBC', 'DARWHA', '', '14 years 0 months ', '2010-05-15', '', '', 'ENGLISH', '0', '', '', 'PRAVIN', 'DARWHA', 'DARWHA', '', '', '', '7517068111', '0', NULL, 'ARCHANA', '', '', '', '2024-25', 11, '2024-05-14 09:48:29', 8, NULL, 0, b'1', 0, 0),
(395, '', '', '', '2010-05-19', 18, 32, 0, 'ATHARV SUNIL BHOVATE', 'male', 'BOUDDHA', 'INDIAN', 'MARATHI', 'MAHAR', 'SC', 'DARWHA', '', '14 years 0 months ', '2010-05-19', '', '', 'ENGLISH', '0', '', '', 'SUNIL', 'DARWHA', 'DARWHA', 'YAVATMAL', '', '', '7517068111', '0', NULL, 'KAVITA', '', '', '', '2024-25', 11, '2024-05-14 09:51:11', 8, NULL, 0, b'1', 0, 0),
(396, '', '', '', '2023-05-02', 18, 32, 0, 'KARTIK SUNIL JADHAO', 'male', 'HINDU', 'INDIAN', 'MARATHI', 'BANJARA', 'VJ', 'DARWHA', '', '14 years 9 months ', '2009-08-30', '', '', 'ENGLISH', '0', '', '', 'SUNIL', 'DARWHA', 'DARWHA', 'YAVATMAL', '', '', '7517068111', '0', NULL, 'SHITAL', '', '', '', '2024-25', 11, '2024-05-14 09:52:36', 8, NULL, 0, b'1', 0, 0),
(397, '', '', '', '2023-05-02', 18, 32, 0, 'HARSH BABUSING JADHAO', 'male', 'HINDU', 'INDIAN', 'MARATHI', 'BANJARA', 'VJ', 'DARWHA', '', '14 years 4 months ', '2010-01-29', '', '', 'ENGLISH', '0', '', '', 'BABUSING', 'DARWHA', 'DARWHA', 'YAVATMAL', '', '', '7517068111', '0', NULL, 'MANDA', '', '', '', '2024-25', 11, '2024-05-14 09:55:04', 8, NULL, 0, b'1', 0, 0),
(398, '', '', '', '2023-05-02', 18, 32, 0, 'LAVANYA BHARAT  JADHAO', 'male', 'HINDU', 'INDIAN', 'MARATHI', 'BANJARA', 'VJ', 'DARWHA', '', '15 years 4 months ', '2009-11-03', '', '', 'ENGLISH', '0', '', '', 'BABUSING', 'DARWHA', 'DARWHA', 'YAVATMAL', '', '', '7517068111', '0', NULL, 'RAJNI', '', '', '', '2024-25', 11, '2024-05-14 09:56:25', 8, NULL, 0, b'1', 0, 0),
(399, '', '', '', '2023-05-02', 18, 32, 0, 'HARSH SUKHLAL JAISWAL', 'male', 'HINDU', 'INDIAN', 'MARATHI', 'KALAL', 'OBC', 'DARWHA', '', '14 years 10 months ', '2009-07-29', '', '', 'ENGLISH', '0', '', '', 'SUKHALAL', 'DARWHA', 'DARWHA', 'YAVATMAL', '', '', '7517068111', '0', NULL, 'RAKHI', '', '', '', '2024-25', 11, '2024-05-14 09:58:18', 8, NULL, 0, b'1', 0, 0),
(400, '', '', '', '2023-05-02', 18, 32, 0, 'KRUSHNA N KALBANDE', 'male', 'HINDU', 'INDIAN', 'MARATHI', 'KALAL', 'OBC', 'DARWHA', '', '15 years 0 months ', '2009-05-14', '', '', 'ENGLISH', '0', '', '', 'N', 'DARWHA', 'DARWHA', 'YAVATMAL', '', '', '7517068111', '0', NULL, 'NILIMA', '', '', '', '2024-25', 11, '2024-05-14 10:01:18', 8, NULL, 0, b'1', 0, 0);
INSERT INTO `student` (`student_id`, `registration_no`, `aadhar_no`, `saral_id`, `register_date`, `class_id`, `section_id`, `rte_applicable`, `fullname`, `gender`, `religion`, `nationality`, `mother_tounge`, `caste`, `category`, `place_of_birth`, `image`, `age`, `dob`, `last_school`, `last_class`, `last_medium`, `is_last_school_recognize`, `sought_admission_in_class`, `medium`, `father_name`, `at_post`, `tahsil`, `dist`, `occupation`, `ph_no`, `mobile_no`, `parent_on_service`, `office_address_phone_no`, `mother_full_name`, `annual_income`, `local_address`, `relation_ship_with_parent`, `academic_year`, `session_id`, `created_at`, `created_by`, `modified_at`, `modified_by`, `is_active`, `old_fees`, `paid_fees`) VALUES
(401, '', '', '', '2023-05-02', 18, 32, 0, 'REHAN KHAN ', 'male', 'ISLAM', 'INDIAN', 'URDU', 'MUSLIM', 'OPEN', 'DARWHA', '', '13 years 4 months ', '2011-01-17', '', '', 'ENGLISH', '0', '', '', 'PATHAN', 'DARWHA', 'DARWHA', 'YAVATMAL', '', '', '7517068111', '0', NULL, 'GULJAHAN', '', '', '', '2024-25', 11, '2024-05-14 10:07:57', 8, NULL, 0, b'1', 0, 0),
(402, '', '', '', '2023-05-02', 18, 32, 0, 'KRUSHNA NIRANJAN KATE', 'male', 'HINDU', 'INDIAN', 'MARATHI', 'KUNBI', 'OBC', 'DARWHA', '', '1 years 1 months ', '2023-04-21', '', '', 'ENGLISH', '0', '', '', 'NIRANJAN', 'DARWHA', 'DARWHA', 'YAVATMAL', '', '', '7517068111', '0', NULL, 'SHADHA', '', '', '', '2024-25', 11, '2024-05-14 10:09:31', 8, NULL, 0, b'1', 0, 0),
(403, '', '', '', '2009-02-26', 18, 32, 0, 'SUJAL MAROTI MAHANAR', 'male', 'HINDU', 'INDIAN', 'MARATHI', 'KUNBI', 'OBC', 'DARWHA', '', '14 years 1 months ', '2010-04-21', '', '', 'ENGLISH', '0', '', '', 'MAROTI', 'DARWHA', 'DARWHA', 'YAVATMAL', '', '', '7517068111', '0', NULL, 'JAYA', '', '', '', '2024-25', 11, '2024-05-14 10:13:57', 8, NULL, 0, b'1', 0, 0),
(404, '', '', '', '2023-05-02', 18, 32, 0, 'SATWIK SUNIL MESHRAM', 'male', 'BOUDDHA', 'INDIAN', 'MARATHI', 'MAHAR', 'SC', 'DARWHA', '', '13 years 9 months ', '2010-08-19', '', '', 'ENGLISH', '0', '', '', 'SUNIL', 'DARWHA', 'DARWHA', 'YAVATMAL', '', '', '7517068111', '0', NULL, 'ANITA', '', '', '', '2024-25', 11, '2024-05-14 10:16:52', 8, NULL, 0, b'1', 0, 0),
(405, '', '', '', '2023-05-02', 18, 32, 0, 'KRISHNA PANDIT PANCHORE', 'male', 'HINDU', 'INDIAN', 'MARATHI', 'KUNBI', 'OBC', 'DARWHA', '', '14 years 4 months ', '2010-11-22', '', '', 'ENGLISH', '0', '', '', 'PANDIT', 'DARWHA', 'DARWHA', 'YAVATMAL', '', '', '7517068111', '0', NULL, 'RUPALI', '', '', '', '2024-25', 11, '2024-05-14 10:19:05', 8, NULL, 0, b'1', 0, 0),
(406, '', '', '', '2023-05-02', 18, 32, 0, 'PARTH PRABHUDAS PUNSE', 'male', 'HINDU', 'INDIAN', 'MARATHI', 'MAHAR', 'SC', 'DARWHA', '', '14 years 4 months ', '2010-11-22', '', '', 'ENGLISH', '0', '', '', 'PRABHUDAS', 'DARWHA', 'DARWHA', 'YAVATMAL', '', '', '7517068111', '0', NULL, 'T', '', '', '', '2024-25', 11, '2024-05-14 10:20:28', 8, NULL, 0, b'1', 0, 0),
(407, '', '', '', '2023-05-02', 18, 32, 0, 'KRISHNA MAHENDRA RAJGURE', 'male', 'HINDU', 'INDIAN', 'MARATHI', 'TELI', 'OBC', 'DARWHA', '', '-4180 years -4 months ', '0000-00-00', '', '', 'ENGLISH', '0', '', '', 'MAHENDRA', 'DARWHA', 'DARWHA', 'YAVATMAL', '', '', '7517068111', '0', NULL, 'SAKSHI', '', '', '', '2024-25', 11, '2024-05-14 10:21:58', 8, NULL, 0, b'1', 0, 0),
(408, '', '', '', '2009-05-02', 18, 32, 0, 'KARAN VINOD RATHOD', 'male', 'HINDU', 'INDIAN', 'MARATHI', 'BANJARA', 'VJ', 'DARWHA', '', '14 years 9 months ', '2009-08-04', '', '', 'ENGLISH', '0', '', '', 'VINOD', 'DARWHA', 'DARWHA', 'YAVATMAL', '', '', '7517068111', '0', NULL, 'SARITA', '', '', '', '2024-25', 11, '2024-05-14 10:25:19', 8, NULL, 0, b'1', 0, 0),
(409, '', '', '', '2023-05-02', 18, 32, 0, 'RIYAN SHEIKH A', 'male', 'ISLAM', 'INDIAN', 'URDU', 'MUSLIM', 'OPEN', 'DARWHA', '', '15 years 4 months ', '2009-11-01', '', '', 'ENGLISH', '0', '', '', 'A', 'DARWHA', 'DARWHA', 'YAVATMAL', '', '', '7517068111', '0', NULL, 'SHABINA', '', '', '', '2024-25', 11, '2024-05-14 10:26:46', 8, NULL, 0, b'1', 0, 0),
(410, '', '', '', '2023-05-02', 18, 32, 0, 'SAKSHAM MANOJ SHELKE', 'male', 'HINDU', 'INDIAN', 'MARATHI', 'MUSLIM', 'OPEN', 'DARWHA', '', '13 years 8 months ', '2010-09-16', '', '', 'ENGLISH', '0', '', '', 'MANOJ', 'DARWHA', 'DARWHA', 'YAVATMAL', '', '', '7517068111', '0', NULL, 'SUREKHA', '', '', '', '2024-25', 11, '2024-05-14 10:30:11', 8, NULL, 0, b'1', 0, 0),
(411, '', '', '', '2010-05-20', 18, 32, 0, 'SHRAVAN GAUTAM WARGHAT', 'male', 'BOUDDHA', 'INDIAN', 'MARATHI', 'MAHAR', 'SC', 'DARWHA', '', '1 years 0 months ', '2023-05-02', '', '', 'ENGLISH', '0', '', '', 'GAUTAM', 'DARWHA', 'DARWHA', 'YAVATMAL', '', '', '7517068111', '0', NULL, 'REKHA', '', '', '', '2024-25', 11, '2024-05-14 10:32:20', 8, NULL, 0, b'1', 0, 0),
(412, '', '', '', '2023-05-02', 18, 32, 0, 'UMAR BAIG TAUQEER BAIG MIRZA', 'male', 'ISLAM', 'INDIAN', 'URDU', 'MUSLIM', 'OPEN', 'DARWHA', '', '14 years 1 months ', '2010-04-21', '', '', 'ENGLISH', '0', '', '', 'TAUQEER BAIG', 'DARWHA', 'DARWHA', 'YAVATMAL', '', '', '7517068111', '0', NULL, 'SHAREQUA', '', '', '', '2024-25', 11, '2024-05-14 10:34:07', 8, NULL, 0, b'1', 0, 0),
(413, '2376', '', '', '2023-05-18', 20, 28, 0, 'ARADHYA J CHANDURKAR', 'male', 'HINDU', 'INDIAN', 'MARATHI', 'KUMBHAR', 'OBC', 'DARWHA', '', '12 years 2 months ', '2012-03-19', '', '', 'ENGLISH', '0', '', '', 'S', 'DARWHA', 'DARWHA', 'YAVATMAL', '', '', '7517068111', '0', NULL, 'SONAL', '', '', '', '2024-25', 11, '2024-05-15 02:32:51', 8, NULL, 0, b'1', 0, 0),
(414, '1846', '', '', '2018-06-28', 20, 28, 0, 'ADARSH ANKUSH CHAUDHARI', 'male', 'HINDU', 'INDIAN', 'MARATHI', 'KUNBI', 'OBC', 'DARWHA', '', '11 years 9 months ', '2012-08-22', '', '', 'ENGLISH', '0', '', '', 'ANKUSH', 'DARWHA', 'DARWHA', 'YAVATMAL', '', '', '7517068111', '0', NULL, 'SUNITA', '', '', '', '2024-25', 11, '2024-05-15 02:34:44', 8, NULL, 0, b'1', 0, 0),
(415, '', '', '', '2018-06-28', 20, 28, 0, 'KARTIK SANDIP DESHMUKH', 'male', 'HINDU', 'INDIAN', 'MARATHI', 'KUNBI', 'OBC', 'DARWHA', '', '12 years 0 months ', '2012-05-19', '', '', 'ENGLISH', '0', '', '', 'SANDIP', 'DARWHA', 'DARWHA', 'YAVATMAL', '', '', '7517068111', '0', NULL, 'DIPALI', '', '', '', '2024-25', 11, '2024-05-15 02:36:21', 8, NULL, 0, b'1', 0, 0),
(416, '1889', '', '', '2018-06-29', 20, 28, 0, 'ARNAV AJAY DHABALE', 'male', 'HINDU', 'INDIAN', 'MARATHI', 'KUNBI', 'OBC', 'DARWHA', '', '12 years 0 months ', '2012-05-02', '', '', 'ENGLISH', '0', '', '', 'AJAY', 'DARWHA', 'DARWHA', 'YAVATMAL', '', '', '7517068111', '0', NULL, 'PRITI', '', '', '', '2024-25', 11, '2024-05-15 02:43:28', 8, NULL, 0, b'1', 0, 0),
(417, '2385', '', '', '2023-06-13', 20, 28, 0, 'PRANAV VIDHYESHWAR GAWANDE', 'male', 'HINDU', 'INDIAN', 'MARATHI', 'KUNBI', 'OBC', 'DARWHA', '', '1 years 10 months ', '2022-07-14', '', '', 'ENGLISH', '0', '', '', 'VIDHYESHWAR', 'DARWHA', 'DARWHA', 'YAVATMAL', '', '', '7517068111', '0', NULL, 'RUPALI', '', '', '', '2024-25', 11, '2024-05-15 02:45:44', 8, NULL, 0, b'1', 0, 0),
(418, '1843', '', '', '2018-06-28', 20, 28, 0, 'ISHAN VINOD GOHEL', 'male', 'HINDU', 'INDIAN', 'GUJRATI', 'SHIMPI', 'OBC', 'DARWHA', '', '13 years 5 months ', '2011-10-15', '', '', 'ENGLISH', '0', '', '', 'VINOD', 'DARWHA', 'DARWHA', 'YAVATMAL', '', '', '7517068111', '0', NULL, 'TEJAL', '', '', '', '2024-25', 11, '2024-05-15 02:47:38', 8, NULL, 0, b'1', 0, 0),
(419, '1829', '', '', '2018-07-03', 20, 28, 0, 'ARADHYA PRAKASH GULHANE', 'male', 'HINDU', 'INDIAN', 'MARATHI', 'TELI', 'OBC', 'DARWHA', '', '11 years 9 months ', '2012-08-06', '', '', 'ENGLISH', '0', '', '', 'PRAKASH', 'DARWHA', 'DARWHA', 'YAVATMAL', '', '', '7517068111', '0', NULL, 'ANJALI', '', '', '', '2024-25', 11, '2024-05-15 02:51:03', 8, NULL, 0, b'1', 0, 0),
(420, '', '', '', '2018-06-28', 20, 28, 0, 'AKSHAY BHALCHANDRA GULHANE', 'male', 'HINDU', 'INDIAN', 'MARATHI', 'TELI', 'OBC', 'DARWHA', '', '12 years 1 months ', '2012-04-24', '', '', 'ENGLISH', '0', '', '', 'BHALCHANDRA', 'DARWHA', 'DARWHA', 'YAVATMAL', '', '', '7517068111', '0', NULL, 'ANJALI', '', '', '', '2024-25', 11, '2024-05-15 02:53:00', 8, NULL, 0, b'1', 0, 0),
(421, '2368', '', '', '2023-05-02', 20, 28, 0, 'SUYOG SANTOSH HOLGARE', 'male', 'HINDU', 'INDIAN', 'MARATHI', 'ANDH', 'ST', 'DARWHA', '', '12 years 3 months ', '2012-02-22', '', '', 'ENGLISH', '0', '', '', 'SHALINI', 'DARWHA', 'DARWHA', 'YAVATMAL', '', '', '7517068111', '0', NULL, 'SHALINI', '', '', '', '2024-25', 11, '2024-05-15 02:55:10', 8, NULL, 0, b'1', 0, 0),
(422, '1848', '', '', '2018-06-28', 20, 28, 0, 'KALPAK KISHOR JADHAO', 'male', 'HINDU', 'INDIAN', 'MARATHI', 'BANJARA', 'VJ', 'DARWHA', '', '12 years 1 months ', '2012-04-26', '', '', 'ENGLISH', '0', '', '', 'KISHOR', 'DARWHA', 'DARWHA', 'YAVATMAL', '', '', '7517068111', '0', NULL, 'VAISHALI', '', '', '', '2024-25', 11, '2024-05-15 02:57:22', 8, NULL, 0, b'1', 0, 0),
(423, '1872', '', '', '2018-06-28', 20, 28, 0, 'ATHARV GIRISH KADAM', 'male', 'HINDU', 'INDIAN', 'MARATHI', 'KUNBI', 'OBC', 'DARWHA', '', '12 years 1 months ', '2012-04-10', '', '', 'ENGLISH', '0', '', '', 'GIRISH', 'DARWHA', 'DARWHA', 'YAVATMAL', '', '', '7517068111', '0', NULL, 'RUPALI', '', '', '', '2024-25', 11, '2024-05-15 02:59:06', 8, NULL, 0, b'1', 0, 0),
(424, '1916', '', '', '2018-06-23', 20, 28, 0, 'SANIDHYA AVINASH KHADSE', 'male', 'HINDU', 'INDIAN', 'MARATHI', 'KUNBI', 'OBC', 'DARWHA', '', '12 years 1 months ', '2012-04-28', '', '', 'ENGLISH', '0', '', '', 'AVINASH', 'DARWHA', 'DARWHA', 'YAVATMAL', '', '', '7517068111', '0', NULL, 'SEEMA', '', '', '', '2024-25', 11, '2024-05-15 03:01:03', 8, NULL, 0, b'1', 0, 0),
(425, '1866', '', '', '2018-06-28', 20, 28, 0, 'SAUD RAKHIMDAD KHAN', 'male', 'ISLAM', 'INDIAN', 'MARATHI', 'MUSLIM', 'OPEN', 'DARWHA', '', '13 years 4 months ', '2011-11-22', '', '', 'ENGLISH', '0', '', '', '1866', 'DARWHA', 'DARWHA', 'YAVATMAL', '', '', '7517068111', '0', NULL, 'SHAZIYA', '', '', '', '2024-25', 11, '2024-05-15 03:03:29', 8, NULL, 0, b'1', 0, 0),
(426, '1885', '', '', '2018-06-29', 20, 28, 0, 'ZAID AHEMAD KHAN', 'male', 'HINDU', 'INDIAN', 'URDU', 'MUSLIM', 'OPEN', 'DARWHA', '', '12 years 8 months ', '2011-09-16', '', '', 'ENGLISH', '0', '', '', 'AHEMAD', 'DARWHA', 'DARWHA', 'YAVATMAL', '', '', '7517068111', '0', NULL, 'RIZWANA', '', '', '', '2024-25', 11, '2024-05-15 03:05:21', 8, NULL, 0, b'1', 0, 0),
(427, '1827', '', '', '2018-06-28', 20, 28, 0, 'ARJUN DNYANESHWAR KHODE', 'male', 'HINDU', 'INDIAN', 'MARATHI', 'KUNBI', 'OBC', 'DARWHA', '', '12 years 0 months ', '2012-05-06', '', '', 'ENGLISH', '0', '', '', 'DNYANESHWAR', 'DARWHA', 'DARWHA', 'YAVATMAL', '', '', '7517068111', '0', NULL, 'SUCHITA', '', '', '', '2024-25', 11, '2024-05-15 03:06:52', 8, NULL, 0, b'1', 0, 0),
(428, '2235', '', '', '2022-05-28', 20, 28, 0, 'SHAURYA LALIT LADDHA', 'male', 'HINDU', 'INDIAN', 'HINDI', 'MARWADI', 'OPEN', 'DARWHA', '', '11 years 10 months ', '2012-07-05', '', '', 'ENGLISH', '0', '', '', 'LALIT', 'DARWHA', 'DARWHA', 'YAVATMAL', '', '', '7517068111', '0', NULL, 'SHITAL', '', '', '', '2024-25', 11, '2024-05-15 03:08:46', 8, NULL, 0, b'1', 0, 0),
(429, '', '', '', '2022-05-28', 20, 28, 0, 'SIDDHESH RAJESH LOHAKARE', 'male', 'HINDU', 'INDIAN', 'MARATHI', 'KUNBI', 'OBC', 'DARWHA', '', '13 years 0 months ', '2011-05-16', '', '', 'ENGLISH', '0', '', '', 'RAJESH', 'DARWHA', 'DARWHA', 'YAVATMAL', '', '', '7517068111', '0', NULL, 'MALATI', '', '', '', '2024-25', 11, '2024-05-15 03:23:53', 8, NULL, 0, b'1', 0, 0),
(430, '2070', '', '', '2021-07-07', 20, 28, 0, 'DEVANSHU SATISH LOHAKARE', 'male', 'HINDU', 'INDIAN', 'MARATHI', 'KUNBI', 'OBC', 'DARWHA', '', '12 years 4 months ', '2012-01-05', '', '', 'ENGLISH', '0', '', '', 'SATISH', 'DARWHA', 'DARWHA', 'YAVATMAL', '', '', '7517068111', '0', NULL, 'YOGITA', '', '', '', '2024-25', 11, '2024-05-15 03:25:47', 8, NULL, 0, b'1', 0, 0),
(431, '2387', '', '', '2023-06-13', 20, 28, 0, 'OM DHARMRAJ', 'male', 'HINDU', 'INDIAN', 'MARATHI', 'KUNBI', 'OBC', 'DARWHA', '', '13 years 1 months ', '2011-04-20', '', '', 'ENGLISH', '0', '', '', 'DHARMRAJ', 'DARWHA', 'DARWHA', 'YAVATMAL', '', '', '7517068111', '0', NULL, 'RUPALI', '', '', '', '2024-25', 11, '2024-05-15 03:27:43', 8, NULL, 0, b'1', 0, 0),
(432, '2233', '', '', '2018-06-30', 20, 28, 0, 'ISHWAR EKANATH MAHURKAR', 'male', 'HINDU', 'INDIAN', 'MARATHI', 'KUNBI', 'OBC', 'DARWHA', '', '12 years 3 months ', '2012-12-08', '', '', 'ENGLISH', '0', '', '', 'EKNATH', 'DARWHA', 'DARWHA', 'YAVATMAL', '', '', '7517068111', '0', NULL, 'MADHURI', '', '', '', '2024-25', 11, '2024-05-15 03:29:15', 8, NULL, 0, b'1', 0, 0),
(433, '1919', '', '', '2018-06-30', 20, 28, 0, 'SHREYASH KESHAVRAO MANGE', 'male', 'HINDU', 'INDIAN', 'MARATHI', 'KUNBI', 'OBC', 'DARWHA', '', '11 years 9 months ', '2012-08-16', '', '', 'ENGLISH', '0', '', '', 'KESHAVRAO', 'DARWHA', 'DARWHA', 'YAVATMAL', '', '', '7517068111', '0', NULL, 'VANDANA', '', '', '', '2024-25', 11, '2024-05-15 03:31:11', 8, NULL, 0, b'1', 0, 0),
(434, '1857', '', '', '2018-06-30', 20, 28, 0, 'MIRZA KAMRAN BIAG', 'male', 'ISLAM', 'INDIAN', 'URDU', 'MUSLIM', 'OBC', 'DARWHA', '', '11 years 10 months ', '2012-07-20', '', '', 'ENGLISH', '0', '', '', 'BAIG', 'DARWHA', 'DARWHA', 'YAVATMAL', '', '', '7517068111', '0', NULL, 'NAVEERA', '', '', '', '2024-25', 11, '2024-05-15 03:36:29', 8, NULL, 0, b'1', 0, 0),
(435, '', '', '', '2018-06-28', 20, 28, 0, 'MOHD TAUR MOHD YUSUF RICH', 'male', 'ISLAM', 'INDIAN', 'URDU', 'MUSLIM', 'OPEN', 'DARWHA', '', '11 years 10 months ', '2012-07-20', '', '', 'ENGLISH', '0', '', '', 'MOHD YUSUF RICH', 'DARWHA', 'DARWHA', 'YAVATMAL', '', '', '7517068111', '0', NULL, 'ASMA', '', '', '', '2024-25', 11, '2024-05-15 03:38:34', 8, NULL, 0, b'1', 0, 0),
(436, '', '', '', '2018-06-28', 20, 28, 0, 'MOHD SAFWAN MOHD AFZAL', 'male', 'ISLAM', 'INDIAN', 'URDU', 'MUSLIM', 'OPEN', 'DARWHA', '', '11 years 9 months ', '2012-08-01', '', '', 'ENGLISH', '0', '', '', 'MOHD AFZAL', 'DARWHA', 'DARWHA', 'YAVATMAL', '', '', '7517068111', '0', NULL, 'TAHINYAT', '', '', '', '2024-25', 11, '2024-05-15 03:40:45', 8, NULL, 0, b'1', 0, 0),
(437, '2488', '', '', '2023-07-08', 20, 28, 0, 'MOHD ARISH ZAYAHAQUE', 'male', 'ISLAM', 'INDIAN', 'URDU', 'MUSLIM', 'OPEN', 'DARWHA', '', '12 years 5 months ', '2012-10-12', '', '', 'ENGLISH', '0', '', '', 'ZIYAHAQUE', 'DARWHA', 'DARWHA', 'YAVATMAL', '', '', '7517068111', '0', NULL, 'ZIYAHAQUE', '', '', '', '2024-25', 11, '2024-05-15 03:42:30', 8, NULL, 0, b'1', 0, 0),
(438, '2383', '', '', '2023-06-02', 20, 28, 0, 'MUNDE SHIVAM PRADIP', 'male', 'HINDU', 'INDIAN', 'MARATHI', 'VANJARI', 'NT', 'DARWHA', '', '12 years 3 months ', '2012-02-20', '', '', 'ENGLISH', '0', '', '', 'PRADIP', 'DARWHA', 'DARWHA', 'YAVATMAL', '', '', '7517068111', '0', NULL, 'JAYSHRI', '', '', '', '2024-25', 11, '2024-05-15 03:47:09', 8, NULL, 0, b'1', 0, 0),
(439, '1873', '', '', '2018-06-28', 20, 28, 0, 'HIMANSHU PRADIP NIMKAR', 'male', 'HINDU', 'INDIAN', 'MARATHI', 'BARI', 'OBC', 'DARWHA', '', '12 years 4 months ', '2012-01-11', '', '', 'ENGLISH', '0', '', '', 'PRADIP', 'DARWHA', 'DARWHA', 'YAVATMAL', '', '', '7517068111', '0', NULL, 'MANISH', '', '', '', '2024-25', 11, '2024-05-15 03:50:59', 8, NULL, 0, b'1', 0, 0),
(440, '1839', '', '', '2018-06-28', 20, 28, 0, 'VINIT PRAVIN OLE', 'male', 'HINDU', 'INDIAN', 'MARATHI', 'KUNBI', 'OBC', 'DARWHA', '', '13 years 0 months ', '2011-05-27', '', '', 'ENGLISH', '0', '', '', 'NILESH', 'DARWHA', 'DARWHA', 'YAVATMAL', '', '', '7517068111', '0', NULL, 'VIDHYA', '', '', '', '2024-25', 11, '2024-05-15 03:52:27', 8, NULL, 0, b'1', 0, 0),
(441, '1920', '', '', '2018-06-30', 20, 28, 0, 'ANMOL PRAVIN PACHKOR', 'male', 'HINDU', 'INDIAN', 'MARATHI', 'KUNBI', 'OBC', 'DARWHA', '', '11 years 11 months ', '2012-06-09', '', '', 'ENGLISH', '0', '', '', 'PRAVIN', 'DARWHA', 'DARWHA', 'YAVATMAL', '', '', '7517068111', '0', NULL, 'NANDINI', '', '', '', '2024-25', 11, '2024-05-15 03:56:52', 8, NULL, 0, b'1', 0, 0),
(442, '', '', '', '2018-06-30', 20, 28, 0, 'SAMYAK BHAGWAN PANDIT', 'male', 'BOUDDHA', 'INDIAN', 'MARATHI', 'MAHAR', 'SC', 'DARWHA', '', '13 years 4 months ', '2011-11-19', '', '', 'ENGLISH', '0', '', '', 'BHAGAWAN', 'DARWHA', 'DARWHA', 'YAVATMAL', '', '', '7517068111', '0', NULL, 'KALPANA', '', '', '', '2024-25', 11, '2024-05-15 03:59:16', 8, NULL, 0, b'1', 0, 0),
(443, '1906', '', '', '2018-06-30', 20, 28, 0, 'ADITYA DINESH RATHOD', 'male', 'HINDU', 'INDIAN', 'MARATHI', 'BANJARA', 'VJ', 'DARWHA', '', '12 years 2 months ', '2012-03-30', '', '', 'ENGLISH', '0', '', '', 'DINESH', 'DARWHA', 'DARWHA', 'YAVATMAL', '', '', '7517068111', '0', NULL, 'MAYA', '', '', '', '2024-25', 11, '2024-05-15 04:04:05', 8, NULL, 0, b'1', 0, 0),
(444, '', '', '', '2018-06-30', 20, 28, 0, 'VED PRAMOD RAUT', 'male', 'HINDU', 'INDIAN', 'MARATHI', 'FULMALI', 'OBC', 'DARWHA', '', '5 years 11 months ', '2018-06-13', '', '', 'ENGLISH', '0', '', '', 'PRAMOD', 'DARWHA', 'DARWHA', 'YAVATMAL', '', '', '7517068111', '0', NULL, 'PRIYA', '', '', '', '2024-25', 11, '2024-05-15 04:05:56', 8, NULL, 0, b'1', 0, 0),
(445, '1840', '', '', '2018-06-28', 20, 28, 0, 'RASIK PRAVIN SONONE', 'male', 'HINDU', 'INDIAN', 'MARATHI', 'MAHAR', 'SC', 'DARWHA', '', '12 years 8 months ', '2011-09-29', '', '', 'ENGLISH', '0', '', '', 'PRAVIN', 'DARWHA', 'DARWHA', 'YAVATMAL', '', '', '7517068111', '0', NULL, 'KOKILA', '', '', '', '2024-25', 11, '2024-05-15 04:07:24', 8, NULL, 0, b'1', 0, 0),
(446, '1883', '', '', '2018-06-29', 20, 28, 0, 'SAMARTH PANKAJ SONONE', 'male', 'HINDU', 'INDIAN', 'MARATHI', 'BHOI', 'NT', 'DARWHA', '', '5 years 11 months ', '2018-06-29', '', '', 'ENGLISH', '0', '', '', 'PANKAJ', 'DARWHA', 'DARWHA', 'YAVATMAL', '', '', '7517068111', '0', NULL, 'PRITI', '', '', '', '2024-25', 11, '2024-05-15 04:08:49', 8, NULL, 0, b'1', 0, 0),
(447, '2236', '', '', '2022-06-01', 20, 28, 0, 'SUFIYAN AHEMAD KHAN', 'male', 'ISLAM', 'INDIAN', 'URDU', 'MUSLIM', 'OPEN', 'DARWHA', '', '13 years 3 months ', '2011-02-19', '', '', 'ENGLISH', '0', '', '', 'KHAN', 'DARWHA', 'DARWHA', 'YAVATMAL', '', '', '7517068111', '0', NULL, 'GULJAHAN', '', '', '', '2024-25', 11, '2024-05-15 04:10:31', 8, NULL, 0, b'1', 0, 0),
(448, '1870', '', '', '2018-06-18', 20, 28, 0, 'ARADHYA NILESH WANKHADE', 'male', 'HINDU', 'INDIAN', 'MARATHI', 'KUNBI', 'OBC', 'DARWHA', '', '11 years 11 months ', '2012-06-01', '', '', 'ENGLISH', '0', '', '', 'NILESH', 'DARWHA', 'DARWHA', 'YAVATMAL', '', '', '7517068111', '0', NULL, 'SAVITA', '', '', '', '2024-25', 11, '2024-05-15 04:12:37', 8, NULL, 0, b'1', 0, 0),
(449, '', '', '', '2012-04-24', 20, 28, 0, 'SAMARTH RAMESH RAUT', 'male', 'HINDU', 'INDIAN', 'MARATHI', 'KUNBI', 'OBC', 'DARWHA', '', '12 years 1 months ', '2012-04-24', '', '', 'ENGLISH', '0', '', '', 'RAMESH', 'DARWHA', 'DARWHA', 'YAVATMAL', '', '', '7517068111', '0', NULL, 'KAVITA', '', '', '', '2024-25', 11, '2024-05-15 04:14:58', 8, NULL, 0, b'1', 0, 0),
(450, '', '', '', '2024-05-02', 19, 30, 0, 'ATIF ALI KHAN', 'male', 'ISLAM', 'INDIAN', 'URDU', 'MUSLIM', 'OPEN', 'DARWHA', '', '41 years 0 months ', '1983-05-07', '', '', 'ENGLISH', '0', '', '', 'ALI', 'DARWHA', 'DARWHA', 'YAVATMAL', '', '', '7517068111', '0', NULL, 'T', '', '', '', '2024-25', 11, '2024-05-15 04:40:10', 8, NULL, 0, b'1', 0, 0),
(451, '', '', '', '2024-05-02', 19, 30, 0, 'MAHENDRA KIRAN CHAVHAN', 'male', 'HINDU', 'INDIAN', 'MARATHI', 'BANJARA', 'VJ', 'DARWHA', '', '41 years 0 months ', '1983-05-07', '', '', 'ENGLISH', '0', '', '', 'KIRAN', 'DARWHA', 'DARWHA', 'YAVATMAL', '', '', '7517068111', '0', NULL, 'T', '', '', '', '2024-25', 11, '2024-05-15 04:43:57', 8, NULL, 0, b'1', 0, 0),
(452, '', '', '', '2024-05-02', 19, 30, 0, 'SHOURYA PRAMOD DANGE', 'male', 'HINDU', 'INDIAN', 'MARATHI', 'KUNBI', 'OBC', 'DARWHA', '', '41 years 0 months ', '1983-05-07', '', '', 'ENGLISH', '0', '', '', 'PRAMOD', 'DARWHA', 'DARWHA', 'YAVATMAL', '', '', '7517068111', '0', NULL, 'T', '', '', '', '2024-25', 11, '2024-05-15 08:05:23', 8, NULL, 0, b'1', 0, 0),
(453, '6528', '782937883672', '7289383765410983', '2024-05-02', 19, 30, 0, 'AYUSH DINESH DESHMUKH', 'male', 'HINDU', 'INDIAN', 'MARATHI', 'KUNBI', 'OBC', 'DARWHA', '', '41 years 0 months ', '1983-05-07', 'ZP School, Darwha', '', 'ENGLISH', '0', '2', '', 'DINESH', 'DARWHA', 'DARWHA', 'YAVATMAL', '', '', '7517068111', '0', NULL, 'T', '', '', '', '2024-25', 11, '2024-05-15 08:06:45', 8, NULL, 0, b'0', 0, 0),
(454, '', '', '', '2024-05-02', 19, 30, 0, 'FAIZAN KHANM', 'male', 'ISLAM', 'INDIAN', 'URDU', 'MUSLIM', 'OPEN', 'DARWHA', '', '41 years 0 months ', '1983-05-07', '', '', 'ENGLISH', '0', '', '', 'KHAN', 'DARWHA', 'DARWHA', 'YAVATMAL', '', '', '7517068111', '0', NULL, 'T', '', '', '', '2024-25', 11, '2024-05-15 08:08:22', 8, NULL, 0, b'1', 0, 0),
(455, '', '', '', '2024-05-02', 19, 30, 0, 'NAMAN SHARAD GANDHI', 'male', 'HINDU', 'INDIAN', 'HINDI', 'MARWADI', 'OPEN', 'DARWHA', '', '41 years 0 months ', '1983-05-07', '', '', 'ENGLISH', '0', '', '', 'SHARAD', 'DARWHA', 'DARWHA', 'YAVATMAL', '', '', '7517068111', '0', NULL, 'T', '', '', '', '2024-25', 11, '2024-05-15 08:09:43', 8, NULL, 0, b'1', 0, 0),
(456, '', '', '', '2024-05-02', 19, 30, 0, 'PRIYESH KISHOR GOKULE', 'male', 'HINDU', 'INDIAN', 'HINDI', 'AHIR', 'NT', 'DARWHA', '', '41 years 0 months ', '1983-05-07', '', '', 'ENGLISH', '0', '', '', 'KISHOR', 'DARWHA', 'DARWHA', 'YAVATMAL', '', '', '7517068111', '0', NULL, 'MANJU', '', '', '', '2024-25', 11, '2024-05-15 08:11:12', 8, NULL, 0, b'1', 0, 0),
(457, '', '', '', '2024-05-02', 19, 30, 0, 'LOVE NILKANTH JADHAO', 'male', 'HINDU', 'INDIAN', 'MARATHI', 'BANJARA', 'VJ', 'DARWHA', '', '41 years 0 months ', '1983-05-07', '', '', 'ENGLISH', '0', '', '', 'NILKANTH', 'DARWHA', 'DARWHA', 'YAVATMAL', '', '', '7517068111', '0', NULL, 'T', '', '', '', '2024-25', 11, '2024-05-15 08:12:25', 8, NULL, 0, b'1', 0, 0),
(458, '', '', '', '2024-05-02', 19, 30, 0, 'MUKUL DNYANESHWAR JADHAO', 'male', 'HINDU', 'INDIAN', 'MARATHI', 'BANJARA', 'VJ', 'DARWHA', '', '41 years 0 months ', '1983-05-07', '', '', 'ENGLISH', '0', '', '', 'DNYANESHWAR', 'DARWHA', 'DARWHA', 'YAVATMAL', '', '', '7517068111', '0', NULL, 'T', '', '', '', '2024-25', 11, '2024-05-15 08:14:04', 8, NULL, 0, b'1', 0, 0),
(459, '', '', '', '2024-05-02', 19, 30, 0, 'SHREYASH GUNVANT MAHANAR', 'male', 'HINDU', 'INDIAN', 'MARATHI', 'DHANGAR', 'NT', 'DARWHA', '', '41 years 0 months ', '1983-05-07', '', '', 'ENGLISH', '0', '', '', 'GUNWANT', 'DARWHA', '', 'YAVATMAL', '', '', '7517068111', '0', NULL, 'T', '', '', '', '2024-25', 11, '2024-05-15 08:15:30', 8, NULL, 0, b'1', 0, 0),
(460, '', '', '', '2024-05-02', 19, 30, 0, 'SHRID ASHWIN MIRASE', 'male', 'HINDU', 'INDIAN', 'MARATHI', 'KUNBI', 'OBC', 'DARWHA', '', '41 years 0 months ', '1983-05-07', '', '', 'ENGLISH', '0', '', '', 'ASHWIN', 'DARWHA', 'DARWHA', 'YAVATMAL', '', '', '7517068111', '0', NULL, 'T', '', '', '', '2024-25', 11, '2024-05-15 08:16:42', 8, NULL, 0, b'1', 0, 0),
(461, '', '', '', '2024-05-02', 19, 30, 0, 'AZFAR BAIG MIRZA', 'male', 'ISLAM', 'INDIAN', 'URDU', 'MUSLIM', 'OPEN', 'DARWHA', '', '41 years 3 months ', '0083-12-25', '', '', 'ENGLISH', '0', '', '', 'BAIG', 'DARWHA', 'DARWHA', 'YAVATMAL', '', '', '7517068111', '0', NULL, 'T', '', '', '', '2024-25', 11, '2024-05-15 08:18:48', 8, NULL, 0, b'1', 0, 0),
(462, '', '', '', '2024-05-02', 19, 30, 0, 'NOMAN KHAN JAVED KHAN', 'male', 'ISLAM', 'INDIAN', 'URDU', 'MUSLIM', 'OPEN', 'DARWHA', '', '41 years 0 months ', '1983-05-07', '', '', 'ENGLISH', '0', '', '', 'JAVED KHAN', 'DARWHA', 'DARWHA', 'YAVATMAL', '', '', '7517068111', '0', NULL, 'T', '', '', '', '2024-25', 11, '2024-05-15 08:20:11', 8, NULL, 0, b'1', 0, 0),
(463, '', '', '', '2024-05-02', 19, 30, 0, 'SONAM KHAN ZIKRULLAH KHAN', 'male', 'ISLAM', 'INDIAN', 'URDU', 'MUSLIM', 'OPEN', 'DARWHA', '', '41 years 0 months ', '1983-05-07', '', '', 'ENGLISH', '0', '', '', 'JAVED KHAN', 'DARWHA', 'DARWHA', 'YAVATMAL', '', '', '7517068111', '0', NULL, 'T', '', '', '', '2024-25', 11, '2024-05-15 08:32:43', 8, NULL, 0, b'1', 0, 0),
(464, '', '', '', '2024-05-02', 19, 30, 0, 'SYED SHAZUN SYED IZHAR', 'male', 'ISLAM', 'INDIAN', 'URDU', 'MUSLIM', 'OPEN', 'DARWHA', '', '41 years 0 months ', '1983-05-07', '', '', 'ENGLISH', '0', '', '', 'SYED IZHAR', 'DARWHA', 'DARWHA', 'YAVATMAL', '', '', '7517068111', '0', NULL, 'T', '', '', '', '2024-25', 11, '2024-05-15 08:35:01', 8, NULL, 0, b'1', 0, 0),
(465, '', '', '', '2024-05-02', 19, 30, 0, 'SHUBHAM SHARAD WAGH', 'male', 'HINDU', 'INDIAN', 'MARATHI', 'KUNBI', 'OBC', 'DARWHA', '', '41 years 0 months ', '1983-05-07', '', '', 'ENGLISH', '0', '', '', 'SHARAD', 'DARWHA', '', 'YAVATMAL', '', '', '7517068111', '0', NULL, 'T', '', '', '', '2024-25', 11, '2024-05-15 08:36:13', 8, NULL, 0, b'1', 0, 0),
(466, '', '', '', '2024-05-02', 19, 30, 0, 'AYUSH RAVNDRA JOGE', 'male', 'HINDU', 'INDIAN', 'MARATHI', 'DHIVAR', 'SC', 'DARWHA', '', '41 years 0 months ', '1983-05-07', '', '', 'ENGLISH', '0', '', '', 'RAVNDRA', 'DARWHA', 'DARWHA', 'YAVATMAL', '', '', '7517068111', '0', NULL, 'T', '', '', '', '2024-25', 11, '2024-05-15 08:38:08', 8, NULL, 0, b'1', 0, 0),
(467, '', '', '', '2024-05-02', 23, 21, 0, 'AVNI VIJAY ADE', 'female', 'HINDU', 'INDIAN', 'MARATHI', 'BANJARA', 'VJ', 'DARWHA', '', '41 years 0 months ', '1983-05-07', '', '', 'ENGLISH', '0', '', '', 'VIJAY', 'DARWHA', 'DARWHA', 'YAVATMAL', '', '', '7517068111', '0', NULL, 'T', '', '', '', '2024-25', 11, '2024-05-15 08:41:48', 8, NULL, 0, b'1', 0, 0),
(468, '', '', '', '2024-05-02', 23, 21, 0, 'AFRA KASMANI', 'female', 'ISLAM', 'INDIAN', 'URDU', 'KACCHI', 'OBC', 'DARWHA', '', '41 years 0 months ', '1983-05-07', '', '', 'ENGLISH', '0', '', '', 'KASMANI', 'DARWHA', 'DARWHA', 'YAVATMAL', '', '', '7517068111', '0', NULL, 'T', '', '', '', '2024-25', 11, '2024-05-15 08:44:12', 8, NULL, 0, b'1', 0, 0),
(469, '', '', '', '2024-05-02', 23, 21, 0, 'ASHMIRA SHAIKH', 'female', 'ISLAM', 'INDIAN', 'URDU', 'MUSLIM', 'OPEN', 'DARWHA', '', '41 years 0 months ', '1983-05-07', '', '', 'ENGLISH', '0', '', '', 'SHAIKH', 'DARWHA', 'DARWHA', 'YAVATMAL', '', '', '7517068111', '0', NULL, 'T', '', '', '', '2024-25', 11, '2024-05-15 08:45:23', 8, NULL, 0, b'1', 0, 0),
(470, '', '', '', '2024-05-20', 23, 21, 0, 'TANISHKA UMESH BARGAT', 'female', 'HINDU', 'INDIAN', 'MARATHI', 'LOHAR', 'NT', 'DARWHA', '', '41 years 0 months ', '1983-05-07', '', '', 'ENGLISH', '0', '', '', 'UMESH', 'DARWHA', 'DARWHA', 'YAVATMAL', '', '', '7517068111', '0', NULL, 'KIRAN', '', '', '', '2024-25', 11, '2024-05-15 08:49:21', 8, NULL, 0, b'1', 0, 0),
(471, '', '', '', '2024-05-02', 23, 21, 0, 'HARSHALI UTTAM BHOYAR', 'female', 'HINDU', 'INDIAN', 'MARATHI', 'KUNBI', 'OBC', 'DARWHA', '', '41 years 0 months ', '1983-05-07', '', '', 'ENGLISH', '0', '', '', 'RUPALI', 'DARWHA', 'DARWHA', 'YAVATMAL', '', '', '7517068111', '0', NULL, 'RUPALI', '', '', '', '2024-25', 11, '2024-05-15 08:52:20', 8, NULL, 0, b'1', 0, 0),
(472, '', '', '', '2024-05-02', 23, 21, 0, 'PURVA P CHIRDE', 'female', 'HINDU', 'INDIAN', 'MARATHI', 'KUNBI', 'OBC', 'DARWHA', '', '41 years 0 months ', '1983-05-07', '', '', 'ENGLISH', '0', '', '', 'P', 'DARWHA', 'DARWHA', 'YAVATMAL', '', '', '7517068111', '0', NULL, 'CHHAYA', '', '', '', '2024-25', 11, '2024-05-15 08:53:40', 8, NULL, 0, b'1', 0, 0),
(473, '', '', '', '2024-05-02', 23, 21, 0, 'KANISHKA S CHAVHAN', 'female', 'HINDU', 'INDIAN', 'MARATHI', 'BANJARA', 'VJ', 'DARWHA', '', '41 years 0 months ', '1983-05-07', '', '', 'ENGLISH', '0', '', '', 'S', 'DARWHA', 'DARWHA', 'YAVATMAL', '', '', '7517068111', '0', NULL, 'T', '', '', '', '2024-25', 11, '2024-05-15 08:56:10', 8, NULL, 0, b'1', 0, 0),
(474, '', '', '', '2024-05-02', 23, 21, 0, 'SANCHITA CHAVHAN', 'male', 'HINDU', 'INDIAN', 'MARATHI', 'BANJARA', 'VJ', 'DARWHA', '', '38 years 0 months ', '1986-05-02', '', '', 'ENGLISH', '0', '', '', 'F', 'DARWHA', 'DARWHA', 'YAVATMAL', '', '', '7517068111', '0', NULL, 'M', '', '', '', '2024-25', 11, '2024-05-15 08:57:16', 8, NULL, 0, b'1', 0, 0),
(475, '', '', '', '2024-05-02', 23, 21, 0, 'MAYURI K DEOKAR', 'female', 'HINDU', 'INDIAN', 'MARATHI', 'TELI', 'OBC', 'DARWHA', '', '41 years 0 months ', '1983-05-07', '', '', 'ENGLISH', '0', '', '', 'F', 'DARWHA', 'DARWHA', 'YAVATMAL', '', '', '7517068111', '0', NULL, 'M', '', '', '', '2024-25', 11, '2024-05-15 08:58:29', 8, NULL, 0, b'1', 0, 0),
(476, '', '', '', '2024-05-02', 23, 21, 0, 'GOJARI PRAVIN DHABALE', 'female', 'HINDU', 'INDIAN', 'MARATHI', 'KUNBI', 'OBC', 'DARWHA', '', '41 years 0 months ', '1983-05-07', '', '', 'ENGLISH', '0', '', '', 'PRAVIN', 'DARWHA', 'DARWHA', 'YAVATMAL', '', '', '7517068111', '0', NULL, 'JAYA', '', '', '', '2024-25', 11, '2024-05-15 09:00:17', 8, NULL, 0, b'1', 0, 0),
(477, '', '', '', '2024-05-02', 23, 21, 0, 'RIDDHI A GAYAKE', 'female', 'HINDU', 'INDIAN', 'MARATHI', 'KUNBI', 'OBC', 'DARWHA', '', '0 years 0 months ', '2024-05-02', '', '', 'ENGLISH', '0', '', '', 'A', 'DARWHA', 'DARWHA', 'YAVATMAL', '', '', '7517068111', '0', NULL, 'SUJATA', '', '', '', '2024-25', 11, '2024-05-15 09:02:35', 8, NULL, 0, b'1', 0, 0),
(478, '', '', '', '1983-05-07', 23, 21, 0, 'MUGHDHA SHYAM GORE', 'female', 'HINDU', 'INDIAN', 'MARATHI', 'KUNBI', 'OBC', 'DARWHA', '', '0 years 0 months ', '2024-05-02', '', '', 'ENGLISH', '0', '', '', 'SHYAM', 'DARWHA', 'DARWHA', 'YAVATMAL', '', '', '7517068111', '0', NULL, 'RADHA', '', '', '', '2024-25', 11, '2024-05-15 09:04:04', 8, NULL, 0, b'1', 0, 0),
(479, '', '', '', '0024-05-02', 23, 21, 0, 'MANASWI UMESH GOKULE', 'female', 'HINDU', 'INDIAN', 'MARATHI', 'AHIR', 'NT', 'AURANGABAD', '', '9 years 3 months ', '2015-02-02', '', '', 'ENGLISH', '0', '', '', 'UMESH', 'DARWHA', 'DARWHA', 'YAVATMAL', '', '', '7517068111', '0', NULL, 'SEEMA', '', '', '', '2024-25', 11, '2024-05-15 09:05:51', 8, NULL, 0, b'1', 0, 0),
(480, '', '', '', '2024-05-02', 23, 21, 0, 'KAVYA N GUGHANE', 'female', 'HINDU', 'INDIAN', 'MARATHI', 'KUNBI', 'OBC', 'DARWHA', '', '0 years 0 months ', '2024-05-02', '', '', 'ENGLISH', '0', '', '', 'N', 'DARWHA', 'DARWHA', 'YAVATMAL', '', '', '7517068111', '0', NULL, 'T', '', '', '', '2024-25', 11, '2024-05-15 09:07:16', 8, NULL, 0, b'1', 0, 0),
(481, '', '', '', '2024-05-02', 23, 21, 0, 'SHREYA ANIL JADHAO', 'female', 'HINDU', 'INDIAN', 'MARATHI', 'BANJARA', 'VJ', 'DARWHA', '', '0 years 3 months ', '2024-02-02', '', '', 'ENGLISH', '0', '', '', 'ANIL', 'DARWHA', 'DARWHA', 'YAVATMAL', '', '', '7517068111', '0', NULL, 'LAXMI', '', '', '', '2024-25', 11, '2024-05-15 09:08:38', 8, NULL, 0, b'1', 0, 0),
(482, '', '', '', '2024-05-02', 23, 21, 0, 'ARADHYA AVINASH KALE', 'female', 'HINDU', 'INDIAN', 'MARATHI', 'MALI', 'OBC', 'DARWHA', '', '0 years 0 months ', '2024-05-02', '', '', 'ENGLISH', '0', '', '', 'AVINASH', 'DARWHA', 'DARWHA', 'YAVATMAL', '', '', '7517068111', '0', NULL, 'VARSHA', '', '', '', '2024-25', 11, '2024-05-15 09:10:54', 8, NULL, 0, b'1', 0, 0),
(483, '', '', '', '2024-05-02', 23, 21, 0, 'SHREYA M KHADASE', 'female', 'HINDU', 'INDIAN', 'MARATHI', 'KUNBI', 'OBC', 'DARWHA', '', '0 years 3 months ', '2024-02-02', '', '', 'ENGLISH', '0', '', '', 'M', 'DARWHA', 'DARWHA', 'YAVATMAL', '', '', '7517068111', '0', NULL, 'T', '', '', '', '2024-25', 11, '2024-05-15 09:12:52', 8, NULL, 0, b'1', 0, 0),
(484, '', '999999999999', '', '2024-05-02', 23, 21, 0, 'SWARA RUPESH KHODE', 'Female', 'HINDU', 'INDIAN', 'MARATHI', 'KUNBI', 'OBC', 'DARWHA', '', '0 years 0 months ', '2024-05-02', '', '', 'ENGLISH', '', '', '', 'M', 'DARWHA', 'DARWHA', 'YAVATMAL', '', '', '7517068111', NULL, '', 'SUCHITA', '', '', '', '2024-25', 11, '2024-05-15 09:14:03', 8, '2024-05-15 02:46:01', 8, b'1', 0, 0),
(485, '', '', '', '2024-05-02', 23, 21, 0, 'SAISHWARI MAHALLE', 'female', 'HINDU', 'INDIAN', 'MARATHI', 'KUNBI', 'OBC', 'DARWHA', '', '0 years 0 months ', '2024-05-02', '', '', 'ENGLISH', '0', '', '', 'F', 'DARWHA', 'DARWHA', 'YAVATMAL', '', '', '7517068111', '0', NULL, 'T', '', '', '', '2024-25', 11, '2024-05-15 09:17:15', 8, NULL, 0, b'1', 0, 0),
(486, '', '', '', '2024-05-02', 23, 21, 0, 'ARHAN KHAN', 'male', 'ISLAM', 'INDIAN', 'URDU', 'MUSLIM', 'OBC', 'DARWHA', '', '0 years 0 months ', '2024-05-02', '', '', 'ENGLISH', '0', '', '', 'F', 'DARWHA', 'DARWHA', 'YAVATMAL', '', '', '7517068111', '0', NULL, 'HEENA', '', '', '', '2024-25', 11, '2024-05-15 09:19:37', 8, NULL, 0, b'1', 0, 0),
(487, '', '', '', '2024-05-02', 23, 21, 0, 'AZAM KHAN', 'male', 'ISLAM', 'INDIAN', 'URDU', 'MUSLIM', 'OPEN', 'DARWHA', '', '0 years 0 months ', '2024-05-02', '', '', 'ENGLISH', '0', '', '', 'F', 'DARWHA', 'DARWHA', 'YAVATMAL', '', '', '7517068111', '0', NULL, 'SHAFIYA', '', '', '', '2024-25', 11, '2024-05-15 09:33:50', 8, NULL, 0, b'1', 0, 0),
(488, '', '', '', '2024-05-02', 23, 21, 0, 'EKANSH ANAND BHARUT', 'male', 'JAIN', 'INDIAN', 'HINDI', 'JAIN', 'OPEN', 'DARWHA', '', '0 years 0 months ', '2024-05-02', '', '', 'ENGLISH', '0', '', '', 'ANAND', 'DARWHA', 'DARWHA', 'YAVATMAL', '', '', '7517068111', '0', NULL, 'PRANITA', '', '', '', '2024-25', 11, '2024-05-15 09:35:10', 8, NULL, 0, b'1', 0, 0),
(489, '', '', '', '2024-05-02', 23, 21, 0, 'SHRIPAD S. BHOYAR', 'male', 'HINDU', 'INDIAN', 'MARATHI', 'KUNBI', 'OBC', 'DARWHA', '', '0 years 0 months ', '2024-05-02', '', '', 'ENGLISH', '0', '', '', 'S', 'DARWHA', 'DARWHA', 'YAVATMAL', '', '', '7517068111', '0', NULL, 'VRUSHALI', '', '', '', '2024-25', 11, '2024-05-15 09:43:55', 8, NULL, 0, b'1', 0, 0),
(490, '', '', '', '2024-05-02', 23, 21, 0, 'LAKSH PURUSHOTTAM BHUTADA', 'male', 'HINDU', 'INDIAN', 'MARATHI', 'MAHESHWARI', 'OPEN', 'DARWHA', '', '0 years 3 months ', '2024-02-02', '', '', 'ENGLISH', '0', '', '', 'PURUSHOTTAM', 'DARWHA', 'DARWHA', 'YAVATMAL', '', '', '7517068111', '0', NULL, 'RITA', '', '', '', '2024-25', 11, '2024-05-15 09:45:10', 8, NULL, 0, b'1', 0, 0),
(491, '', '', '', '2024-05-02', 23, 21, 0, 'BHAVESH PRAVIN CHAUDHARI', 'male', 'HINDU', 'INDIAN', 'MARATHI', 'KUNBI', 'OBC', 'DARWHA', '', '0 years 0 months ', '2024-05-02', '', '', 'ENGLISH', '0', '', '', 'PRAVIN', 'DARWHA', 'DARWHA', 'YAVATMAL', '', '', '7517068111', '0', NULL, 'PRIYA', '', '', '', '2024-25', 11, '2024-05-15 09:46:20', 8, NULL, 0, b'1', 0, 0),
(492, '', '', '', '2024-05-02', 23, 21, 0, 'VIHAN DNYANESHWAR CHAVHAN', 'male', 'HINDU', 'INDIAN', 'MARATHI', 'BANJARA', 'VJ', 'DARWHA', '', '0 years 0 months ', '2024-05-02', '', '', 'ENGLISH', '0', '', '', 'DNYANESHWAR', 'DARWHA', 'DARWHA', 'YAVATMAL', '', '', '7517068111', '0', NULL, 'KAVITA', '', '', '', '2024-25', 11, '2024-05-15 09:47:58', 8, NULL, 0, b'1', 0, 0),
(493, '', '', '', '2024-05-02', 23, 21, 0, 'JAYDATTA G DAHAKE', 'female', 'HINDU', 'INDIAN', 'MARATHI', 'TELI', 'OBC', 'DARWHA', '', '0 years 0 months ', '2024-05-02', '', '', '', '0', '', '', 'G', 'DARWHA', 'DARWHA', 'YAVATMAL', '', '', '7517068111', '0', NULL, 'RADHIA', '', '', '', '2024-25', 11, '2024-05-15 09:49:38', 8, NULL, 0, b'1', 0, 0),
(494, '', '', '', '2024-05-02', 23, 21, 0, 'SHLOWK P DHOKE', 'male', 'HINDU', 'INDIAN', 'MARATHI', 'KHATIK', 'SC', 'DARWHA', '', '0 years 0 months ', '2024-05-02', '', '', 'ENGLISH', '0', '', '', 'P', 'DARWHA', 'DARWHA', 'YAVATMAL', '', '', '7517068111', '0', NULL, 'SNEHA', '', '', '', '2024-25', 11, '2024-05-15 09:50:59', 8, NULL, 0, b'1', 0, 0),
(495, '', '', '', '2024-05-02', 23, 21, 0, 'VIRAJ PRAMOD DUDHE', 'male', 'HINDU', 'INDIAN', 'MARATHI', 'BARI', 'OBC', 'DARWHA', '', '0 years 0 months ', '2024-05-02', '', '', 'ENGLISH', '0', '', '', 'PRAMOD', 'DARWHA', 'DARWHA', 'YAVATMAL', '', '', '7517068111', '0', NULL, 'SHILPA', '', '', '', '2024-25', 11, '2024-05-15 09:53:01', 8, NULL, 0, b'1', 0, 0),
(496, '', '', '', '2024-05-02', 23, 21, 0, 'SHIVANSH GAWANDE', 'male', 'HINDU', 'INDIAN', 'MARATHI', 'KUNBI', 'OBC', 'DARWHA', '', '0 years 0 months ', '2024-05-02', '', '', 'ENGLISH', '0', '', '', 'F', 'DARWHA', 'DARWHA', 'YAVATMAL', '', '', '7517068111', '0', NULL, 'YOGINI', '', '', '', '2024-25', 11, '2024-05-15 09:55:55', 8, NULL, 0, b'1', 0, 0),
(497, '', '', '', '2024-05-02', 23, 21, 0, 'DEVANSH O  GULHANE', 'male', 'HINDU', 'INDIAN', 'MARATHI', 'TELI', 'OBC', 'DARWHA', '', '0 years 0 months ', '2024-05-02', '', '', 'ENGLISH', '0', '', '', 'O', 'DARWHA', 'DARWHA', 'YAVATMAL', '', '', '7517068111', '0', NULL, 'BHANUPRIYA', '', '', '', '2024-25', 11, '2024-05-15 09:57:46', 8, NULL, 0, b'1', 0, 0),
(498, '', '', '', '2024-05-02', 23, 21, 0, 'RHUNAY GULHANE', 'male', 'HINDU', 'INDIAN', 'MARATHI', 'TELI', 'OBC', 'DARWHA', '', '0 years 0 months ', '2024-05-02', '', '', 'ENGLISH', '0', '', '', 'F', 'DARWHA', 'DARWHA', 'YAVATMAL', '', '', '7517068111', '0', NULL, 'ANJALI', '', '', '', '2024-25', 11, '2024-05-15 09:59:02', 8, NULL, 0, b'1', 0, 0),
(499, '', '', '', '2024-05-02', 23, 21, 0, 'SHLOK N GUGHANE', 'male', 'HINDU', 'INDIAN', 'MARATHI', 'KUNBI', 'OBC', 'DARWHA', '', '0 years 0 months ', '2024-05-02', '', '', 'ENGLISH', '0', '', '', 'N', 'DARWHA', 'DARWHA', 'YAVATMAL', '', '', '7517068111', '0', NULL, 'VARSHA', '', '', '', '2024-25', 11, '2024-05-15 10:00:17', 8, NULL, 0, b'1', 0, 0),
(500, '', '', '', '2024-05-02', 23, 21, 0, 'SARTHAK INZALKAR', 'male', 'HINDU', 'INDIAN', 'MARATHI', 'KUNBI', 'OBC', 'DARWHA', '', '0 years 0 months ', '2024-05-02', '', '', 'ENGLISH', '0', '', '', 'F', 'DARWHA', 'DARWHA', 'YAVATMAL', '', '', '7517068111', '0', NULL, 'VRUSHALI', '', '', '', '2024-25', 11, '2024-05-15 10:01:17', 8, NULL, 0, b'1', 0, 0),
(501, '', '', '', '2024-05-02', 23, 21, 0, 'HEMANT B JADHAO', 'male', 'HINDU', 'INDIAN', 'MARATHI', 'BANJARA', 'VJ', 'DARWHA', '', '0 years 0 months ', '2024-05-02', '', '', 'ENGLISH', '0', '', '', 'B', 'DARWHA', 'DARWHA', 'YAVATMAL', '', '', '7517068111', '0', NULL, 'VRUSHALI', '', '', '', '2024-25', 11, '2024-05-15 10:02:27', 8, NULL, 0, b'1', 0, 0),
(502, '', '', '', '2024-05-02', 23, 21, 0, 'NAYAN K JADHAO', 'male', 'HINDU', 'INDIAN', 'MARATHI', 'BANJARA', 'VJ', 'DARWHA', '', '0 years 0 months ', '2024-05-02', '', '', 'ENGLISH', '0', '', '', 'F', 'DARWHA', 'DARWHA', 'YAVATMAL', '', '', '7517068111', '0', NULL, 'KALPANA', '', '', '', '2024-25', 11, '2024-05-15 10:03:37', 8, NULL, 0, b'1', 0, 0),
(503, '', '', '', '2024-05-02', 23, 21, 0, 'ATHARV K KHODE', 'male', 'HINDU', 'INDIAN', 'MARATHI', 'KUNBI', 'OBC', 'DARWHA', '', '0 years 0 months ', '2024-05-02', '', '', 'ENGLISH', '0', '', '', 'K', 'DARWHA', 'DARWHA', 'YAVATMAL', '', '', '7517068111', '0', NULL, 'SHWETA', '', '', '', '2024-25', 11, '2024-05-15 10:04:38', 8, NULL, 0, b'1', 0, 0),
(504, '', '', '', '2024-05-02', 23, 21, 0, 'ISHANT M LIKHAR', 'male', 'HINDU', 'INDIAN', 'MARATHI', 'KOSHTI', 'SBC', 'DARWHA', '', '0 years 0 months ', '2024-05-02', '', '', 'ENGLISH', '0', '', '', 'M', 'DARWHA', 'DARWHA', 'YAVATMAL', '', '', '7517068111', '0', NULL, 'JYOTSNA', '', '', '', '2024-25', 11, '2024-05-15 10:07:07', 8, NULL, 0, b'1', 0, 0),
(505, '', '', '', '2024-05-02', 23, 21, 0, 'KUNAL A RATHOD', 'male', 'HINDU', 'INDIAN', 'MARATHI', 'BANJARA', 'VJ', 'DARWHA', '', '0 years 0 months ', '2024-05-02', '', '', 'ENGLISH', '0', '', '', 'A', 'DARWHA', 'DARWHA', 'YAVATMAL', '', '', '7517068111', '0', NULL, 'SONALI', '', '', '', '2024-25', 11, '2024-05-15 10:08:24', 8, NULL, 0, b'1', 0, 0),
(506, '', '', '', '2024-05-02', 23, 21, 0, 'PIYUSH MUKESH RATHOD', 'male', 'HINDU', 'INDIAN', 'MARATHI', 'BANJARA', 'OBC', 'DARWHA', '', '0 years 0 months ', '2024-05-02', '', '', 'ENGLISH', '0', '', '', 'MUKESH', 'DARWHA', 'DARWHA', 'YAVATMAL', '', '', '7517068111', '0', NULL, 'NISHA', '', '', '', '2024-25', 11, '2024-05-15 10:10:28', 8, NULL, 0, b'1', 0, 0),
(507, '', '', '', '2024-05-02', 23, 21, 0, 'PRATIK N SASANE', 'male', 'HINDU', 'INDIAN', 'MARATHI', 'ANDH', 'ST', 'DARWHA', '', '0 years 0 months ', '2024-05-02', '', '', 'ENGLISH', '0', '', '', 'N', 'DARWHA', 'DARWHA', 'YAVATMAL', '', '', '7517068111', '0', NULL, 'ARCHANA', '', '', '', '2024-25', 11, '2024-05-15 10:12:35', 8, NULL, 0, b'1', 0, 0),
(508, '', '', '', '2024-02-02', 23, 21, 0, 'SHIVAM P SARODE', 'male', 'HINDU', 'INDIAN', 'MARATHI', 'KUNBI', 'OBC', 'DARWHA', '', '0 years 0 months ', '2024-05-02', '', '', 'ENGLISH', '0', '', '', 'P', 'DARWHA', 'DARWHA', 'YAVATMAL', '', '', '7517068111', '0', NULL, 'MANISHA', '', '', '', '2024-25', 11, '2024-05-15 10:13:58', 8, NULL, 0, b'1', 0, 0),
(509, '', '', '', '2024-05-02', 23, 21, 0, 'HARSHAL SHIRBHATE', 'male', 'HINDU', 'INDIAN', 'MARATHI', 'TELI', 'OBC', 'DARWHA', '', '0 years 0 months ', '2024-05-02', '', '', 'ENGLISH', '0', '', '', 'F', 'DARWHA', '', 'YAVATMAL', '', '', '7517068111', '0', NULL, 'SAVITA', '', '', '', '2024-25', 11, '2024-05-15 10:14:58', 8, NULL, 0, b'1', 0, 0),
(510, '', '', '', '2024-05-02', 21, 25, 0, 'PARTH SANJAY ADE', 'male', 'HINDU', 'INDIAN', 'MARATHI', 'BANJARA', 'VJ', 'DARWHA', '', '11 years 4 months ', '2013-01-31', '', '', 'ENGLISH', '0', '', '', 'SANJAY', 'DARWHA', 'DARWHA', 'YAVATMAL', '', '', '7517068111', '0', NULL, 'VANITA', '', '', '', '2024-25', 11, '2024-05-16 02:49:40', 8, NULL, 0, b'1', 0, 0),
(511, '', '', '', '2024-05-02', 21, 25, 0, 'ANSH PANKAJ AMBEKAR', 'male', 'HINDU', 'INDIAN', 'MARATHI', 'MALI', 'OBC', 'DARWHA', '', '11 years 1 months ', '2013-04-13', '', '', 'ENGLISH', '0', '', '', 'PANKAJ', 'DARWHA', 'DARWHA', 'YAVATMAL', '', '', '7517068111', '0', NULL, 'MANISHA', '', '', '', '2024-25', 11, '2024-05-16 02:51:14', 8, NULL, 0, b'1', 0, 0),
(512, '', '', '', '2024-05-02', 21, 25, 0, 'ANASH ARUN BOBADE', 'male', 'HINDU', 'INDIAN', 'MARATHI', 'KUNBI', 'OBC', 'DARWHA', '', '10 years 11 months ', '2013-06-04', '', '', 'ENGLISH', '0', '', '', 'ARUN', 'DARWHA', 'DARWHA', 'YAVATMAL', '', '', '7517068111', '0', NULL, 'RUSHALI', '', '', '', '2024-25', 11, '2024-05-16 02:52:45', 8, NULL, 0, b'1', 0, 0),
(513, '', '', '', '2024-05-02', 21, 25, 0, 'JAY SAMADHAN BHAGAT', 'male', 'BOUDDHA', 'INDIAN', 'MARATHI', 'MAHAR', 'SC', 'DARWHA', '', '11 years 0 months ', '2013-05-05', '', '', 'ENGLISH', '0', '', '', 'KANCHAN', 'DARWHA', 'DARWHA', 'YAVATMAL', '', '', '7517068111', '0', NULL, 'KANCHAN', '', '', '', '2024-25', 11, '2024-05-16 02:54:33', 8, NULL, 0, b'1', 0, 0),
(514, '', '', '', '2024-05-02', 21, 25, 0, 'NEEL NITIN BHAGAT', 'male', 'BOUDDHA', 'INDIAN', 'MARATHI', 'MAHAR', 'SC', 'DARWHA', '', '11 years 3 months ', '2013-02-25', '', '', 'ENGLISH', '0', '', '', 'NITIN', 'DARWHA', 'DARWHA', 'YAVATMAL', '', '', '7517068111', '0', NULL, 'PRAJAKTA', '', '', '', '2024-25', 11, '2024-05-16 02:56:26', 8, NULL, 0, b'1', 0, 0),
(515, '', '', '', '2019-05-12', 21, 25, 0, 'AYUSH VIKAS CHAVHAN', 'male', 'HINDU', 'INDIAN', 'MARATHI', 'BANJARA', 'VJ', 'DARWHA', '', '0 years 0 months ', '2024-05-02', '', '', 'ENGLISH', '0', '', '', 'VIKAS', 'DARWHA', 'DARWHA', 'YAVATMAL', '', '', '7517068111', '0', NULL, 'KANTA', '', '', '', '2024-25', 11, '2024-05-16 02:58:12', 8, NULL, 0, b'1', 0, 0),
(516, '', '', '', '2024-05-02', 21, 25, 0, 'SAMADHAN AMOL CHAVHAN', 'male', 'HINDU', 'INDIAN', 'MARATHI', 'BANJARA', 'VJ', 'DARWHA', '', '11 years 11 months ', '2012-06-11', '', '', 'ENGLISH', '0', '', '', 'AMOL', 'DARWHA', 'DARWHA', 'YAVATMAL', '', '', '7517068111', '0', NULL, 'VANDANA', '', '', '', '2024-25', 11, '2024-05-16 02:59:54', 8, NULL, 0, b'1', 0, 0),
(517, '', '', '', '2019-05-12', 21, 25, 0, 'SHYAM AMOL CHAVHAN', 'male', 'HINDU', 'INDIAN', 'MARATHI', 'BANJARA', 'VJ', 'DARWHA', '', '11 years 11 months ', '2012-06-11', '', '', 'ENGLISH', '0', '', '', 'AMOL', 'DARWHA', 'DARWHA', 'YAVATMAL', '', '', '7517068111', '0', NULL, 'VANDANA', '', '', '', '2024-25', 11, '2024-05-16 03:01:15', 8, NULL, 0, b'1', 0, 0),
(518, '', '', '', '2019-05-14', 21, 25, 0, 'DEEP GOPAL DANGRA', 'male', 'HINDU', 'INDIAN', 'MARATHI', 'MARWADI', 'OPEN', 'DARWHA', '', '10 years 11 months ', '2013-06-29', '', '', 'ENGLISH', '0', '', '', 'GOPAL', 'DARWHA', 'DARWHA', 'YAVATMAL', '', '', '7517068111', '0', NULL, 'KOMAL', '', '', '', '2024-25', 11, '2024-05-16 03:03:26', 8, NULL, 0, b'1', 0, 0),
(519, '', '', '', '2024-05-02', 21, 25, 0, 'ADITYA PRADIP DUDHE', 'male', 'HINDU', 'INDIAN', 'MARATHI', 'BARI', 'OBC', 'DARWHA', '', '11 years 2 months ', '2013-03-19', '', '', 'ENGLISH', '0', '', '', 'PRADIP', 'DARWHA', 'DARWHA', 'YAVATMAL', '', '', '7517068111', '0', NULL, 'ARCHANA', '', '', '', '2024-25', 11, '2024-05-16 03:05:02', 8, NULL, 0, b'1', 0, 0),
(520, '', '', '', '2019-05-15', 21, 25, 0, 'AKSHAY GOPAL GULHANE', 'male', 'HINDU', 'INDIAN', 'MARATHI', 'TELI', 'OBC', 'DARWHA', '', '10 years 10 months ', '2013-07-30', '', '', 'ENGLISH', '0', '', '', 'GOPAL', 'DARWHA', 'DARWHA', 'YAVATMAL', '', '', '7517068111', '0', NULL, 'ANJALI', '', '', '', '2024-25', 11, '2024-05-16 03:14:59', 8, NULL, 0, b'1', 0, 0),
(521, '', '', '', '2024-05-02', 21, 25, 0, 'TANMAY VIJAY GULHANE', 'male', 'HINDU', 'INDIAN', 'MARATHI', 'TELI', 'OBC', 'DARWHA', '', '10 years 8 months ', '2013-09-09', '', '', 'ENGLISH', '0', '', '', 'VIJAY', 'DARWHA', 'DARWHA', 'YAVATMAL', '', '', '7517068111', '0', NULL, 'SHUBHANGI', '', '', '', '2024-25', 11, '2024-05-16 03:17:40', 8, NULL, 0, b'1', 0, 0),
(522, '', '', '', '2019-04-23', 21, 25, 0, 'SHRAVAL PRAFUL INGOLE', 'male', 'HINDU', 'INDIAN', 'MARATHI', 'PRIYA', 'SC', 'DARWHA', '', '12 years 3 months ', '2012-12-12', '', '', 'ENGLISH', '0', '', '', 'PRAFUL', 'DARWHA', '', 'YAVATMAL', '', '', '7517068111', '0', NULL, 'PRYA', '', '', '', '2024-25', 11, '2024-05-16 03:20:06', 8, NULL, 0, b'1', 0, 0),
(523, '', '', '', '2019-04-23', 21, 25, 0, 'OM SACHIN KOLPE', 'male', 'HINDU', 'INDIAN', 'MARATHI', 'KUNBI', 'OBC', 'DARWHA', '', '11 years 10 months ', '2012-07-05', '', '', 'ENGLISH', '0', '', '', 'SACHIN', 'DARWHA', 'DARWHA', 'YAVATMAL', '', '', '7517068111', '0', NULL, 'UJJWALA', '', '', '', '2024-25', 11, '2024-05-16 03:22:16', 8, NULL, 0, b'1', 0, 0),
(524, '', '', '', '2019-04-23', 21, 25, 0, 'ANSH SACHIN KADAM', 'male', 'HINDU', 'INDIAN', 'MARATHI', 'KUNBI', 'OBC', 'DARWHA', '', '11 years 3 months ', '2013-02-28', '', '', 'ENGLISH', '0', '', '', 'SACHIN', 'DARWHA', 'DARWHA', 'YAVATMAL', '', '', '7517068111', '0', NULL, 'SACHIN', '', '', '', '2024-25', 11, '2024-05-16 03:24:37', 8, NULL, 0, b'1', 0, 0),
(525, '', '', '', '2019-05-11', 21, 25, 0, 'AYAN ZAID KHAN', 'male', 'MUSLIM', 'INDIAN', 'URDU', 'MUSLIM', 'OPEN', 'DARWHA', '', '12 years 5 months ', '2012-10-26', '', '', 'ENGLISH', '0', '', '', 'ZAID', 'DARWHA', 'DARWHA', 'YAVATMAL', '', '', '7517068111', '0', NULL, 'FARAMA FATEMA', '', '', '', '2024-25', 11, '2024-05-16 03:26:57', 8, NULL, 0, b'1', 0, 0),
(526, '', '', '', '2024-05-02', 21, 25, 0, 'FARZAIN KHAN SAJID KHAN', 'male', 'ISLAM', 'INDIAN', 'URDU', 'MUSLIM', 'OPEN', 'DARWHA', '', '12 years 4 months ', '2012-01-16', '', '', 'ENGLISH', '0', '', '', 'SAJID KHAN', 'DARWHA', 'DARWHA', 'YAVATMAL', '', '', '7517068111', '0', NULL, 'TABASUMM', '', '', '', '2024-25', 11, '2024-05-16 03:29:24', 8, NULL, 0, b'1', 0, 0),
(527, '', '', '', '2019-04-23', 21, 25, 0, 'HASHIR AHEMAD KHAN', 'male', 'ISLAM', 'INDIAN', 'URDU', 'MUSLIM', 'OPEN', 'DARWHA', '', '11 years 11 months ', '2012-06-12', '', '', 'ENGLISH', '0', '', '', 'AHEMAD', 'DARWHA', '', 'YAVATMAL', '', '', '7517068111', '0', NULL, 'ZEBA', '', '', '', '2024-25', 11, '2024-05-16 03:31:38', 8, NULL, 0, b'1', 0, 0),
(528, '', '', '', '2019-05-12', 21, 25, 0, 'IFRAN KHAN IKRAM KHAN', 'male', 'ISLAM', 'INDIAN', 'URDU', 'MUSLIM', 'OPEN', 'DARWHA', '', '10 years 8 months ', '2013-09-19', '', '', 'ENGLISH', '0', '', '', 'IKRAM KHAN', 'DARWHA', 'DARWHA', '', '', '', '7517068111', '0', NULL, 'AFREEN', '', '', '', '2024-25', 11, '2024-05-16 03:34:02', 8, NULL, 0, b'1', 0, 0),
(529, '', '', '', '2019-05-11', 21, 25, 0, 'MOHSIN KHAN YARMOHAMMAD KHAN', 'male', 'ISLAM', 'INDIAN', 'URDU', 'MUSLIM', 'OPEN', 'DARWHA', '', '10 years 10 months ', '2013-07-05', '', '', 'ENGLISH', '0', '', '', 'YARMOHAMMAD', 'DARWHA', '', 'YAVATMAL', '', '', '7517068111', '0', NULL, 'NAJRIN', '', '', '', '2024-25', 11, '2024-05-16 03:36:10', 8, NULL, 0, b'1', 0, 0),
(530, '', '', '', '2024-05-02', 21, 25, 0, 'UMAIR WAJID KHAN', 'male', 'ISLAM', 'INDIAN', 'URDU', 'MUSLIM', 'OPEN', 'DARWHA', '', '12 years 10 months ', '2011-07-11', '', '', 'ENGLISH', '0', '', '', 'WAJID', 'DARWHA', 'DARWHA', 'YAVATMAL', '', '', '7517068111', '0', NULL, 'RUBINA', '', '', '', '2024-25', 11, '2024-05-16 03:37:29', 8, NULL, 0, b'1', 0, 0),
(531, '', '', '', '2024-05-02', 21, 25, 0, 'MAAZ KHAN MIRDAD KHAN', 'male', 'ISLAM', 'INDIAN', 'URDU', 'MUSLIM', 'OPEN', 'DARWHA', '', '11 years 4 months ', '2013-11-19', '', '', 'ENGLISH', '0', '', '', 'MIRDAD KHAN', 'DARWHA', 'DARWHA', 'YAVATMAL', '', '', '7517068111', '0', NULL, 'ZEENAT', '', '', '', '2024-25', 11, '2024-05-16 03:41:08', 8, NULL, 0, b'1', 0, 0),
(532, '', '', '', '2024-05-02', 21, 25, 0, 'SAMAR KHAN JAVED KHAN', 'male', 'ISLAM', 'INDIAN', 'URDU', 'MUSLIM', 'OPEN', 'DARWHA', '', '11 years 5 months ', '2013-10-19', '', '', 'ENGLISH', '0', '', '', 'JAVED KHAN', 'DARWHA', 'DARWHA', 'YAVATMAL', '', '', '7517068111', '0', NULL, 'ARFANA', '', '', '', '2024-25', 11, '2024-05-16 04:18:37', 8, NULL, 0, b'1', 0, 0),
(533, '', '', '', '2019-05-12', 21, 25, 0, 'ZISHAN KHAN MAZHAR KHAN', 'male', 'ISLAM', 'INDIAN', 'URDU', 'MUSLIM', 'OPEN', 'DARWHA', '', '11 years 3 months ', '2013-02-11', '', '', 'ENGLISH', '0', '', '', 'MAZHAR KHAN', 'DARWHA', 'DARWHA', 'YAVATMAL', '', '', '7517068111', '0', NULL, 'SHAGUFTA', '', '', '', '2024-25', 11, '2024-05-16 04:20:50', 8, NULL, 0, b'1', 0, 0),
(534, '', '', '', '2024-05-02', 21, 25, 0, 'ABUZAR KHAN AKHTAR KHAN', 'male', 'ISLAM', 'INDIAN', 'URDU', 'MUSLIM', 'OPEN', 'DARWHA', '', '11 years 4 months ', '2013-01-22', '', '', 'ENGLISH', '0', '', '', 'AKHTAR KHAN', 'DARWHA', 'DARWHA', 'YAVATMAL', '', '', '7517068111', '0', NULL, 'NASREEN', '', '', '', '2024-25', 11, '2024-05-16 04:22:28', 8, NULL, 0, b'1', 0, 0),
(535, '', '', '', '2019-05-12', 21, 25, 0, 'HASNAIN KHAN SHERDAD KHAN ', 'male', 'ISLAM', 'INDIAN', 'URDU', 'MUSLIM', 'OPEN', 'DARWHA', '', '11 years 11 months ', '2012-06-11', '', '', 'ENGLISH', '0', '', '', 'SHERDAD KHAN', 'DARWHA', 'DARWHA', 'YAVATMAL', '', '', '7517068111', '0', NULL, 'RUMANA', '', '', '', '2024-25', 11, '2024-05-16 04:24:04', 8, NULL, 0, b'1', 0, 0),
(536, '', '', '', '2024-05-02', 21, 25, 0, 'AZARUDDIN SALIM KHWAJA', 'male', 'ISLAM', 'INDIAN', 'URDU', 'MUSLIM', 'OPEN', 'DARWHA', '', '11 years 11 months ', '2012-06-20', '', '', 'ENGLISH', '0', '', '', 'AZRUDDIN', 'DARWHA', 'DARWHA', 'YAVATMAL', '', '', '7517068111', '0', NULL, 'RAZIYA', '', '', '', '2024-25', 11, '2024-05-16 04:26:26', 8, NULL, 0, b'1', 0, 0);
INSERT INTO `student` (`student_id`, `registration_no`, `aadhar_no`, `saral_id`, `register_date`, `class_id`, `section_id`, `rte_applicable`, `fullname`, `gender`, `religion`, `nationality`, `mother_tounge`, `caste`, `category`, `place_of_birth`, `image`, `age`, `dob`, `last_school`, `last_class`, `last_medium`, `is_last_school_recognize`, `sought_admission_in_class`, `medium`, `father_name`, `at_post`, `tahsil`, `dist`, `occupation`, `ph_no`, `mobile_no`, `parent_on_service`, `office_address_phone_no`, `mother_full_name`, `annual_income`, `local_address`, `relation_ship_with_parent`, `academic_year`, `session_id`, `created_at`, `created_by`, `modified_at`, `modified_by`, `is_active`, `old_fees`, `paid_fees`) VALUES
(537, '', '', '', '2024-05-02', 21, 25, 0, 'NIZAMUDDIN SALIM KHWAJA', 'male', 'ISLAM', 'INDIAN', 'URDU', 'MUSLIM', 'OPEN', 'DARWHA', '', '11 years 11 months ', '2012-06-20', '', '', 'ENGLISH', '0', '', '', 'SALIM', 'DARWHA', 'DARWHA', 'YAVATMAL', '', '', '7517068111', '0', NULL, 'SHAHNAJ', '', '', '', '2024-25', 11, '2024-05-16 04:28:30', 8, NULL, 0, b'1', 0, 0),
(538, '', '', '', '2019-05-14', 21, 25, 0, 'TUSHAR SANTOSH LASANKAR', 'male', 'ISLAM', 'INDIAN', 'URDU', 'MUSLIM', 'OPEN', 'DARWHA', '', '12 years 3 months ', '2012-02-15', '', '', 'ENGLISH', '0', '', '', 'SANTOSH', 'DARWHA', 'DARWHA', 'YAVATMAL', '', '', '7517068111', '0', NULL, 'SWATI', '', '', '', '2024-25', 11, '2024-05-16 04:30:17', 8, NULL, 0, b'1', 0, 0),
(539, '', '', '', '2019-05-12', 21, 25, 0, 'MOHD AFFAN MOHD AZIM', 'male', 'ISLAM', 'INDIAN', 'URDU', 'MUSLIM', 'OPEN', 'DARWHA', '', '10 years 11 months ', '2013-06-11', '', '', 'ENGLISH', '0', '', '', 'MOHD AZIM', 'DARWHA', 'DARWHA', 'YAVATMAL', '', '', '7517068111', '0', NULL, 'SHAHA', '', '', '', '2024-25', 11, '2024-05-16 04:32:11', 8, NULL, 0, b'1', 0, 0),
(540, '', '', '', '2024-02-02', 21, 25, 0, 'MOHD AZEEM ANWAR ISANI', 'male', 'ISLAM', 'INDIAN', 'URDU', 'MUSLIM', 'OPEN', 'DARWHA', '', '10 years 9 months ', '2013-08-25', '', '', 'ENGLISH', '0', '', '', 'ANWAR ISANI', 'DARWHA', '', 'YAVATMAL', '', '', '7517068111', '0', NULL, 'ASMA', '', '', '', '2024-25', 11, '2024-05-16 04:34:34', 8, NULL, 0, b'1', 0, 0),
(541, '', '', '', '2024-05-02', 21, 25, 0, 'MOHD SUHAN SALIM MEMAN', 'male', 'ISLAM', 'INDIAN', 'URDU', 'KACCHI', 'OBC', 'DARWHA', '', '11 years 4 months ', '2013-11-04', '', '', 'ENGLISH', '0', '', '', 'SALIM MEMAN', 'DARWHA', 'DARWHA', 'YAVATMAL', '', '', '7517068111', '0', NULL, 'SANA', '', '', '', '2024-25', 11, '2024-05-16 04:36:05', 8, NULL, 0, b'1', 0, 0),
(542, '', '', '', '2019-05-12', 21, 25, 0, 'SAMRAT SANJAY PAWAR', 'male', 'HINDU', 'INDIAN', 'MARATHI', 'BANJARA', 'VJ', 'DARWHA', '', '11 years 8 months ', '2012-09-27', '', '', 'ENGLISH', '0', '', '', 'SANJAY', 'DARWHA', 'DARWHA', 'YAVATMAL', '', '', '7517068111', '0', NULL, 'NANDA', '', '', '', '2024-25', 11, '2024-05-16 04:37:33', 8, NULL, 0, b'1', 0, 0),
(543, '', '', '', '2019-05-11', 21, 25, 0, 'ARNAV KRISHNA RATHOD', 'male', 'HINDU', 'INDIAN', 'MARATHI', 'BANJARA', 'VJ', 'DARWHA', '', '10 years 9 months ', '2013-08-28', '', '', 'ENGLISH', '0', '', '', 'KRISHNA', 'DARWHA', 'DARWHA', 'YAVATMAL', '', '', '7517068111', '0', NULL, 'SHITAL', '', '', '', '2024-25', 11, '2024-05-16 04:39:22', 8, NULL, 0, b'1', 0, 0),
(544, '', '', '', '2024-05-02', 21, 25, 0, 'DIGAMBAR SANTOSH  RATHOD', 'male', 'HINDU', 'INDIAN', 'MARATHI', 'BANJARA', 'VJ', 'DARWHA', '', '12 years 3 months ', '2012-02-07', '', '', 'ENGLISH', '0', '', '', 'SANTOSH', 'DARWHA', 'DARWHA', 'YAVATMAL', '', '', '7517068111', '0', NULL, 'SONU', '', '', '', '2024-25', 11, '2024-05-16 04:56:21', 8, NULL, 0, b'1', 0, 0),
(545, '', '', '', '2024-05-02', 21, 25, 0, 'RAJESH UDAYSING RATHOD', 'male', 'HINDU', 'INDIAN', 'MARATHI', 'BANJARA', 'VJ', 'DARWHA', '', '12 years 8 months ', '2011-09-25', '', '', 'ENGLISH', '0', '', '', 'UDAYSING', 'DARWHA', 'DARWHA', 'YAVATMAL', '', '', '7517068111', '0', NULL, 'SADHANA', '', '', '', '2024-25', 11, '2024-05-16 04:58:45', 8, NULL, 0, b'1', 0, 0),
(546, '', '', '', '2019-06-28', 21, 25, 0, 'ARADHYA CHARUDATTA RAGHORTE', 'male', 'HINDU', 'INDIAN', 'MARATHI', 'KUNBI', 'OBC', 'DARWHA', '', '11 years 4 months ', '2013-01-12', '', '', 'ENGLISH', '0', '', '', 'CHARUDATTA', 'DARWHA', 'DARWHA', 'YAVATMAL', '', '', '7517068111', '0', NULL, 'CHITRA', '', '', '', '2024-25', 11, '2024-05-16 05:00:19', 8, NULL, 0, b'1', 0, 0),
(547, '', '', '', '2019-05-12', 21, 25, 0, 'KHUSHAL KISHOR SARTABE', 'male', 'HINDU', 'INDIAN', 'MARATHI', 'KUNBI', 'OBC', 'DARWHA', '', '10 years 9 months ', '2013-08-03', '', '', 'ENGLISH', '0', '', '', 'KISHOR', 'DARWHA', 'DARWHA', '', '', '', '7517068111', '0', NULL, 'SHITAL', '', '', '', '2024-25', 11, '2024-05-16 05:01:31', 8, NULL, 0, b'1', 0, 0),
(548, '2093', '779999163609', '', '2020-07-11', 21, 26, 0, 'AARADHYA SANDIP BELE', 'Female', 'HINDU', 'INDIAN', 'MARATHI', 'BARI', 'OBC', 'DARWHA', '', '6 years 2 months ', '2018-03-27', '', '', 'ENGLISH', '', '', '', 'SANDIP', 'DARWHA', 'DARWHA', 'YAVATMAL', '', '', '7387726183', NULL, '', 'VIJAY', '', '', '', '2024-25', 11, '2024-05-30 02:48:29', 8, '2024-05-30 08:56:09', 8, b'1', 0, 0),
(549, '1968', '911340024556', '', '2019-05-11', 21, 26, 0, 'YASHASHRI AMOL BHOYAR', 'Female', 'HINDU', 'INDIAN', 'MARATHI', 'KUNBI', 'OBC', 'DARWHA', '', '12 years 4 months ', '2012-12-31', '', '', 'ENGLISH', '', '', '', 'AMOL', 'DARWHA', 'DARWHA', 'YAVATMAL', '', '', '9657870301', NULL, '', 'TEJASWINI', '', '', '', '2024-25', 11, '2024-05-30 02:50:40', 8, '2024-05-30 08:56:34', 8, b'1', 0, 0),
(550, '1978', '000000000000', '', '2019-05-11', 21, 26, 0, 'AARADHYA RUPESH CHAVHAN', 'Female', 'HINDU', 'INDIAN', 'MARATHI', 'RAJPUT', 'OPEN', 'DARWHA', '', '5 years 1 months ', '2019-05-11', '', '', 'ENGLISH', '', '', '', 'SONALI', 'DARWHA', 'DARWHA', 'YAVATMAL', '', '', '9527600527', NULL, '', 'SONALI', '', '', '', '2024-25', 11, '2024-05-30 02:52:55', 8, '2024-05-30 08:57:52', 8, b'1', 0, 0),
(551, '2015', '000000000000', '', '2019-05-13', 21, 26, 0, 'KHUSHI MANFUL CHOUDHARY', 'Female', 'HINDU', 'INDIAN', 'HINDI', 'RAJPUT', 'OBC', 'DARWHA', '', '10 years 12 months ', '2013-06-26', '', '', 'ENGLISH', '', '', '', 'MANFUL', 'DARWHA', 'DARWHA', 'YAVATMAL', '', '', '9922875292', NULL, '', 'MAMTA', '', '', '', '2024-25', 11, '2024-05-30 02:55:05', 8, '2024-05-30 08:58:53', 8, b'1', 0, 0),
(552, '', '554319339553', '', '2019-05-13', 21, 26, 0, 'RIYA RAMESH CHAVHAN', 'Female', 'HINDU', 'INDIAN', 'MARATHI', 'BANJARA', 'VJ', 'DARWHA', '', '11 years 1 months ', '2013-05-30', '', '', 'ENGLISH', '', '', '', 'RAMESH', 'DARWHA', 'DARWHA', 'YAVATMAL', '', '', '9822844641', NULL, '', 'SUVARNA', '', '', '', '2024-25', 11, '2024-05-30 02:57:58', 8, '2024-05-30 08:59:29', 8, b'1', 0, 0),
(553, '2022', '335160595708', '', '0019-02-15', 21, 26, 0, 'MONAL RAJESH DANGRA', 'Female', 'HINDU', 'INDIAN', 'HINDI', 'MARWADI', 'OPEN', 'DARWHA', '', '11 years 9 months ', '2012-08-08', '', '', 'ENGLISH', '', '', '', 'RAJESH', 'DARWHA', 'DARWHA', 'YAVATMAL', '', '', '9922661024', NULL, '', 'PUJA', '', '', '', '2024-25', 11, '2024-05-30 03:00:32', 8, '2024-05-31 08:56:03', 8, b'1', 0, 0),
(554, '1964', '348752520870', '', '2019-06-28', 21, 26, 0, 'JANHVI RAM DESHMUKH', 'female', 'BOUDDHA', 'INDIAN', 'MARATHI', 'MAHAR', 'SC', 'DARWHA', '', '6 years 5 months ', '2018-01-31', '', '', 'ENGLISH', '', '', '', 'SIDDHARTH', 'DARWHA', 'DARWHA', 'YAVATMAL', '', '', '8263073117', NULL, '', 'SUSHILA', '', '', '', '2024-25', 11, '2024-05-30 03:04:11', 8, '2024-05-31 08:58:29', 8, b'1', 0, 0),
(555, '2014', '393775307014', '', '2019-05-13', 21, 26, 0, 'LAVANYA BHASKAR DEULKAR', 'Female', 'HINDU', 'INDIAN', 'MARATHI', 'TELI', 'OBC', 'DARWHA', '', '12 years 6 months ', '2012-10-22', '', '', 'ENGLISH', '', '', '', 'BHASKAR', 'DARWHA', 'DARWHA', 'YAVATMAL', '', '', '9665833342', NULL, '', 'PRATIBHA', '', '', '', '2024-25', 11, '2024-05-30 03:07:11', 8, '2024-05-31 08:57:58', 8, b'1', 0, 0),
(556, '1961', '317336719534', '', '2019-05-11', 22, 24, 0, 'SACHI RAVINDRA DUDHE', 'female', 'HINDU', 'INDIAN', 'MARATHI', 'BARI', 'OBC', 'DARWHA', '', '10 years 11 months ', '2013-07-02', '', '', 'ENGLISH', '0', '', '', 'RAVINDRA', 'DARWHA', 'DARWHA', 'YAVATMAL', '', '', '9096406961', '0', NULL, 'SONU', '', '', '', '2024-25', 11, '2024-05-30 03:09:36', 8, NULL, 0, b'1', 0, 0),
(557, '1990', '417411640687', '', '2019-12-05', 22, 24, 0, 'DAKSHA PRAMOD GANDHE', 'female', 'HINDU', 'INDIAN', 'MARATHI', 'DHANGAR', 'NT', 'DARWHA', '', '11 years 0 months ', '2013-05-07', '', '', 'ENGLISH', '0', '', '', 'PRAMOD', 'DARWHA', 'DARWHA', 'YAVATMAL', '', '', '7447040084', '0', NULL, 'VARSHA', '', '', '', '2024-25', 11, '2024-05-30 03:11:59', 8, NULL, 0, b'1', 0, 0),
(558, '', '', '', '2019-05-12', 21, 26, 0, 'JANHVI SANJAY INZALKAR', 'female', 'HINDU', 'INDIAN', 'MARATHI', 'KUNBI', 'OBC', 'DARWHA', '', '11 years 2 months ', '2013-03-08', '', '', 'ENGLISH', '0', '', '', 'SANJAY', 'DARWHA', 'DARWHA', 'YAVATMAL', '', '', '8799930850', '0', NULL, 'SIMPAL', '', '', '', '2024-25', 11, '2024-05-30 03:20:15', 8, NULL, 0, b'1', 0, 0),
(559, '2057', '', '', '2019-07-06', 21, 26, 0, 'SAMRUDDHI UMESH IRWE ', 'female', 'HINDU', 'INDIAN', 'MARATHI', 'KHATIK', 'SC', 'DARWHA', '', '11 years 9 months ', '2012-09-30', '', '', 'ENGLISH', '0', '', '', 'UMESH', 'DARWHA', 'DARWHA', 'YAVATMAL', '', '', '7020964731', '0', NULL, 'SUSHMA', '', '', '', '2024-25', 11, '2024-05-30 03:25:42', 8, NULL, 0, b'1', 0, 0),
(560, '', '231481404712', '', '2019-07-06', 21, 26, 0, 'SHREYA BAJARANG JADHAV', 'female', 'HINDU', 'INDIAN', 'MARATHI', 'BANJARA', 'VJ', 'DARWHA', '', '10 years 9 months ', '2013-08-08', '', '', 'ENGLISH', '0', '', '', 'BAJRANG', 'DARWHA', 'DARWHA', 'YAVATMAL', '', '', '9404005397', '0', NULL, 'JAYSHRI', '', '', '', '2024-25', 11, '2024-05-31 03:25:22', 8, NULL, 0, b'1', 0, 0),
(561, '1953', '393775307014', '', '2019-06-28', 21, 26, 0, 'SHRAVASTI SIDDHARTH DESHPANDE', 'female', 'BOUDDHA', 'INDIAN', 'MARATHI', 'MAHAR', 'SC', 'DARWHA', '', '11 years 5 months ', '2013-01-31', '', '', 'ENGLISH', '0', '', '', 'SIDDHARTH', 'DARWHA', 'DARWHA', 'YAVATMAL', '', '', '8263073117', '0', NULL, 'SUSHILA', '', '', '', '2024-25', 11, '2024-05-31 03:33:16', 8, NULL, 0, b'1', 0, 0),
(562, '', '842179908598', '', '2019-07-06', 23, 21, 0, 'TANISHKA UMESH KALE', 'Female', 'HINDU', 'INDIAN', 'MARATHI', 'KUNBI', 'OBC', 'DARWHA', '', '11 years 4 months ', '2013-02-22', '', '', 'ENGLISH', '', '', '', 'UMESH', 'DARWHA', 'DARWHA', 'YAVATMAL', '', '', '9604096097', NULL, '', 'NEHA', '', '', '', '2024-25', 11, '2024-05-31 03:37:08', 8, '2024-08-30 01:47:31', 1, b'1', 0, 0),
(563, '2025', '', '', '2019-07-06', 21, 26, 0, 'SAI VILAS KARALE', 'female', 'HINDU', 'INDIAN', 'MARATHI', 'KHATIK', 'SC', 'DARWHA', '', '10 years 11 months ', '2013-07-25', '', '', 'ENGLISH', '0', '', '', 'VILAS', 'DARWHA', 'DARWHA', 'YAVATMAL', '', '', '9921821376', '0', NULL, 'PALLAVI', '', '', '', '2024-25', 11, '2024-05-31 03:39:54', 8, NULL, 0, b'1', 0, 0),
(564, '6528', '782937883672', '7289383765410983', '2024-08-26', 24, 19, 0, 'Raj Varma', 'male', 'Yavatmal', 'Indian', 'Marathi', 'Open', 'Open', 'Yavatmal', '', '7 years 7 months ', '2017-01-19', 'ZP School, Darwha', '1', 'English', '0', '', '', 'Anil Varma', 'Yavatmal', 'Yavatmal', 'Yavatmal', 'Police', '8726738383', '9832557687', '1', 'Yavatmal', 'Neha', '100000', 'Yavatmal', 'Father', '2025-26', 14, '2024-08-29 14:19:34', 1, NULL, 0, b'1', 0, 0),
(565, '6528', '782937883672', '7289383765410983', '2024-08-14', 24, 19, 0, 'Soham Sharma', 'male', 'Yavatmal', 'Indian', 'Marathi', 'Open', 'Open', 'Yavatmal', '', '', '2018-07-25', 'ZP School, Darwha', '1', 'English', '0', '', '', 'Anil Sharma', 'Yavatmal', 'Yavatmal', 'Yavatmal', 'Police', '8726738383', '9832557687', '0', NULL, 'Neha', '100000', 'Yavatmal', 'Father', '2025-26', 14, '2024-08-30 13:43:16', 1, NULL, 0, b'1', 0, 0),
(566, '6528', '782937883672', '7289383765410983', '2024-09-02', 26, 14, 0, 'Soham Sharma', 'male', 'Yavatmal', 'Indian', 'Marathi', 'Open', 'Open', 'Yavatmal', '', '6 years 8 months ', '2018-01-18', 'ZP School, Darwha', 'KG II', 'English', '0', '', '', 'Anil Sharma', 'Yavatmal', 'Yavatmal', 'Yavatmal', 'Police', '8726738383', '9832557687', '0', NULL, 'Neha', '100000', 'Yavatmal', 'Father', '2024-25', 11, '2024-09-04 14:54:50', 2, NULL, 0, b'1', 0, 0);

-- --------------------------------------------------------

--
-- Table structure for table `student_attendance`
--

CREATE TABLE `student_attendance` (
  `attendance_id` int(11) NOT NULL,
  `student_id` int(12) NOT NULL,
  `class_id` int(12) NOT NULL,
  `section_id` varchar(2) DEFAULT NULL,
  `session_id` int(255) NOT NULL,
  `date` datetime NOT NULL,
  `attendance_status` int(11) NOT NULL,
  `statusID` int(1) NOT NULL,
  `created_by` int(11) NOT NULL DEFAULT 0,
  `created_at` timestamp NOT NULL DEFAULT current_timestamp(),
  `modified_by` int(11) DEFAULT NULL,
  `modified_at` timestamp NULL DEFAULT NULL
) ENGINE=InnoDB DEFAULT CHARSET=utf8mb4 COLLATE=utf8mb4_general_ci;

--
-- Dumping data for table `student_attendance`
--

INSERT INTO `student_attendance` (`attendance_id`, `student_id`, `class_id`, `section_id`, `session_id`, `date`, `attendance_status`, `statusID`, `created_by`, `created_at`, `modified_by`, `modified_at`) VALUES
(1, 172, 24, '20', 11, '2024-09-01 00:00:00', 1, 1, 1, '2024-09-22 14:12:10', NULL, NULL),
(2, 173, 24, '20', 11, '2024-09-01 00:00:00', 0, 1, 1, '2024-09-22 14:12:10', NULL, NULL),
(3, 174, 24, '20', 11, '2024-09-01 00:00:00', 1, 1, 1, '2024-09-22 14:12:10', NULL, NULL),
(4, 175, 24, '20', 11, '2024-09-01 00:00:00', 1, 1, 1, '2024-09-22 14:12:10', NULL, NULL),
(5, 176, 24, '20', 11, '2024-09-01 00:00:00', 0, 1, 1, '2024-09-22 14:12:10', NULL, NULL),
(6, 177, 24, '20', 11, '2024-09-01 00:00:00', 1, 1, 1, '2024-09-22 14:12:10', NULL, NULL),
(7, 178, 24, '20', 11, '2024-09-01 00:00:00', 1, 1, 1, '2024-09-22 14:12:10', NULL, NULL),
(8, 179, 24, '20', 11, '2024-09-01 00:00:00', 0, 1, 1, '2024-09-22 14:12:10', NULL, NULL),
(9, 180, 24, '20', 11, '2024-09-01 00:00:00', 1, 1, 1, '2024-09-22 14:12:10', NULL, NULL),
(10, 181, 24, '20', 11, '2024-09-01 00:00:00', 1, 1, 1, '2024-09-22 14:12:10', NULL, NULL),
(11, 182, 24, '20', 11, '2024-09-01 00:00:00', 1, 1, 1, '2024-09-22 14:12:10', NULL, NULL),
(12, 183, 24, '20', 11, '2024-09-01 00:00:00', 1, 1, 1, '2024-09-22 14:12:10', NULL, NULL),
(13, 184, 24, '20', 11, '2024-09-01 00:00:00', 1, 1, 1, '2024-09-22 14:12:10', NULL, NULL),
(14, 185, 24, '20', 11, '2024-09-01 00:00:00', 1, 1, 1, '2024-09-22 14:12:10', NULL, NULL),
(15, 186, 24, '20', 11, '2024-09-01 00:00:00', 1, 1, 1, '2024-09-22 14:12:10', NULL, NULL),
(16, 187, 24, '20', 11, '2024-09-01 00:00:00', 1, 1, 1, '2024-09-22 14:12:10', NULL, NULL),
(17, 188, 24, '20', 11, '2024-09-01 00:00:00', 1, 1, 1, '2024-09-22 14:12:10', NULL, NULL),
(18, 189, 24, '20', 11, '2024-09-01 00:00:00', 1, 1, 1, '2024-09-22 14:12:10', NULL, NULL),
(19, 190, 24, '20', 11, '2024-09-01 00:00:00', 1, 1, 1, '2024-09-22 14:12:10', NULL, NULL),
(20, 191, 24, '20', 11, '2024-09-01 00:00:00', 0, 1, 1, '2024-09-22 14:12:10', NULL, NULL),
(21, 192, 24, '20', 11, '2024-09-01 00:00:00', 1, 1, 1, '2024-09-22 14:12:10', NULL, NULL),
(22, 193, 24, '20', 11, '2024-09-01 00:00:00', 1, 1, 1, '2024-09-22 14:12:10', NULL, NULL),
(23, 194, 24, '20', 11, '2024-09-01 00:00:00', 1, 1, 1, '2024-09-22 14:12:10', NULL, NULL),
(24, 195, 24, '20', 11, '2024-09-01 00:00:00', 1, 1, 1, '2024-09-22 14:12:10', NULL, NULL),
(25, 196, 24, '20', 11, '2024-09-01 00:00:00', 0, 1, 1, '2024-09-22 14:12:10', NULL, NULL),
(26, 197, 24, '20', 11, '2024-09-01 00:00:00', 1, 1, 1, '2024-09-22 14:12:10', NULL, NULL),
(27, 198, 24, '20', 11, '2024-09-01 00:00:00', 1, 1, 1, '2024-09-22 14:12:10', NULL, NULL),
(28, 199, 24, '20', 11, '2024-09-01 00:00:00', 0, 1, 1, '2024-09-22 14:12:10', NULL, NULL),
(29, 200, 24, '20', 11, '2024-09-01 00:00:00', 1, 1, 1, '2024-09-22 14:12:10', NULL, NULL),
(30, 201, 24, '20', 11, '2024-09-01 00:00:00', 1, 1, 1, '2024-09-22 14:12:10', NULL, NULL),
(31, 202, 24, '20', 11, '2024-09-01 00:00:00', 1, 1, 1, '2024-09-22 14:12:10', NULL, NULL),
(32, 203, 24, '20', 11, '2024-09-01 00:00:00', 1, 1, 1, '2024-09-22 14:12:10', NULL, NULL),
(33, 204, 24, '20', 11, '2024-09-01 00:00:00', 1, 1, 1, '2024-09-22 14:12:10', NULL, NULL),
(34, 205, 24, '20', 11, '2024-09-01 00:00:00', 1, 1, 1, '2024-09-22 14:12:10', NULL, NULL),
(35, 206, 24, '20', 11, '2024-09-01 00:00:00', 1, 1, 1, '2024-09-22 14:12:10', NULL, NULL),
(36, 207, 24, '20', 11, '2024-09-01 00:00:00', 1, 1, 1, '2024-09-22 14:12:10', NULL, NULL),
(37, 208, 24, '20', 11, '2024-09-01 00:00:00', 1, 1, 1, '2024-09-22 14:12:10', NULL, NULL),
(38, 172, 24, '20', 11, '2024-09-02 00:00:00', 1, 1, 1, '2024-09-22 14:12:41', NULL, NULL),
(39, 173, 24, '20', 11, '2024-09-02 00:00:00', 1, 1, 1, '2024-09-22 14:12:41', NULL, NULL),
(40, 174, 24, '20', 11, '2024-09-02 00:00:00', 0, 1, 1, '2024-09-22 14:12:41', NULL, NULL),
(41, 175, 24, '20', 11, '2024-09-02 00:00:00', 1, 1, 1, '2024-09-22 14:12:41', NULL, NULL),
(42, 176, 24, '20', 11, '2024-09-02 00:00:00', 1, 1, 1, '2024-09-22 14:12:41', NULL, NULL),
(43, 177, 24, '20', 11, '2024-09-02 00:00:00', 1, 1, 1, '2024-09-22 14:12:41', NULL, NULL),
(44, 178, 24, '20', 11, '2024-09-02 00:00:00', 0, 1, 1, '2024-09-22 14:12:41', NULL, NULL),
(45, 179, 24, '20', 11, '2024-09-02 00:00:00', 1, 1, 1, '2024-09-22 14:12:41', NULL, NULL),
(46, 180, 24, '20', 11, '2024-09-02 00:00:00', 1, 1, 1, '2024-09-22 14:12:41', NULL, NULL),
(47, 181, 24, '20', 11, '2024-09-02 00:00:00', 1, 1, 1, '2024-09-22 14:12:41', NULL, NULL),
(48, 182, 24, '20', 11, '2024-09-02 00:00:00', 1, 1, 1, '2024-09-22 14:12:41', NULL, NULL),
(49, 183, 24, '20', 11, '2024-09-02 00:00:00', 1, 1, 1, '2024-09-22 14:12:41', NULL, NULL),
(50, 184, 24, '20', 11, '2024-09-02 00:00:00', 0, 1, 1, '2024-09-22 14:12:41', NULL, NULL),
(51, 185, 24, '20', 11, '2024-09-02 00:00:00', 1, 1, 1, '2024-09-22 14:12:41', NULL, NULL),
(52, 186, 24, '20', 11, '2024-09-02 00:00:00', 1, 1, 1, '2024-09-22 14:12:41', NULL, NULL),
(53, 187, 24, '20', 11, '2024-09-02 00:00:00', 1, 1, 1, '2024-09-22 14:12:41', NULL, NULL),
(54, 188, 24, '20', 11, '2024-09-02 00:00:00', 1, 1, 1, '2024-09-22 14:12:41', NULL, NULL),
(55, 189, 24, '20', 11, '2024-09-02 00:00:00', 1, 1, 1, '2024-09-22 14:12:41', NULL, NULL),
(56, 190, 24, '20', 11, '2024-09-02 00:00:00', 1, 1, 1, '2024-09-22 14:12:41', NULL, NULL),
(57, 191, 24, '20', 11, '2024-09-02 00:00:00', 1, 1, 1, '2024-09-22 14:12:41', NULL, NULL),
(58, 192, 24, '20', 11, '2024-09-02 00:00:00', 1, 1, 1, '2024-09-22 14:12:41', NULL, NULL),
(59, 193, 24, '20', 11, '2024-09-02 00:00:00', 1, 1, 1, '2024-09-22 14:12:41', NULL, NULL),
(60, 194, 24, '20', 11, '2024-09-02 00:00:00', 1, 1, 1, '2024-09-22 14:12:41', NULL, NULL),
(61, 195, 24, '20', 11, '2024-09-02 00:00:00', 1, 1, 1, '2024-09-22 14:12:41', NULL, NULL),
(62, 196, 24, '20', 11, '2024-09-02 00:00:00', 1, 1, 1, '2024-09-22 14:12:41', NULL, NULL),
(63, 197, 24, '20', 11, '2024-09-02 00:00:00', 0, 1, 1, '2024-09-22 14:12:41', NULL, NULL),
(64, 198, 24, '20', 11, '2024-09-02 00:00:00', 1, 1, 1, '2024-09-22 14:12:41', NULL, NULL),
(65, 199, 24, '20', 11, '2024-09-02 00:00:00', 1, 1, 1, '2024-09-22 14:12:41', NULL, NULL),
(66, 200, 24, '20', 11, '2024-09-02 00:00:00', 1, 1, 1, '2024-09-22 14:12:41', NULL, NULL),
(67, 201, 24, '20', 11, '2024-09-02 00:00:00', 1, 1, 1, '2024-09-22 14:12:41', NULL, NULL),
(68, 202, 24, '20', 11, '2024-09-02 00:00:00', 1, 1, 1, '2024-09-22 14:12:41', NULL, NULL),
(69, 203, 24, '20', 11, '2024-09-02 00:00:00', 1, 1, 1, '2024-09-22 14:12:41', NULL, NULL),
(70, 204, 24, '20', 11, '2024-09-02 00:00:00', 1, 1, 1, '2024-09-22 14:12:41', NULL, NULL),
(71, 205, 24, '20', 11, '2024-09-02 00:00:00', 1, 1, 1, '2024-09-22 14:12:41', NULL, NULL),
(72, 206, 24, '20', 11, '2024-09-02 00:00:00', 1, 1, 1, '2024-09-22 14:12:41', NULL, NULL),
(73, 207, 24, '20', 11, '2024-09-02 00:00:00', 0, 1, 1, '2024-09-22 14:12:41', NULL, NULL),
(74, 208, 24, '20', 11, '2024-09-02 00:00:00', 1, 1, 1, '2024-09-22 14:12:41', NULL, NULL),
(75, 172, 24, '20', 11, '2024-08-01 00:00:00', 1, 1, 1, '2024-09-22 14:13:21', NULL, NULL),
(76, 173, 24, '20', 11, '2024-08-01 00:00:00', 1, 1, 1, '2024-09-22 14:13:21', NULL, NULL),
(77, 174, 24, '20', 11, '2024-08-01 00:00:00', 0, 1, 1, '2024-09-22 14:13:21', NULL, NULL),
(78, 175, 24, '20', 11, '2024-08-01 00:00:00', 1, 1, 1, '2024-09-22 14:13:21', NULL, NULL),
(79, 176, 24, '20', 11, '2024-08-01 00:00:00', 1, 1, 1, '2024-09-22 14:13:21', NULL, NULL),
(80, 177, 24, '20', 11, '2024-08-01 00:00:00', 1, 1, 1, '2024-09-22 14:13:21', NULL, NULL),
(81, 178, 24, '20', 11, '2024-08-01 00:00:00', 0, 1, 1, '2024-09-22 14:13:21', NULL, NULL),
(82, 179, 24, '20', 11, '2024-08-01 00:00:00', 1, 1, 1, '2024-09-22 14:13:21', NULL, NULL),
(83, 180, 24, '20', 11, '2024-08-01 00:00:00', 1, 1, 1, '2024-09-22 14:13:21', NULL, NULL),
(84, 181, 24, '20', 11, '2024-08-01 00:00:00', 1, 1, 1, '2024-09-22 14:13:21', NULL, NULL),
(85, 182, 24, '20', 11, '2024-08-01 00:00:00', 1, 1, 1, '2024-09-22 14:13:21', NULL, NULL),
(86, 183, 24, '20', 11, '2024-08-01 00:00:00', 1, 1, 1, '2024-09-22 14:13:21', NULL, NULL),
(87, 184, 24, '20', 11, '2024-08-01 00:00:00', 1, 1, 1, '2024-09-22 14:13:21', NULL, NULL),
(88, 185, 24, '20', 11, '2024-08-01 00:00:00', 1, 1, 1, '2024-09-22 14:13:21', NULL, NULL),
(89, 186, 24, '20', 11, '2024-08-01 00:00:00', 1, 1, 1, '2024-09-22 14:13:21', NULL, NULL),
(90, 187, 24, '20', 11, '2024-08-01 00:00:00', 1, 1, 1, '2024-09-22 14:13:21', NULL, NULL),
(91, 188, 24, '20', 11, '2024-08-01 00:00:00', 0, 1, 1, '2024-09-22 14:13:21', NULL, NULL),
(92, 189, 24, '20', 11, '2024-08-01 00:00:00', 1, 1, 1, '2024-09-22 14:13:21', NULL, NULL),
(93, 190, 24, '20', 11, '2024-08-01 00:00:00', 1, 1, 1, '2024-09-22 14:13:21', NULL, NULL),
(94, 191, 24, '20', 11, '2024-08-01 00:00:00', 0, 1, 1, '2024-09-22 14:13:21', NULL, NULL),
(95, 192, 24, '20', 11, '2024-08-01 00:00:00', 1, 1, 1, '2024-09-22 14:13:21', NULL, NULL),
(96, 193, 24, '20', 11, '2024-08-01 00:00:00', 1, 1, 1, '2024-09-22 14:13:21', NULL, NULL),
(97, 194, 24, '20', 11, '2024-08-01 00:00:00', 1, 1, 1, '2024-09-22 14:13:21', NULL, NULL),
(98, 195, 24, '20', 11, '2024-08-01 00:00:00', 1, 1, 1, '2024-09-22 14:13:21', NULL, NULL),
(99, 196, 24, '20', 11, '2024-08-01 00:00:00', 1, 1, 1, '2024-09-22 14:13:21', NULL, NULL),
(100, 197, 24, '20', 11, '2024-08-01 00:00:00', 1, 1, 1, '2024-09-22 14:13:21', NULL, NULL),
(101, 198, 24, '20', 11, '2024-08-01 00:00:00', 1, 1, 1, '2024-09-22 14:13:21', NULL, NULL),
(102, 199, 24, '20', 11, '2024-08-01 00:00:00', 1, 1, 1, '2024-09-22 14:13:21', NULL, NULL),
(103, 200, 24, '20', 11, '2024-08-01 00:00:00', 1, 1, 1, '2024-09-22 14:13:21', NULL, NULL),
(104, 201, 24, '20', 11, '2024-08-01 00:00:00', 1, 1, 1, '2024-09-22 14:13:21', NULL, NULL),
(105, 202, 24, '20', 11, '2024-08-01 00:00:00', 1, 1, 1, '2024-09-22 14:13:21', NULL, NULL),
(106, 203, 24, '20', 11, '2024-08-01 00:00:00', 1, 1, 1, '2024-09-22 14:13:21', NULL, NULL),
(107, 204, 24, '20', 11, '2024-08-01 00:00:00', 1, 1, 1, '2024-09-22 14:13:21', NULL, NULL),
(108, 205, 24, '20', 11, '2024-08-01 00:00:00', 1, 1, 1, '2024-09-22 14:13:21', NULL, NULL),
(109, 206, 24, '20', 11, '2024-08-01 00:00:00', 1, 1, 1, '2024-09-22 14:13:21', NULL, NULL),
(110, 207, 24, '20', 11, '2024-08-01 00:00:00', 0, 1, 1, '2024-09-22 14:13:21', NULL, NULL),
(111, 208, 24, '20', 11, '2024-08-01 00:00:00', 0, 1, 1, '2024-09-22 14:13:21', NULL, NULL),
(112, 172, 24, '20', 11, '2024-09-24 00:00:00', 1, 1, 1, '2024-09-23 15:01:22', NULL, NULL),
(113, 173, 24, '20', 11, '2024-09-24 00:00:00', 1, 1, 1, '2024-09-23 15:01:22', NULL, NULL),
(114, 174, 24, '20', 11, '2024-09-24 00:00:00', 0, 1, 1, '2024-09-23 15:01:22', NULL, NULL),
(115, 175, 24, '20', 11, '2024-09-24 00:00:00', 1, 1, 1, '2024-09-23 15:01:22', NULL, NULL),
(116, 176, 24, '20', 11, '2024-09-24 00:00:00', 0, 1, 1, '2024-09-23 15:01:22', NULL, NULL),
(117, 177, 24, '20', 11, '2024-09-24 00:00:00', 1, 1, 1, '2024-09-23 15:01:22', NULL, NULL),
(118, 178, 24, '20', 11, '2024-09-24 00:00:00', 1, 1, 1, '2024-09-23 15:01:22', NULL, NULL),
(119, 179, 24, '20', 11, '2024-09-24 00:00:00', 0, 1, 1, '2024-09-23 15:01:22', NULL, NULL),
(120, 180, 24, '20', 11, '2024-09-24 00:00:00', 1, 1, 1, '2024-09-23 15:01:22', NULL, NULL),
(121, 181, 24, '20', 11, '2024-09-24 00:00:00', 1, 1, 1, '2024-09-23 15:01:22', NULL, NULL),
(122, 182, 24, '20', 11, '2024-09-24 00:00:00', 1, 1, 1, '2024-09-23 15:01:22', NULL, NULL),
(123, 183, 24, '20', 11, '2024-09-24 00:00:00', 1, 1, 1, '2024-09-23 15:01:22', NULL, NULL),
(124, 184, 24, '20', 11, '2024-09-24 00:00:00', 1, 1, 1, '2024-09-23 15:01:22', NULL, NULL),
(125, 185, 24, '20', 11, '2024-09-24 00:00:00', 1, 1, 1, '2024-09-23 15:01:22', NULL, NULL),
(126, 186, 24, '20', 11, '2024-09-24 00:00:00', 1, 1, 1, '2024-09-23 15:01:22', NULL, NULL),
(127, 187, 24, '20', 11, '2024-09-24 00:00:00', 1, 1, 1, '2024-09-23 15:01:22', NULL, NULL),
(128, 188, 24, '20', 11, '2024-09-24 00:00:00', 1, 1, 1, '2024-09-23 15:01:22', NULL, NULL),
(129, 189, 24, '20', 11, '2024-09-24 00:00:00', 1, 1, 1, '2024-09-23 15:01:22', NULL, NULL),
(130, 190, 24, '20', 11, '2024-09-24 00:00:00', 1, 1, 1, '2024-09-23 15:01:22', NULL, NULL),
(131, 191, 24, '20', 11, '2024-09-24 00:00:00', 1, 1, 1, '2024-09-23 15:01:22', NULL, NULL),
(132, 192, 24, '20', 11, '2024-09-24 00:00:00', 1, 1, 1, '2024-09-23 15:01:22', NULL, NULL),
(133, 193, 24, '20', 11, '2024-09-24 00:00:00', 1, 1, 1, '2024-09-23 15:01:22', NULL, NULL),
(134, 194, 24, '20', 11, '2024-09-24 00:00:00', 1, 1, 1, '2024-09-23 15:01:22', NULL, NULL),
(135, 195, 24, '20', 11, '2024-09-24 00:00:00', 1, 1, 1, '2024-09-23 15:01:22', NULL, NULL),
(136, 196, 24, '20', 11, '2024-09-24 00:00:00', 1, 1, 1, '2024-09-23 15:01:22', NULL, NULL),
(137, 197, 24, '20', 11, '2024-09-24 00:00:00', 1, 1, 1, '2024-09-23 15:01:22', NULL, NULL),
(138, 198, 24, '20', 11, '2024-09-24 00:00:00', 1, 1, 1, '2024-09-23 15:01:22', NULL, NULL),
(139, 199, 24, '20', 11, '2024-09-24 00:00:00', 1, 1, 1, '2024-09-23 15:01:22', NULL, NULL),
(140, 200, 24, '20', 11, '2024-09-24 00:00:00', 1, 1, 1, '2024-09-23 15:01:22', NULL, NULL),
(141, 201, 24, '20', 11, '2024-09-24 00:00:00', 1, 1, 1, '2024-09-23 15:01:22', NULL, NULL),
(142, 202, 24, '20', 11, '2024-09-24 00:00:00', 1, 1, 1, '2024-09-23 15:01:22', NULL, NULL),
(143, 203, 24, '20', 11, '2024-09-24 00:00:00', 1, 1, 1, '2024-09-23 15:01:22', NULL, NULL),
(144, 204, 24, '20', 11, '2024-09-24 00:00:00', 1, 1, 1, '2024-09-23 15:01:22', NULL, NULL),
(145, 205, 24, '20', 11, '2024-09-24 00:00:00', 1, 1, 1, '2024-09-23 15:01:22', NULL, NULL),
(146, 206, 24, '20', 11, '2024-09-24 00:00:00', 1, 1, 1, '2024-09-23 15:01:22', NULL, NULL),
(147, 172, 24, '20', 11, '2024-09-25 00:00:00', 1, 1, 1, '2024-09-23 15:04:14', NULL, NULL),
(148, 173, 24, '20', 11, '2024-09-25 00:00:00', 0, 1, 1, '2024-09-23 15:04:14', NULL, NULL),
(149, 174, 24, '20', 11, '2024-09-25 00:00:00', 1, 1, 1, '2024-09-23 15:04:14', NULL, NULL),
(150, 175, 24, '20', 11, '2024-09-25 00:00:00', 0, 1, 1, '2024-09-23 15:04:14', NULL, NULL),
(151, 176, 24, '20', 11, '2024-09-25 00:00:00', 0, 1, 1, '2024-09-23 15:04:14', NULL, NULL),
(152, 177, 24, '20', 11, '2024-09-25 00:00:00', 1, 1, 1, '2024-09-23 15:04:14', NULL, NULL),
(153, 178, 24, '20', 11, '2024-09-25 00:00:00', 1, 1, 1, '2024-09-23 15:04:14', NULL, NULL),
(154, 179, 24, '20', 11, '2024-09-25 00:00:00', 1, 1, 1, '2024-09-23 15:04:14', NULL, NULL),
(155, 180, 24, '20', 11, '2024-09-25 00:00:00', 1, 1, 1, '2024-09-23 15:04:14', NULL, NULL),
(156, 181, 24, '20', 11, '2024-09-25 00:00:00', 1, 1, 1, '2024-09-23 15:04:14', NULL, NULL),
(157, 182, 24, '20', 11, '2024-09-25 00:00:00', 0, 1, 1, '2024-09-23 15:04:14', NULL, NULL),
(158, 183, 24, '20', 11, '2024-09-25 00:00:00', 0, 1, 1, '2024-09-23 15:04:14', NULL, NULL),
(159, 184, 24, '20', 11, '2024-09-25 00:00:00', 1, 1, 1, '2024-09-23 15:04:14', NULL, NULL),
(160, 185, 24, '20', 11, '2024-09-25 00:00:00', 1, 1, 1, '2024-09-23 15:04:14', NULL, NULL),
(161, 186, 24, '20', 11, '2024-09-25 00:00:00', 1, 1, 1, '2024-09-23 15:04:14', NULL, NULL),
(162, 187, 24, '20', 11, '2024-09-25 00:00:00', 0, 1, 1, '2024-09-23 15:04:14', NULL, NULL),
(163, 188, 24, '20', 11, '2024-09-25 00:00:00', 0, 1, 1, '2024-09-23 15:04:14', NULL, NULL),
(164, 189, 24, '20', 11, '2024-09-25 00:00:00', 1, 1, 1, '2024-09-23 15:04:14', NULL, NULL),
(165, 190, 24, '20', 11, '2024-09-25 00:00:00', 1, 1, 1, '2024-09-23 15:04:14', NULL, NULL),
(166, 191, 24, '20', 11, '2024-09-25 00:00:00', 1, 1, 1, '2024-09-23 15:04:14', NULL, NULL),
(167, 192, 24, '20', 11, '2024-09-25 00:00:00', 1, 1, 1, '2024-09-23 15:04:14', NULL, NULL),
(168, 193, 24, '20', 11, '2024-09-25 00:00:00', 1, 1, 1, '2024-09-23 15:04:14', NULL, NULL),
(169, 194, 24, '20', 11, '2024-09-25 00:00:00', 1, 1, 1, '2024-09-23 15:04:14', NULL, NULL),
(170, 195, 24, '20', 11, '2024-09-25 00:00:00', 1, 1, 1, '2024-09-23 15:04:14', NULL, NULL),
(171, 196, 24, '20', 11, '2024-09-25 00:00:00', 1, 1, 1, '2024-09-23 15:04:14', NULL, NULL),
(172, 197, 24, '20', 11, '2024-09-25 00:00:00', 1, 1, 1, '2024-09-23 15:04:14', NULL, NULL),
(173, 198, 24, '20', 11, '2024-09-25 00:00:00', 1, 1, 1, '2024-09-23 15:04:14', NULL, NULL),
(174, 199, 24, '20', 11, '2024-09-25 00:00:00', 1, 1, 1, '2024-09-23 15:04:14', NULL, NULL),
(175, 200, 24, '20', 11, '2024-09-25 00:00:00', 1, 1, 1, '2024-09-23 15:04:14', NULL, NULL),
(176, 201, 24, '20', 11, '2024-09-25 00:00:00', 1, 1, 1, '2024-09-23 15:04:14', NULL, NULL),
(177, 202, 24, '20', 11, '2024-09-25 00:00:00', 1, 1, 1, '2024-09-23 15:04:14', NULL, NULL),
(178, 203, 24, '20', 11, '2024-09-25 00:00:00', 1, 1, 1, '2024-09-23 15:04:14', NULL, NULL),
(179, 204, 24, '20', 11, '2024-09-25 00:00:00', 1, 1, 1, '2024-09-23 15:04:14', NULL, NULL),
(180, 205, 24, '20', 11, '2024-09-25 00:00:00', 1, 1, 1, '2024-09-23 15:04:14', NULL, NULL),
(181, 206, 24, '20', 11, '2024-09-25 00:00:00', 1, 1, 1, '2024-09-23 15:04:14', NULL, NULL);

-- --------------------------------------------------------

--
-- Table structure for table `student_promote`
--

CREATE TABLE `student_promote` (
  `promotion_id` int(12) UNSIGNED NOT NULL,
  `student_id` int(12) UNSIGNED NOT NULL,
  `previous_class_id` int(12) UNSIGNED NOT NULL,
  `new_class_id` int(12) UNSIGNED NOT NULL,
  `section_id` int(12) UNSIGNED NOT NULL,
  `old_academic_year` varchar(10) NOT NULL,
  `new_academic_year` varchar(10) NOT NULL,
  `previous_session` varchar(10) DEFAULT '0',
  `next_session` varchar(10) DEFAULT '0',
  `promotion_date` datetime NOT NULL
) ENGINE=InnoDB DEFAULT CHARSET=latin1 COLLATE=latin1_swedish_ci;

--
-- Dumping data for table `student_promote`
--

INSERT INTO `student_promote` (`promotion_id`, `student_id`, `previous_class_id`, `new_class_id`, `section_id`, `old_academic_year`, `new_academic_year`, `previous_session`, `next_session`, `promotion_date`) VALUES
(1, 3, 25, 24, 19, '2023-24', '2024-25', '5', '11', '2024-05-04 09:30:21'),
(2, 4, 25, 24, 19, '2023-24', '2024-25', '5', '11', '2024-05-04 09:30:21'),
(3, 5, 25, 24, 19, '2023-24', '2024-25', '5', '11', '2024-05-04 09:30:21'),
(4, 6, 25, 24, 19, '2023-24', '2024-25', '5', '11', '2024-05-04 09:30:21'),
(5, 7, 25, 24, 19, '2023-24', '2024-25', '5', '11', '2024-05-04 09:30:21'),
(6, 8, 25, 24, 19, '2023-24', '2024-25', '5', '11', '2024-05-04 09:30:21'),
(7, 9, 25, 24, 19, '2023-24', '2024-25', '5', '11', '2024-05-04 09:30:21'),
(8, 10, 25, 24, 19, '2023-24', '2024-25', '5', '11', '2024-05-04 09:30:21'),
(9, 11, 25, 24, 19, '2023-24', '2024-25', '5', '11', '2024-05-04 09:30:21'),
(10, 12, 25, 24, 19, '2023-24', '2024-25', '5', '11', '2024-05-04 09:30:21'),
(11, 13, 25, 24, 19, '2023-24', '2024-25', '5', '11', '2024-05-04 09:30:21'),
(12, 14, 25, 24, 19, '2023-24', '2024-25', '5', '11', '2024-05-04 09:30:21'),
(13, 15, 25, 24, 19, '2023-24', '2024-25', '5', '11', '2024-05-04 09:30:21'),
(14, 16, 25, 24, 19, '2023-24', '2024-25', '5', '11', '2024-05-04 09:30:21'),
(15, 17, 25, 24, 19, '2023-24', '2024-25', '5', '11', '2024-05-04 09:30:21'),
(16, 18, 25, 24, 19, '2023-24', '2024-25', '5', '11', '2024-05-04 09:30:21'),
(17, 19, 25, 24, 19, '2023-24', '2024-25', '5', '11', '2024-05-04 09:30:21'),
(18, 20, 25, 24, 19, '2023-24', '2024-25', '5', '11', '2024-05-04 09:30:21'),
(19, 21, 25, 24, 19, '2023-24', '2024-25', '5', '11', '2024-05-04 09:30:21'),
(20, 22, 25, 24, 19, '2023-24', '2024-25', '5', '11', '2024-05-04 09:30:21'),
(21, 23, 25, 24, 19, '2023-24', '2024-25', '5', '11', '2024-05-04 09:30:21'),
(22, 24, 25, 24, 19, '2023-24', '2024-25', '5', '11', '2024-05-04 09:30:21'),
(23, 25, 25, 24, 19, '2023-24', '2024-25', '5', '11', '2024-05-04 09:30:21'),
(24, 26, 25, 24, 19, '2023-24', '2024-25', '5', '11', '2024-05-04 09:30:21'),
(25, 27, 25, 24, 19, '2023-24', '2024-25', '5', '11', '2024-05-04 09:30:21'),
(26, 28, 25, 24, 19, '2023-24', '2024-25', '5', '11', '2024-05-04 09:30:21'),
(27, 29, 25, 24, 19, '2023-24', '2024-25', '5', '11', '2024-05-04 09:30:21'),
(28, 30, 25, 24, 19, '2023-24', '2024-25', '5', '11', '2024-05-04 09:30:21'),
(29, 31, 25, 24, 19, '2023-24', '2024-25', '5', '11', '2024-05-04 09:30:21'),
(30, 32, 25, 24, 19, '2023-24', '2024-25', '5', '11', '2024-05-04 09:30:21'),
(31, 33, 25, 24, 19, '2023-24', '2024-25', '5', '11', '2024-05-04 09:30:21'),
(32, 34, 25, 24, 19, '2023-24', '2024-25', '5', '11', '2024-05-04 09:30:21'),
(33, 35, 25, 24, 19, '2023-24', '2024-25', '5', '11', '2024-05-04 09:30:21'),
(34, 36, 25, 24, 19, '2023-24', '2024-25', '5', '11', '2024-05-04 09:30:21'),
(35, 37, 25, 24, 19, '2023-24', '2024-25', '5', '11', '2024-05-04 09:30:21'),
(36, 38, 25, 24, 19, '2023-24', '2024-25', '5', '11', '2024-05-04 09:30:21'),
(37, 39, 25, 24, 19, '2023-24', '2024-25', '5', '11', '2024-05-04 09:30:21'),
(38, 171, 25, 24, 19, '2023-24', '2024-25', '5', '11', '2024-05-04 09:30:21'),
(39, 172, 25, 24, 20, '2023-24', '2024-25', '5', '11', '2024-05-04 09:32:12'),
(40, 173, 25, 24, 20, '2023-24', '2024-25', '5', '11', '2024-05-04 09:32:12'),
(41, 174, 25, 24, 20, '2023-24', '2024-25', '5', '11', '2024-05-04 09:32:12'),
(42, 175, 25, 24, 20, '2023-24', '2024-25', '5', '11', '2024-05-04 09:32:12'),
(43, 176, 25, 24, 20, '2023-24', '2024-25', '5', '11', '2024-05-04 09:32:12'),
(44, 177, 25, 24, 20, '2023-24', '2024-25', '5', '11', '2024-05-04 09:32:12'),
(45, 178, 25, 24, 20, '2023-24', '2024-25', '5', '11', '2024-05-04 09:32:12'),
(46, 179, 25, 24, 20, '2023-24', '2024-25', '5', '11', '2024-05-04 09:32:12'),
(47, 180, 25, 24, 20, '2023-24', '2024-25', '5', '11', '2024-05-04 09:32:12'),
(48, 181, 25, 24, 20, '2023-24', '2024-25', '5', '11', '2024-05-04 09:32:12'),
(49, 182, 25, 24, 20, '2023-24', '2024-25', '5', '11', '2024-05-04 09:32:12'),
(50, 183, 25, 24, 20, '2023-24', '2024-25', '5', '11', '2024-05-04 09:32:12'),
(51, 184, 25, 24, 20, '2023-24', '2024-25', '5', '11', '2024-05-04 09:32:12'),
(52, 185, 25, 24, 20, '2023-24', '2024-25', '5', '11', '2024-05-04 09:32:12'),
(53, 186, 25, 24, 20, '2023-24', '2024-25', '5', '11', '2024-05-04 09:32:12'),
(54, 187, 25, 24, 20, '2023-24', '2024-25', '5', '11', '2024-05-04 09:32:12'),
(55, 188, 25, 24, 20, '2023-24', '2024-25', '5', '11', '2024-05-04 09:32:12'),
(56, 189, 25, 24, 20, '2023-24', '2024-25', '5', '11', '2024-05-04 09:32:12'),
(57, 190, 25, 24, 20, '2023-24', '2024-25', '5', '11', '2024-05-04 09:32:12'),
(58, 191, 25, 24, 20, '2023-24', '2024-25', '5', '11', '2024-05-04 09:32:12'),
(59, 192, 25, 24, 20, '2023-24', '2024-25', '5', '11', '2024-05-04 09:32:12'),
(60, 193, 25, 24, 20, '2023-24', '2024-25', '5', '11', '2024-05-04 09:32:12'),
(61, 194, 25, 24, 20, '2023-24', '2024-25', '5', '11', '2024-05-04 09:32:12'),
(62, 195, 25, 24, 20, '2023-24', '2024-25', '5', '11', '2024-05-04 09:32:12'),
(63, 196, 25, 24, 20, '2023-24', '2024-25', '5', '11', '2024-05-04 09:32:12'),
(64, 197, 25, 24, 20, '2023-24', '2024-25', '5', '11', '2024-05-04 09:32:12'),
(65, 198, 25, 24, 20, '2023-24', '2024-25', '5', '11', '2024-05-04 09:32:12'),
(66, 199, 25, 24, 20, '2023-24', '2024-25', '5', '11', '2024-05-04 09:32:12'),
(67, 200, 25, 24, 20, '2023-24', '2024-25', '5', '11', '2024-05-04 09:32:12'),
(68, 201, 25, 24, 20, '2023-24', '2024-25', '5', '11', '2024-05-04 09:32:12'),
(69, 202, 25, 24, 20, '2023-24', '2024-25', '5', '11', '2024-05-04 09:32:12'),
(70, 203, 25, 24, 20, '2023-24', '2024-25', '5', '11', '2024-05-04 09:32:12'),
(71, 204, 25, 24, 20, '2023-24', '2024-25', '5', '11', '2024-05-04 09:32:12'),
(72, 205, 25, 24, 20, '2023-24', '2024-25', '5', '11', '2024-05-04 09:32:12'),
(73, 206, 25, 24, 20, '2023-24', '2024-25', '5', '11', '2024-05-04 09:32:12'),
(74, 207, 25, 24, 20, '2023-24', '2024-25', '5', '11', '2024-05-04 09:32:12'),
(75, 208, 25, 24, 20, '2023-24', '2024-25', '5', '11', '2024-05-04 09:32:12'),
(76, 137, 23, 22, 23, '2023-24', '2024-25', '5', '11', '2024-05-04 09:42:29'),
(77, 138, 23, 22, 23, '2023-24', '2024-25', '5', '11', '2024-05-04 09:42:29'),
(78, 139, 23, 22, 23, '2023-24', '2024-25', '5', '11', '2024-05-04 09:42:29'),
(79, 140, 23, 22, 23, '2023-24', '2024-25', '5', '11', '2024-05-04 09:42:29'),
(80, 141, 23, 22, 23, '2023-24', '2024-25', '5', '11', '2024-05-04 09:42:29'),
(81, 142, 23, 22, 23, '2023-24', '2024-25', '5', '11', '2024-05-04 09:42:29'),
(82, 143, 23, 22, 23, '2023-24', '2024-25', '5', '11', '2024-05-04 09:42:29'),
(83, 144, 23, 22, 23, '2023-24', '2024-25', '5', '11', '2024-05-04 09:42:29'),
(84, 145, 23, 22, 23, '2023-24', '2024-25', '5', '11', '2024-05-04 09:42:29'),
(85, 146, 23, 22, 23, '2023-24', '2024-25', '5', '11', '2024-05-04 09:42:29'),
(86, 147, 23, 22, 23, '2023-24', '2024-25', '5', '11', '2024-05-04 09:42:29'),
(87, 148, 23, 22, 23, '2023-24', '2024-25', '5', '11', '2024-05-04 09:42:29'),
(88, 149, 23, 22, 23, '2023-24', '2024-25', '5', '11', '2024-05-04 09:42:29'),
(89, 150, 23, 22, 23, '2023-24', '2024-25', '5', '11', '2024-05-04 09:42:29'),
(90, 151, 23, 22, 23, '2023-24', '2024-25', '5', '11', '2024-05-04 09:42:29'),
(91, 152, 23, 22, 23, '2023-24', '2024-25', '5', '11', '2024-05-04 09:42:29'),
(92, 153, 23, 22, 23, '2023-24', '2024-25', '5', '11', '2024-05-04 09:42:29'),
(93, 154, 23, 22, 23, '2023-24', '2024-25', '5', '11', '2024-05-04 09:42:29'),
(94, 155, 23, 22, 23, '2023-24', '2024-25', '5', '11', '2024-05-04 09:42:29'),
(95, 156, 23, 22, 23, '2023-24', '2024-25', '5', '11', '2024-05-04 09:42:29'),
(96, 157, 23, 22, 23, '2023-24', '2024-25', '5', '11', '2024-05-04 09:42:29'),
(97, 158, 23, 22, 23, '2023-24', '2024-25', '5', '11', '2024-05-04 09:42:29'),
(98, 159, 23, 22, 23, '2023-24', '2024-25', '5', '11', '2024-05-04 09:42:29'),
(99, 160, 23, 22, 23, '2023-24', '2024-25', '5', '11', '2024-05-04 09:42:29'),
(100, 161, 23, 22, 23, '2023-24', '2024-25', '5', '11', '2024-05-04 09:42:29'),
(101, 162, 23, 22, 23, '2023-24', '2024-25', '5', '11', '2024-05-04 09:42:29'),
(102, 163, 23, 22, 23, '2023-24', '2024-25', '5', '11', '2024-05-04 09:42:29'),
(103, 164, 23, 22, 23, '2023-24', '2024-25', '5', '11', '2024-05-04 09:42:29'),
(104, 165, 23, 22, 23, '2023-24', '2024-25', '5', '11', '2024-05-04 09:42:29'),
(105, 166, 23, 22, 23, '2023-24', '2024-25', '5', '11', '2024-05-04 09:42:29'),
(106, 167, 23, 22, 23, '2023-24', '2024-25', '5', '11', '2024-05-04 09:42:29'),
(107, 168, 23, 22, 23, '2023-24', '2024-25', '5', '11', '2024-05-04 09:42:29'),
(108, 169, 23, 22, 23, '2023-24', '2024-25', '5', '11', '2024-05-04 09:42:29'),
(109, 170, 23, 22, 23, '2023-24', '2024-25', '5', '11', '2024-05-04 09:42:29'),
(110, 209, 23, 22, 24, '2023-24', '2024-25', '5', '11', '2024-05-04 09:43:21'),
(111, 210, 23, 22, 24, '2023-24', '2024-25', '5', '11', '2024-05-04 09:43:21'),
(112, 211, 23, 22, 24, '2023-24', '2024-25', '5', '11', '2024-05-04 09:43:21'),
(113, 212, 23, 22, 24, '2023-24', '2024-25', '5', '11', '2024-05-04 09:43:21'),
(114, 213, 23, 22, 24, '2023-24', '2024-25', '5', '11', '2024-05-04 09:43:21'),
(115, 214, 23, 22, 24, '2023-24', '2024-25', '5', '11', '2024-05-04 09:43:21'),
(116, 215, 23, 22, 24, '2023-24', '2024-25', '5', '11', '2024-05-04 09:43:21'),
(117, 216, 23, 22, 24, '2023-24', '2024-25', '5', '11', '2024-05-04 09:43:21'),
(118, 217, 23, 22, 24, '2023-24', '2024-25', '5', '11', '2024-05-04 09:43:21'),
(119, 218, 23, 22, 24, '2023-24', '2024-25', '5', '11', '2024-05-04 09:43:21'),
(120, 219, 23, 22, 24, '2023-24', '2024-25', '5', '11', '2024-05-04 09:43:22'),
(121, 220, 23, 22, 24, '2023-24', '2024-25', '5', '11', '2024-05-04 09:43:22'),
(122, 221, 23, 22, 24, '2023-24', '2024-25', '5', '11', '2024-05-04 09:43:22'),
(123, 222, 23, 22, 24, '2023-24', '2024-25', '5', '11', '2024-05-04 09:43:22'),
(124, 223, 23, 22, 24, '2023-24', '2024-25', '5', '11', '2024-05-04 09:43:22'),
(125, 224, 23, 22, 24, '2023-24', '2024-25', '5', '11', '2024-05-04 09:43:22'),
(126, 225, 23, 22, 24, '2023-24', '2024-25', '5', '11', '2024-05-04 09:43:22'),
(127, 226, 23, 22, 24, '2023-24', '2024-25', '5', '11', '2024-05-04 09:43:22'),
(128, 227, 23, 22, 24, '2023-24', '2024-25', '5', '11', '2024-05-04 09:43:22'),
(129, 228, 23, 22, 24, '2023-24', '2024-25', '5', '11', '2024-05-04 09:43:22'),
(130, 229, 23, 22, 24, '2023-24', '2024-25', '5', '11', '2024-05-04 09:43:22'),
(131, 230, 23, 22, 24, '2023-24', '2024-25', '5', '11', '2024-05-04 09:43:22'),
(132, 231, 23, 22, 24, '2023-24', '2024-25', '5', '11', '2024-05-04 09:43:22'),
(133, 232, 23, 22, 24, '2023-24', '2024-25', '5', '11', '2024-05-04 09:43:22'),
(134, 233, 23, 22, 24, '2023-24', '2024-25', '5', '11', '2024-05-04 09:43:22'),
(135, 234, 23, 22, 24, '2023-24', '2024-25', '5', '11', '2024-05-04 09:43:22'),
(136, 235, 23, 22, 24, '2023-24', '2024-25', '5', '11', '2024-05-04 09:43:22'),
(137, 236, 23, 22, 24, '2023-24', '2024-25', '5', '11', '2024-05-04 09:43:22'),
(138, 237, 23, 22, 24, '2023-24', '2024-25', '5', '11', '2024-05-04 09:43:22'),
(139, 238, 23, 22, 24, '2023-24', '2024-25', '5', '11', '2024-05-04 09:43:22'),
(140, 239, 23, 22, 24, '2023-24', '2024-25', '5', '11', '2024-05-04 09:43:22'),
(141, 240, 23, 22, 24, '2023-24', '2024-25', '5', '11', '2024-05-04 09:43:22'),
(142, 67, 21, 20, 27, '2023-24', '2024-25', '5', '11', '2024-05-04 09:43:56'),
(143, 68, 21, 20, 27, '2023-24', '2024-25', '5', '11', '2024-05-04 09:43:56'),
(144, 69, 21, 20, 27, '2023-24', '2024-25', '5', '11', '2024-05-04 09:43:56'),
(145, 70, 21, 20, 27, '2023-24', '2024-25', '5', '11', '2024-05-04 09:43:56'),
(146, 71, 21, 20, 27, '2023-24', '2024-25', '5', '11', '2024-05-04 09:43:56'),
(147, 72, 21, 20, 27, '2023-24', '2024-25', '5', '11', '2024-05-04 09:43:56'),
(148, 73, 21, 20, 27, '2023-24', '2024-25', '5', '11', '2024-05-04 09:43:56'),
(149, 74, 21, 20, 27, '2023-24', '2024-25', '5', '11', '2024-05-04 09:43:56'),
(150, 75, 21, 20, 27, '2023-24', '2024-25', '5', '11', '2024-05-04 09:43:56'),
(151, 76, 21, 20, 27, '2023-24', '2024-25', '5', '11', '2024-05-04 09:43:56'),
(152, 77, 21, 20, 27, '2023-24', '2024-25', '5', '11', '2024-05-04 09:43:56'),
(153, 78, 21, 20, 27, '2023-24', '2024-25', '5', '11', '2024-05-04 09:43:56'),
(154, 79, 21, 20, 27, '2023-24', '2024-25', '5', '11', '2024-05-04 09:43:56'),
(155, 80, 21, 20, 27, '2023-24', '2024-25', '5', '11', '2024-05-04 09:43:56'),
(156, 81, 21, 20, 27, '2023-24', '2024-25', '5', '11', '2024-05-04 09:43:56'),
(157, 82, 21, 20, 27, '2023-24', '2024-25', '5', '11', '2024-05-04 09:43:56'),
(158, 83, 21, 20, 27, '2023-24', '2024-25', '5', '11', '2024-05-04 09:43:56'),
(159, 84, 21, 20, 27, '2023-24', '2024-25', '5', '11', '2024-05-04 09:43:56'),
(160, 85, 21, 20, 27, '2023-24', '2024-25', '5', '11', '2024-05-04 09:43:56'),
(161, 86, 21, 20, 27, '2023-24', '2024-25', '5', '11', '2024-05-04 09:43:56'),
(162, 87, 21, 20, 27, '2023-24', '2024-25', '5', '11', '2024-05-04 09:43:56'),
(163, 88, 21, 20, 27, '2023-24', '2024-25', '5', '11', '2024-05-04 09:43:56'),
(164, 89, 21, 20, 27, '2023-24', '2024-25', '5', '11', '2024-05-04 09:43:56'),
(165, 90, 21, 20, 27, '2023-24', '2024-25', '5', '11', '2024-05-04 09:43:56'),
(166, 91, 21, 20, 27, '2023-24', '2024-25', '5', '11', '2024-05-04 09:43:56'),
(167, 92, 21, 20, 27, '2023-24', '2024-25', '5', '11', '2024-05-04 09:43:56'),
(168, 93, 21, 20, 27, '2023-24', '2024-25', '5', '11', '2024-05-04 09:43:56'),
(169, 94, 21, 20, 27, '2023-24', '2024-25', '5', '11', '2024-05-04 09:43:56'),
(170, 95, 21, 20, 27, '2023-24', '2024-25', '5', '11', '2024-05-04 09:43:56'),
(171, 96, 21, 20, 27, '2023-24', '2024-25', '5', '11', '2024-05-04 09:43:56'),
(172, 241, 26, 25, 17, '2023-24', '2024-25', '5', '11', '2024-05-04 09:46:58'),
(173, 97, 26, 25, 18, '2023-24', '2024-25', '5', '11', '2024-05-04 09:47:29'),
(174, 98, 26, 25, 18, '2023-24', '2024-25', '5', '11', '2024-05-04 09:47:29'),
(175, 99, 26, 25, 18, '2023-24', '2024-25', '5', '11', '2024-05-04 09:47:29'),
(176, 100, 26, 25, 18, '2023-24', '2024-25', '5', '11', '2024-05-04 09:47:29'),
(177, 101, 26, 25, 18, '2023-24', '2024-25', '5', '11', '2024-05-04 09:47:29'),
(178, 102, 26, 25, 18, '2023-24', '2024-25', '5', '11', '2024-05-04 09:47:29'),
(179, 103, 26, 25, 18, '2023-24', '2024-25', '5', '11', '2024-05-04 09:47:29'),
(180, 104, 26, 25, 18, '2023-24', '2024-25', '5', '11', '2024-05-04 09:47:29'),
(181, 105, 26, 25, 18, '2023-24', '2024-25', '5', '11', '2024-05-04 09:47:29'),
(182, 106, 26, 25, 18, '2023-24', '2024-25', '5', '11', '2024-05-04 09:47:29'),
(183, 107, 26, 25, 18, '2023-24', '2024-25', '5', '11', '2024-05-04 09:47:29'),
(184, 108, 26, 25, 18, '2023-24', '2024-25', '5', '11', '2024-05-04 09:47:29'),
(185, 109, 26, 25, 18, '2023-24', '2024-25', '5', '11', '2024-05-04 09:47:29'),
(186, 110, 26, 25, 18, '2023-24', '2024-25', '5', '11', '2024-05-04 09:47:29'),
(187, 111, 26, 25, 18, '2023-24', '2024-25', '5', '11', '2024-05-04 09:47:29'),
(188, 112, 26, 25, 18, '2023-24', '2024-25', '5', '11', '2024-05-04 09:47:29'),
(189, 113, 26, 25, 18, '2023-24', '2024-25', '5', '11', '2024-05-04 09:47:29'),
(190, 114, 26, 25, 18, '2023-24', '2024-25', '5', '11', '2024-05-04 09:47:29'),
(191, 115, 26, 25, 18, '2023-24', '2024-25', '5', '11', '2024-05-04 09:47:29'),
(192, 116, 26, 25, 18, '2023-24', '2024-25', '5', '11', '2024-05-04 09:47:29'),
(193, 117, 26, 25, 18, '2023-24', '2024-25', '5', '11', '2024-05-04 09:47:29'),
(194, 118, 26, 25, 18, '2023-24', '2024-25', '5', '11', '2024-05-04 09:47:29'),
(195, 119, 26, 25, 18, '2023-24', '2024-25', '5', '11', '2024-05-04 09:47:29'),
(196, 120, 26, 25, 18, '2023-24', '2024-25', '5', '11', '2024-05-04 09:47:29'),
(197, 121, 26, 25, 18, '2023-24', '2024-25', '5', '11', '2024-05-04 09:47:29'),
(198, 122, 26, 25, 18, '2023-24', '2024-25', '5', '11', '2024-05-04 09:47:29'),
(199, 123, 26, 25, 18, '2023-24', '2024-25', '5', '11', '2024-05-04 09:47:29'),
(200, 124, 26, 25, 18, '2023-24', '2024-25', '5', '11', '2024-05-04 09:47:29'),
(201, 125, 26, 25, 18, '2023-24', '2024-25', '5', '11', '2024-05-04 09:47:29'),
(202, 126, 26, 25, 18, '2023-24', '2024-25', '5', '11', '2024-05-04 09:47:29'),
(203, 127, 26, 25, 18, '2023-24', '2024-25', '5', '11', '2024-05-04 09:47:29'),
(204, 128, 26, 25, 18, '2023-24', '2024-25', '5', '11', '2024-05-04 09:47:29'),
(205, 129, 26, 25, 18, '2023-24', '2024-25', '5', '11', '2024-05-04 09:47:29'),
(206, 130, 26, 25, 18, '2023-24', '2024-25', '5', '11', '2024-05-04 09:47:29'),
(207, 131, 26, 25, 18, '2023-24', '2024-25', '5', '11', '2024-05-04 09:47:29'),
(208, 132, 26, 25, 18, '2023-24', '2024-25', '5', '11', '2024-05-04 09:47:29'),
(209, 133, 26, 25, 18, '2023-24', '2024-25', '5', '11', '2024-05-04 09:47:29'),
(210, 134, 26, 25, 18, '2023-24', '2024-25', '5', '11', '2024-05-04 09:47:29'),
(211, 135, 26, 25, 18, '2023-24', '2024-25', '5', '11', '2024-05-04 09:47:29'),
(212, 136, 26, 25, 18, '2023-24', '2024-25', '5', '11', '2024-05-04 09:47:29'),
(213, 40, 20, 19, 29, '2023-24', '2024-25', '5', '11', '2024-05-04 09:54:43'),
(214, 41, 20, 19, 29, '2023-24', '2024-25', '5', '11', '2024-05-04 09:54:43'),
(215, 42, 20, 19, 29, '2023-24', '2024-25', '5', '11', '2024-05-04 09:54:43'),
(216, 43, 20, 19, 29, '2023-24', '2024-25', '5', '11', '2024-05-04 09:54:43'),
(217, 44, 20, 19, 29, '2023-24', '2024-25', '5', '11', '2024-05-04 09:54:43'),
(218, 45, 20, 19, 29, '2023-24', '2024-25', '5', '11', '2024-05-04 09:54:43'),
(219, 46, 20, 19, 29, '2023-24', '2024-25', '5', '11', '2024-05-04 09:54:43'),
(220, 47, 20, 19, 29, '2023-24', '2024-25', '5', '11', '2024-05-04 09:54:43'),
(221, 48, 20, 19, 29, '2023-24', '2024-25', '5', '11', '2024-05-04 09:54:43'),
(222, 49, 20, 19, 29, '2023-24', '2024-25', '5', '11', '2024-05-04 09:54:43'),
(223, 50, 20, 19, 29, '2023-24', '2024-25', '5', '11', '2024-05-04 09:54:43'),
(224, 51, 20, 19, 29, '2023-24', '2024-25', '5', '11', '2024-05-04 09:54:43'),
(225, 52, 20, 19, 29, '2023-24', '2024-25', '5', '11', '2024-05-04 09:54:43'),
(226, 53, 20, 19, 29, '2023-24', '2024-25', '5', '11', '2024-05-04 09:54:43'),
(227, 54, 20, 19, 29, '2023-24', '2024-25', '5', '11', '2024-05-04 09:54:43'),
(228, 55, 20, 19, 29, '2023-24', '2024-25', '5', '11', '2024-05-04 09:54:43'),
(229, 56, 20, 19, 29, '2023-24', '2024-25', '5', '11', '2024-05-04 09:54:43'),
(230, 57, 20, 19, 29, '2023-24', '2024-25', '5', '11', '2024-05-04 09:54:43'),
(231, 58, 20, 19, 29, '2023-24', '2024-25', '5', '11', '2024-05-04 09:54:43'),
(232, 59, 20, 19, 29, '2023-24', '2024-25', '5', '11', '2024-05-04 09:54:43'),
(233, 60, 20, 19, 29, '2023-24', '2024-25', '5', '11', '2024-05-04 09:54:43'),
(234, 61, 20, 19, 29, '2023-24', '2024-25', '5', '11', '2024-05-04 09:54:43'),
(235, 62, 20, 19, 29, '2023-24', '2024-25', '5', '11', '2024-05-04 09:54:43'),
(236, 63, 20, 19, 29, '2023-24', '2024-25', '5', '11', '2024-05-04 09:54:43'),
(237, 64, 20, 19, 29, '2023-24', '2024-25', '5', '11', '2024-05-04 09:54:43'),
(238, 65, 20, 19, 29, '2023-24', '2024-25', '5', '11', '2024-05-04 09:54:43'),
(239, 66, 20, 19, 29, '2023-24', '2024-25', '5', '11', '2024-05-04 09:54:43'),
(240, 243, 25, 24, 19, '2024-25', '2025-26', '11', '14', '2024-09-01 07:33:52'),
(241, 244, 25, 24, 19, '2024-25', '2025-26', '11', '14', '2024-09-01 07:33:52'),
(242, 245, 25, 24, 19, '2024-25', '2025-26', '11', '14', '2024-09-01 07:33:52'),
(243, 246, 25, 24, 19, '2024-25', '2025-26', '11', '14', '2024-09-01 07:33:52'),
(244, 247, 25, 24, 19, '2024-25', '2025-26', '11', '14', '2024-09-01 07:33:52'),
(245, 248, 25, 24, 19, '2024-25', '2025-26', '11', '14', '2024-09-01 07:33:52'),
(246, 249, 25, 24, 19, '2024-25', '2025-26', '11', '14', '2024-09-01 07:33:52'),
(247, 250, 25, 24, 19, '2024-25', '2025-26', '11', '14', '2024-09-01 07:33:52'),
(248, 251, 25, 24, 19, '2024-25', '2025-26', '11', '14', '2024-09-01 07:33:52'),
(249, 252, 25, 24, 19, '2024-25', '2025-26', '11', '14', '2024-09-01 07:33:52'),
(250, 253, 25, 24, 19, '2024-25', '2025-26', '11', '14', '2024-09-01 07:33:52'),
(251, 254, 25, 24, 19, '2024-25', '2025-26', '11', '14', '2024-09-01 07:33:52'),
(252, 255, 25, 24, 19, '2024-25', '2025-26', '11', '14', '2024-09-01 07:33:52'),
(253, 256, 25, 24, 19, '2024-25', '2025-26', '11', '14', '2024-09-01 07:33:52'),
(254, 257, 25, 24, 19, '2024-25', '2025-26', '11', '14', '2024-09-01 07:33:52'),
(255, 258, 25, 24, 19, '2024-25', '2025-26', '11', '14', '2024-09-01 07:33:52'),
(256, 259, 25, 24, 19, '2024-25', '2025-26', '11', '14', '2024-09-01 07:33:52'),
(257, 260, 25, 24, 19, '2024-25', '2025-26', '11', '14', '2024-09-01 07:33:52'),
(258, 261, 25, 24, 19, '2024-25', '2025-26', '11', '14', '2024-09-01 07:33:52'),
(259, 262, 25, 24, 19, '2024-25', '2025-26', '11', '14', '2024-09-01 07:33:52'),
(260, 263, 25, 24, 19, '2024-25', '2025-26', '11', '14', '2024-09-01 07:33:52'),
(261, 264, 25, 24, 19, '2024-25', '2025-26', '11', '14', '2024-09-01 07:33:52'),
(262, 265, 25, 24, 19, '2024-25', '2025-26', '11', '14', '2024-09-01 07:33:52'),
(263, 266, 25, 24, 19, '2024-25', '2025-26', '11', '14', '2024-09-01 07:33:52'),
(264, 267, 25, 24, 19, '2024-25', '2025-26', '11', '14', '2024-09-01 07:33:52'),
(265, 268, 25, 24, 19, '2024-25', '2025-26', '11', '14', '2024-09-01 07:33:52'),
(266, 269, 25, 24, 19, '2024-25', '2025-26', '11', '14', '2024-09-01 07:33:52'),
(267, 270, 25, 24, 19, '2024-25', '2025-26', '11', '14', '2024-09-01 07:33:52'),
(268, 271, 25, 24, 19, '2024-25', '2025-26', '11', '14', '2024-09-01 07:33:52'),
(269, 272, 25, 24, 19, '2024-25', '2025-26', '11', '14', '2024-09-01 07:33:52'),
(270, 273, 25, 24, 19, '2024-25', '2025-26', '11', '14', '2024-09-01 07:33:52'),
(271, 274, 25, 24, 19, '2024-25', '2025-26', '11', '14', '2024-09-01 07:33:52'),
(272, 275, 25, 24, 19, '2024-25', '2025-26', '11', '14', '2024-09-01 07:33:52'),
(273, 276, 25, 24, 19, '2024-25', '2025-26', '11', '14', '2024-09-01 07:33:52'),
(274, 277, 25, 24, 19, '2024-25', '2025-26', '11', '14', '2024-09-01 07:33:52'),
(275, 278, 25, 24, 19, '2024-25', '2025-26', '11', '14', '2024-09-01 07:33:52'),
(276, 279, 25, 24, 19, '2024-25', '2025-26', '11', '14', '2024-09-01 07:33:52'),
(277, 280, 25, 24, 19, '2024-25', '2025-26', '11', '14', '2024-09-01 07:33:52'),
(278, 281, 25, 24, 19, '2024-25', '2025-26', '11', '14', '2024-09-01 07:33:52'),
(279, 282, 25, 24, 19, '2024-25', '2025-26', '11', '14', '2024-09-01 07:33:52'),
(280, 283, 25, 24, 19, '2024-25', '2025-26', '11', '14', '2024-09-01 07:33:52'),
(281, 284, 25, 24, 19, '2024-25', '2025-26', '11', '14', '2024-09-01 07:33:52'),
(282, 285, 25, 24, 19, '2024-25', '2025-26', '11', '14', '2024-09-01 07:33:52'),
(283, 286, 25, 24, 19, '2024-25', '2025-26', '11', '14', '2024-09-01 07:33:52'),
(284, 287, 25, 24, 19, '2024-25', '2025-26', '11', '14', '2024-09-01 07:33:52'),
(285, 564, 25, 24, 19, '2024-25', '2025-26', '11', '14', '2024-09-01 07:33:52'),
(286, 565, 25, 24, 19, '2024-25', '2025-26', '11', '14', '2024-09-01 07:33:52'),
(287, 241, 25, 24, 19, '2024-25', '2025-26', '11', '14', '2024-09-01 07:37:51'),
(288, 105, 25, 24, 20, '2024-25', '2025-26', '11', '14', '2024-09-01 07:39:14'),
(289, 106, 25, 24, 20, '2024-25', '2025-26', '11', '14', '2024-09-01 07:39:14'),
(290, 107, 25, 24, 20, '2024-25', '2025-26', '11', '14', '2024-09-01 07:39:14'),
(291, 108, 25, 24, 20, '2024-25', '2025-26', '11', '14', '2024-09-01 07:39:14'),
(292, 109, 25, 24, 20, '2024-25', '2025-26', '11', '14', '2024-09-01 07:39:14'),
(293, 110, 25, 24, 20, '2024-25', '2025-26', '11', '14', '2024-09-01 07:39:14'),
(294, 111, 25, 24, 20, '2024-25', '2025-26', '11', '14', '2024-09-01 07:39:14'),
(295, 112, 25, 24, 20, '2024-25', '2025-26', '11', '14', '2024-09-01 07:39:14'),
(296, 113, 25, 24, 20, '2024-25', '2025-26', '11', '14', '2024-09-01 07:39:14'),
(297, 114, 25, 24, 20, '2024-25', '2025-26', '11', '14', '2024-09-01 07:39:14'),
(298, 115, 25, 24, 20, '2024-25', '2025-26', '11', '14', '2024-09-01 07:39:14'),
(299, 116, 25, 24, 20, '2024-25', '2025-26', '11', '14', '2024-09-01 07:39:14'),
(300, 117, 25, 24, 20, '2024-25', '2025-26', '11', '14', '2024-09-01 07:39:14'),
(301, 118, 25, 24, 20, '2024-25', '2025-26', '11', '14', '2024-09-01 07:39:14'),
(302, 119, 25, 24, 20, '2024-25', '2025-26', '11', '14', '2024-09-01 07:39:14'),
(303, 120, 25, 24, 20, '2024-25', '2025-26', '11', '14', '2024-09-01 07:39:14'),
(304, 121, 25, 24, 20, '2024-25', '2025-26', '11', '14', '2024-09-01 07:39:14'),
(305, 122, 25, 24, 20, '2024-25', '2025-26', '11', '14', '2024-09-01 07:39:14'),
(306, 123, 25, 24, 20, '2024-25', '2025-26', '11', '14', '2024-09-01 07:39:14'),
(307, 124, 25, 24, 20, '2024-25', '2025-26', '11', '14', '2024-09-01 07:39:14'),
(308, 125, 25, 24, 20, '2024-25', '2025-26', '11', '14', '2024-09-01 07:39:14'),
(309, 126, 25, 24, 20, '2024-25', '2025-26', '11', '14', '2024-09-01 07:39:14'),
(310, 127, 25, 24, 20, '2024-25', '2025-26', '11', '14', '2024-09-01 07:39:14'),
(311, 128, 25, 24, 20, '2024-25', '2025-26', '11', '14', '2024-09-01 07:39:14'),
(312, 129, 25, 24, 20, '2024-25', '2025-26', '11', '14', '2024-09-01 07:39:14'),
(313, 130, 25, 24, 20, '2024-25', '2025-26', '11', '14', '2024-09-01 07:39:14'),
(314, 131, 25, 24, 20, '2024-25', '2025-26', '11', '14', '2024-09-01 07:39:14'),
(315, 132, 25, 24, 20, '2024-25', '2025-26', '11', '14', '2024-09-01 07:39:14'),
(316, 133, 25, 24, 20, '2024-25', '2025-26', '11', '14', '2024-09-01 07:39:14'),
(317, 134, 25, 24, 20, '2024-25', '2025-26', '11', '14', '2024-09-01 07:39:14'),
(318, 135, 25, 24, 20, '2024-25', '2025-26', '11', '14', '2024-09-01 07:39:14'),
(319, 136, 25, 24, 20, '2024-25', '2025-26', '11', '14', '2024-09-01 07:39:14'),
(320, 97, 25, 24, 20, '2024-25', '2025-26', '11', '14', '2024-09-01 07:49:11'),
(321, 98, 25, 24, 20, '2024-25', '2025-26', '11', '14', '2024-09-01 07:49:11'),
(322, 99, 25, 24, 20, '2024-25', '2025-26', '11', '14', '2024-09-01 07:49:11'),
(323, 100, 25, 25, 18, '2024-25', '2025-26', '11', '14', '2024-09-15 13:03:29'),
(324, 102, 25, 25, 18, '2024-25', '2025-26', '11', '14', '2024-09-15 13:04:28'),
(325, 101, 25, 24, 20, '2024-25', '2025-26', '11', '14', '2024-09-15 13:05:13'),
(326, 103, 25, 24, 20, '2024-25', '2025-26', '11', '14', '2024-09-15 13:08:04'),
(327, 207, 24, 23, 22, '2024-25', '2025-26', '11', '14', '2024-09-22 19:55:31'),
(328, 208, 24, 23, 22, '2024-25', '2025-26', '11', '14', '2024-09-22 19:55:31');

-- --------------------------------------------------------

--
-- Table structure for table `system_log`
--

CREATE TABLE `system_log` (
  `log_id` int(255) NOT NULL,
  `user_id` int(11) DEFAULT 0,
  `log_type` int(11) DEFAULT 0 COMMENT '0-detfault ,1-head',
  `student_id` int(11) DEFAULT 0,
  `created_date` datetime DEFAULT current_timestamp(),
  `original_data` text DEFAULT NULL,
  `changed_data` text DEFAULT NULL,
  `statusID` int(11) DEFAULT 0
) ENGINE=InnoDB DEFAULT CHARSET=utf8mb4 COLLATE=utf8mb4_general_ci;

--
-- Dumping data for table `system_log`
--

INSERT INTO `system_log` (`log_id`, `user_id`, `log_type`, `student_id`, `created_date`, `original_data`, `changed_data`, `statusID`) VALUES
(1, 8, 1, 1020, '2023-10-19 16:47:46', '{\"old_fees_original\":\"0\",\"paid_fees_original\":\"0\"}', '{\"old_fees\":\"100\",\"paid_fees\":\"10\"}', 1),
(2, 8, 1, 1020, '2023-10-19 16:47:56', '{\"old_fees_original\":\"100\",\"paid_fees_original\":\"10\"}', '{\"old_fees\":\"0\",\"paid_fees\":\"0\"}', 1),
(3, 8, 1, 1928, '2023-10-19 17:37:06', '{\"old_fees_original\":\"0\",\"paid_fees_original\":\"0\"}', '{\"old_fees\":\"100\",\"paid_fees\":\"0\"}', 1),
(4, 8, 1, 1928, '2023-10-19 18:02:05', '{\"old_fees_original\":\"100\",\"paid_fees_original\":\"100\"}', '{\"old_fees\":\"0\",\"paid_fees\":\"0\"}', 1);

-- --------------------------------------------------------

--
-- Table structure for table `sys_configuration`
--

CREATE TABLE `sys_configuration` (
  `configID` int(11) NOT NULL,
  `configName` varchar(200) DEFAULT NULL,
  `configValue` text DEFAULT NULL,
  `description` text DEFAULT NULL,
  `statusID` int(11) DEFAULT 0,
  `created_by` int(11) DEFAULT 0,
  `created_at` datetime DEFAULT current_timestamp(),
  `modified_by` int(11) DEFAULT 0,
  `modified_at` datetime DEFAULT NULL ON UPDATE current_timestamp()
) ENGINE=MyISAM DEFAULT CHARSET=latin1 COLLATE=latin1_swedish_ci;

--
-- Dumping data for table `sys_configuration`
--

INSERT INTO `sys_configuration` (`configID`, `configName`, `configValue`, `description`, `statusID`, `created_by`, `created_at`, `modified_by`, `modified_at`) VALUES
(3, 'smsCount', '1', 'sms count for increment after success', 1, 0, '2024-07-28 21:28:17', 0, '2024-07-29 01:46:37'),
(4, 'smsLimit', '10000', 'Maximimum Sms Can be sent to users.', 1, 0, '2024-07-28 21:29:19', 0, NULL),
(5, 'smsKey', 'DE676-F5DE9', 'API Key To Send SMS.', 1, 0, '2024-07-28 21:30:19', 0, NULL),
(6, 'dltID', '1701172015997705281', 'DLT ID\r\n', 1, 0, '2024-07-28 21:46:55', 0, NULL),
(7, 'smsURL', 'http://tagsolutions.in/sms-panel/api/http/index.php', 'SMS API URL', 1, 0, '2024-07-28 23:02:43', 0, NULL),
(8, 'smsUsername', 'TECHNOPRIDE', 'SMS API User Name', 1, 0, '2024-07-28 23:02:43', 0, NULL),
(9, 'headerID', 'TEHPRD', 'DLT HEADER ID', 1, 0, '2024-07-28 23:54:33', 0, NULL),
(10, 'routeName', 'TRANS', 'Route Name Transactional Or Pramotional', 1, 0, '2024-07-28 23:58:45', 0, NULL),
(11, 'paymentTemplateID', '123456556', 'payment template to send sms after payment', 1, 0, '2024-07-29 01:41:25', 0, NULL);

-- --------------------------------------------------------

--
-- Table structure for table `sys_jobdates`
--

CREATE TABLE `sys_jobdates` (
  `sysJobDatID` int(11) NOT NULL,
  `session_id` int(10) NOT NULL,
  `sequence` int(10) DEFAULT NULL,
  `stage` varchar(256) NOT NULL,
  `date` date NOT NULL,
  `statusID` int(10) NOT NULL,
  `created_by` int(10) DEFAULT 0,
  `created_at` datetime NOT NULL DEFAULT current_timestamp(),
  `modified_by` int(10) DEFAULT 0,
  `modified_at` datetime DEFAULT NULL ON UPDATE current_timestamp()
) ENGINE=InnoDB DEFAULT CHARSET=utf8mb4 COLLATE=utf8mb4_general_ci;

--
-- Dumping data for table `sys_jobdates`
--

INSERT INTO `sys_jobdates` (`sysJobDatID`, `session_id`, `sequence`, `stage`, `date`, `statusID`, `created_by`, `created_at`, `modified_by`, `modified_at`) VALUES
(1, 5, 1, 'Before July Starts', '2024-03-01', 1, 8, '2024-03-18 18:00:23', 8, '2024-03-18 11:30:30'),
(2, 5, 2, 'Befor September Starts', '2024-03-28', 1, 8, '2024-03-18 18:00:23', 8, '2024-03-18 11:30:30'),
(3, 5, 3, 'Before Diwali', '2024-03-30', 1, 8, '2024-03-18 18:00:23', 8, '2024-03-18 11:30:30'),
(4, 5, 4, 'Before Mid January', '2024-04-01', 1, 8, '2024-03-18 18:00:23', 8, '2024-03-18 11:30:30'),
(5, 5, 5, 'Before Final Exam', '2024-03-30', 1, 8, '2024-03-18 18:00:23', 8, '2024-03-18 11:30:30'),
(6, 5, 6, 'Before Result', '2024-03-23', 1, 8, '2024-03-18 18:00:23', 8, '2024-03-18 11:30:30'),
(7, 5, 7, 'After Result', '2024-04-01', 1, 8, '2024-03-18 18:00:23', 8, '2024-03-18 11:30:30');

-- --------------------------------------------------------

--
-- Table structure for table `sys_module`
--

CREATE TABLE `sys_module` (
  `moduleID` int(10) NOT NULL,
  `moduleName` varchar(100) NOT NULL,
  `moduleCode` varchar(10) NOT NULL,
  `access_level` longtext CHARACTER SET utf8mb4 COLLATE utf8mb4_bin DEFAULT NULL CHECK (json_valid(`access_level`)),
  `statusID` int(2) NOT NULL,
  `created_by` int(10) DEFAULT 0,
  `created_at` datetime DEFAULT current_timestamp(),
  `modified_by` int(10) DEFAULT NULL,
  `modified_at` datetime DEFAULT NULL ON UPDATE current_timestamp()
) ENGINE=InnoDB DEFAULT CHARSET=utf8mb4 COLLATE=utf8mb4_general_ci;

--
-- Dumping data for table `sys_module`
--

INSERT INTO `sys_module` (`moduleID`, `moduleName`, `moduleCode`, `access_level`, `statusID`, `created_by`, `created_at`, `modified_by`, `modified_at`) VALUES
(1, 'Student Module', 'STUD', '[1,2,3,4]', 1, 0, '2024-07-31 00:43:50', NULL, '2024-08-09 19:27:53'),
(2, 'Promotion Module', 'PROM', '[1,2,3,4]', 1, 0, '2024-07-31 00:43:50', NULL, '2024-08-09 19:28:18'),
(3, 'Class and Section Module', 'CLSE', '[1,2,3,4]', 1, 0, '2024-07-31 00:43:50', NULL, '2024-08-09 19:28:22'),
(4, 'Payment Module', 'PAYM', '[1,2,3,4]', 1, 0, '2024-07-31 00:43:50', NULL, '2024-08-09 19:28:26'),
(5, 'Fees Module', 'FEES', '[1,2,3,4]', 1, 0, '2024-07-31 00:43:50', NULL, '2024-08-09 19:28:37'),
(6, 'Leaving Certificate Module', 'LETC', '[1,2,3,4]', 1, 0, '2024-07-31 00:43:50', NULL, '2024-08-09 19:28:41'),
(7, 'Reports Module', 'REPO', '[1,2,3,4]', 1, 0, '2024-07-31 00:43:50', NULL, '2024-08-09 19:28:45'),
(8, 'SMS Module', 'SMSM', '[1,2,3,4]', 1, 0, '2024-07-31 00:43:50', NULL, '2024-08-09 19:28:48'),
(9, 'User Modules', 'USER', '[1,2,3,4]', 1, 0, '2024-07-31 00:43:50', NULL, '2024-08-09 19:28:51'),
(10, 'Bonafide Module', 'BONA', '[1,2,3,4]', 1, 0, '2024-07-31 00:43:50', NULL, '2024-08-09 19:28:55'),
(11, 'Acadamic Year', 'ACAD', '[1,2,3,4]', 1, 0, '2024-07-31 00:43:50', NULL, '2024-08-09 19:29:12'),
(12, 'Exam Setup', 'ESTP', '[1,2,3,4]', 1, 0, '2024-08-09 19:12:37', NULL, '2024-08-09 19:29:17'),
(13, 'Acadamic Exam', 'EXAM', '[1,2,3,4]', 1, 0, '2024-08-09 19:12:37', NULL, '2024-08-09 19:29:21'),
(14, 'Website Management', 'WEBM', '[1,2,3,4]', 1, 0, '2024-08-09 20:27:26', NULL, NULL),
(15, 'Attendance Module', 'ATEN', '[1,2,3,4]', 1, 0, '2024-09-24 19:18:43', NULL, NULL);

-- --------------------------------------------------------

--
-- Table structure for table `sys_submodule`
--

CREATE TABLE `sys_submodule` (
  `submoduleID` int(10) NOT NULL,
  `moduleID` int(10) NOT NULL,
  `submoduleName` varchar(100) NOT NULL,
  `access_level` longtext CHARACTER SET utf8mb4 COLLATE utf8mb4_bin DEFAULT NULL CHECK (json_valid(`access_level`)),
  `seq` int(10) NOT NULL,
  `statusID` int(2) NOT NULL DEFAULT 0,
  `created_by` int(10) DEFAULT 0,
  `created_at` datetime DEFAULT current_timestamp(),
  `modifed_by` int(10) DEFAULT NULL,
  `modified_at` datetime DEFAULT NULL ON UPDATE current_timestamp()
) ENGINE=InnoDB DEFAULT CHARSET=utf8mb4 COLLATE=utf8mb4_general_ci;

--
-- Dumping data for table `sys_submodule`
--

INSERT INTO `sys_submodule` (`submoduleID`, `moduleID`, `submoduleName`, `access_level`, `seq`, `statusID`, `created_by`, `created_at`, `modifed_by`, `modified_at`) VALUES
(1, 1, 'Manage_Student', '[1,2,3,4]', 1, 1, 0, '2024-07-31 01:03:01', NULL, '2024-08-09 20:20:40'),
(2, 2, 'Manage_Pramotion', '[1,2,3,4]', 1, 1, 0, '2024-07-31 01:03:01', NULL, '2024-08-09 19:31:00'),
(3, 3, 'Manage_Class_N_Section', '[1,2,3,4]', 1, 1, 0, '2024-07-31 01:03:01', NULL, '2024-08-09 19:31:05'),
(4, 4, 'Make_Payment', '[1,2,3,4]', 1, 1, 0, '2024-07-31 01:03:01', NULL, '2024-08-09 19:31:09'),
(5, 4, 'Payment_Receipt', '[1,2,3,4]', 2, 1, 0, '2024-07-31 01:03:01', NULL, '2024-08-09 19:31:12'),
(7, 4, 'Manage_Expences', '[1,2,3,4]', 4, 1, 0, '2024-07-31 01:07:06', NULL, '2024-08-09 19:31:18'),
(8, 5, 'Manage_Fees', '[1,2,3,4]', 1, 1, 0, '2024-07-31 01:07:06', NULL, '2024-08-09 19:31:24'),
(9, 5, 'Manage_Fees_Automation', '[1,2,3,4]', 2, 1, 0, '2024-07-31 01:07:06', NULL, '2024-08-09 19:31:58'),
(10, 6, 'Manage_Leaving', '[1,2,3,4]', 1, 1, 0, '2024-07-31 01:16:53', NULL, '2024-09-23 21:04:22'),
(11, 7, 'Student_information', '[1]', 1, 1, 0, '2024-07-31 01:16:53', NULL, '2024-08-09 20:21:38'),
(12, 8, 'Manage_SMS', '[1,2,3,4]', 1, 1, 0, '2024-07-31 01:16:53', NULL, '2024-08-09 19:31:58'),
(13, 9, 'Manage_Users', '[1,2,3,4]', 1, 1, 0, '2024-07-31 01:16:53', NULL, '2024-08-09 19:31:58'),
(14, 10, 'Manage_Bonafide', '[1,2,3,4]', 1, 1, 0, '2024-07-31 01:16:53', NULL, '2024-08-09 19:31:58'),
(15, 11, 'Manage_Acadamic_Year', '[1,2,3,4]', 1, 1, 0, '2024-07-31 01:16:53', NULL, '2024-08-09 19:31:58'),
(16, 7, 'Old_Student', '[1]', 2, 1, 0, '2024-08-01 12:47:20', NULL, '2024-08-09 20:21:01'),
(17, 7, 'Date_Wise_Payment', '[1]', 3, 1, 0, '2024-08-01 12:47:20', NULL, '2024-08-09 20:20:54'),
(18, 7, 'Leaving_Report', '[1]', 4, 1, 0, '2024-08-01 12:47:54', NULL, '2024-08-09 20:21:11'),
(19, 9, 'Manage_Designation', '[1,2,3,4]', 2, 1, 0, '2024-08-01 12:51:56', NULL, '2024-08-09 19:31:58'),
(20, 12, 'Exam_Title_Setup', '[1,2,3,4]', 1, 1, 0, '2024-08-09 20:32:49', NULL, '2024-08-09 20:39:35'),
(21, 12, 'Subject_Setup', '[1,2,3,4]', 2, 1, 0, '2024-08-09 20:32:49', NULL, '2024-08-09 20:39:43'),
(22, 12, 'Grades_Setup', '[1,2,3,4]', 3, 1, 0, '2024-08-09 20:32:49', NULL, '2024-08-09 20:39:50'),
(23, 13, 'Acadamic_Exam_Setup', '[1,2,3,4]', 1, 1, 0, '2024-08-09 20:37:11', NULL, '2024-08-09 20:40:02'),
(24, 13, 'Paper_Setup', '[1,2,3,4]', 2, 1, 0, '2024-08-09 20:37:11', NULL, '2024-08-09 20:40:07'),
(25, 13, 'Exam_Result', '[1,2,3,4]', 3, 1, 0, '2024-08-09 20:37:11', NULL, '2024-08-09 20:40:14'),
(26, 13, 'Attendance_N_Weight', '[1,2,3,4]', 4, 1, 0, '2024-08-09 20:37:11', NULL, '2024-08-09 20:40:46'),
(27, 13, 'Final_Result', '[1,2,3,4]', 5, 1, 0, '2024-08-09 20:37:11', NULL, '2024-08-09 20:40:58'),
(28, 14, 'Gallery', '[1,2,3,4]', 1, 1, 0, '2024-08-09 20:38:11', NULL, NULL),
(29, 7, 'Outstanding_Fee_Report', '[1]', 5, 1, 0, '2024-09-02 20:26:55', NULL, NULL),
(30, 15, 'Attendance_Setup', '[1,2,3,4]', 1, 1, 0, '2024-09-24 19:23:26', NULL, NULL),
(31, 15, 'Holiday_Setup', '[1,2,3,4]', 2, 1, 0, '2024-09-24 19:24:14', NULL, NULL);

-- --------------------------------------------------------

--
-- Table structure for table `teacher`
--

CREATE TABLE `teacher` (
  `teacher_id` int(12) UNSIGNED NOT NULL,
  `register_date` date NOT NULL,
  `fname` varchar(255) NOT NULL,
  `lname` varchar(255) NOT NULL,
  `image` text NOT NULL,
  `date_of_birth` date NOT NULL,
  `age` varchar(255) NOT NULL,
  `contact` varchar(255) NOT NULL,
  `email` varchar(255) NOT NULL,
  `address` varchar(255) NOT NULL,
  `city` varchar(255) NOT NULL,
  `category` varchar(100) NOT NULL,
  `designation` varchar(100) NOT NULL
) ENGINE=InnoDB DEFAULT CHARSET=latin1 COLLATE=latin1_swedish_ci;

-- --------------------------------------------------------

--
-- Table structure for table `temp`
--

CREATE TABLE `temp` (
  `student_id` int(12) UNSIGNED NOT NULL,
  `class_id` int(12) UNSIGNED NOT NULL,
  `section_id` int(12) UNSIGNED NOT NULL,
  `fullname` varchar(255) NOT NULL,
  `year` varchar(10) NOT NULL,
  `is_active` varchar(50) NOT NULL,
  `old_fees` int(10) DEFAULT NULL,
  `paid_fees` int(10) NOT NULL
) ENGINE=InnoDB DEFAULT CHARSET=latin1 COLLATE=latin1_swedish_ci;

--
-- Dumping data for table `temp`
--

INSERT INTO `temp` (`student_id`, `class_id`, `section_id`, `fullname`, `year`, `is_active`, `old_fees`, `paid_fees`) VALUES
(423, 0, 0, 'Khushbu Nanuram Bana', '2020-21', '1', 16050, 10450),
(424, 0, 0, 'Manasvi Rajesh Bande', '2020-21', '1', 20100, 10000),
(425, 0, 0, 'Sejal Surendra Bamnote', '2020-21', '1', 0, 1000),
(427, 0, 0, 'Sahili Dipak Bhonde', '2020-21', '1', 1200, 0),
(428, 0, 0, 'Soumya Dipak Bhonde', '2020-21', '1', 0, 0),
(429, 0, 0, 'Anchal Jitendra Bhivgade', '2020-21', '1', 10250, 4650),
(430, 0, 0, 'Shruti Moreshwar Deshmukh', '2020-21', '1', 0, 0),
(431, 0, 0, 'Lavanya Kishor Dhakate', '2020-21', '1', 10250, 4650),
(432, 0, 0, 'Maithali Kishor Dahake', '2020-21', '1', 0, 0),
(433, 0, 0, 'Isha Istaru Dhoble', '2020-21', '1', 0, 0),
(434, 0, 0, 'Jiya Naresh Dhore', '2020-21', '1', 4600, 0),
(435, 0, 0, 'Pranali Anil Dongare', '2020-21', '1', 0, 0),
(436, 0, 0, 'Anjali Dnyaneshwar Fandi', '2020-21', '1', 5600, 0),
(437, 0, 0, 'Samiksha Namdev Gaidhane', '2020-21', '1', 0, 0),
(438, 0, 0, 'Samruddhi Mukesh Girdkar', '2020-21', '1', 0, 0),
(439, 0, 0, 'Pratiksha Sudam Ikhar', '2020-21', '1', 0, 0),
(440, 0, 0, 'Suhani Udebhan Kadu', '2020-21', '1', 7600, 2000),
(441, 0, 0, 'Bhuwneshwari Lokchand Kshrisagar', '2020-21', '1', 0, 0),
(442, 0, 0, 'Samiksha Lataru Kokate', '2020-21', '1', 0, 0),
(443, 0, 0, 'Akshara Amrut Manapure', '2020-21', '1', 0, 0),
(444, 0, 0, 'Sayali Ramdin Natiye', '2020-21', '1', 0, 0),
(445, 0, 0, 'Shital Sunil Pahade', '2020-21', '1', 3800, 0),
(447, 0, 0, 'Mrunali Shailesh Shende', '2020-21', '1', 3600, 3600),
(448, 0, 0, 'Yashasvi Prakash Taywade', '2020-21', '1', 0, 0),
(449, 0, 0, 'Anushka Liladhar Thakre', '2020-21', '1', 0, 0),
(451, 0, 0, 'Pragati Rajendra Titarmare', '2020-21', '1', 0, 0),
(452, 0, 0, 'Priti Prabhakar Thakre', '2020-21', '1', 4400, 0),
(453, 0, 0, 'Toshi Baldev Urkude', '2020-21', '1', 8250, 0),
(454, 0, 0, 'Ridhima Manish Wasnik', '2020-21', '1', 4100, 0),
(455, 0, 0, 'Purva Avinash Yawalkar', '2020-21', '1', 0, 0),
(456, 0, 0, 'Sanket Anil Akare', '2020-21', '1', 0, 0),
(457, 0, 0, 'Yasim Rahemuddin Ansari', '2020-21', '1', 5600, 0),
(458, 0, 0, 'Nayan Rajkumar Baraskar', '2020-21', '1', 0, 0),
(459, 0, 0, 'Lalit Naresh Dahake', '2020-21', '1', 5600, 0),
(460, 0, 0, 'Gaurav Devram Dhande', '2020-21', '1', 5600, 0),
(461, 0, 0, 'Vedant Ravindra Dhande', '2020-21', '1', 0, 0),
(462, 0, 0, 'Abhishek Vilas Dhande', '2020-21', '1', 5600, 0),
(463, 0, 0, 'Sumit Sanjay Dhawade', '2020-21', '1', 0, 0),
(464, 0, 0, 'Sandesh Damodhar Dongare', '2020-21', '1', 6150, 550),
(466, 0, 0, 'Shreyash Kailash Gajbhiye', '2020-21', '1', 4600, 0),
(468, 0, 0, 'Ayush Pratipal Ganvir', '2020-21', '1', 10250, 4650),
(469, 0, 0, 'Arya Yogesh Gongale', '2020-21', '1', 0, 0),
(470, 0, 0, 'Naman Dattu Halmare', '2020-21', '1', 5600, 0),
(473, 0, 0, 'Tanuj Kailash Kalambe', '2020-21', '1', 0, 0),
(474, 0, 0, 'Aryan Rajesh Karemore', '2020-21', '1', 0, 0),
(476, 0, 0, 'Tejas Ramesh Meshram', '2020-21', '1', 0, 0),
(478, 0, 0, 'Atharv Suresh Morghade', '2020-21', '1', 5600, 0),
(479, 0, 0, 'Tanmay Jaydev Narnawre', '2020-21', '1', 5600, 0),
(480, 0, 0, 'Priyanshu Vinod Puri', '2020-21', '1', 0, 0),
(481, 0, 0, 'Ayush Kishor Rahangdale', '2020-21', '1', 11350, 5000),
(482, 0, 0, 'Naitik Devendra Rotke', '2020-21', '1', 0, 0),
(483, 0, 0, 'Prajwal Vilas Sirsam', '2020-21', '1', 0, 0),
(485, 0, 0, 'Vedant Chandrashekhar Urkude', '2020-21', '1', 0, 0),
(486, 0, 0, 'Yash Santosh Usare', '2020-21', '1', 5600, 0),
(487, 0, 0, 'Piyush Arun Wankhede', '2020-21', '1', 0, 0),
(488, 0, 0, 'Daksh Shailesh Wasnik', '2020-21', '1', 0, 0),
(489, 0, 0, 'Shashwat Vishwas Yeskar', '2020-21', '1', 25950, 5600),
(490, 0, 0, 'Kartik Jaivant Zade', '2020-21', '1', 0, 0),
(491, 0, 0, 'Vidisha Vijeshkumar Chavhan', '2020-21', '1', 600, 0),
(496, 0, 0, 'Anam Fatima Afzal Baig Mirza', '2020-21', '1', 0, 0),
(497, 0, 0, 'Ayushi Sukhdev Balbudhe', '2020-21', '1', 0, 0),
(498, 0, 0, 'Mansi Pradeep Barapatre', '2020-21', '1', 0, 0),
(500, 0, 0, 'Pragati Vyankat Bhujade', '2020-21', '1', 0, 0),
(501, 0, 0, 'Purva Dnyaneshwar Girhe', '2020-21', '1', 4400, 0),
(502, 0, 0, 'Nilam Sherka Hilko', '2020-21', '1', 6450, 0),
(503, 0, 0, 'Nidhi Arvind Jarurkar', '2020-21', '1', 0, 0),
(504, 0, 0, 'Prachi Sudhir Kantode', '2020-21', '1', 7000, 0),
(505, 0, 0, 'Mayuri Dnyaneshwar Kawle', '2020-21', '1', 2000, 0),
(506, 0, 0, 'Kiran Kailash Kewat', '2020-21', '1', 5900, 0),
(507, 0, 0, 'Nupur Narendra Lanjewar', '2020-21', '1', 0, 0),
(508, 0, 0, 'Sunaina Pramod Meshram', '2020-21', '1', 0, 0),
(509, 0, 0, 'Sanjana Sharad Mutkure', '2020-21', '1', 0, 0),
(510, 0, 0, 'Purva Manohar Nagpure', '2020-21', '1', 0, 0),
(511, 0, 0, 'Purva Chakardhar Raut', '2020-21', '1', 0, 0),
(512, 0, 0, 'Shruti Sheshrao Rohankar', '2020-21', '1', 150, 0),
(513, 0, 0, 'Shruti Sunil Sahare', '2020-21', '1', 7000, 0),
(514, 0, 0, 'Anchal Vijaykumar Sharma', '2020-21', '1', 0, 0),
(515, 0, 0, 'Subhana Ainul Mansuri', '2020-21', '1', 6000, 0),
(516, 0, 0, 'Gunjan Manik Somnathe', '2020-21', '1', 0, 0),
(517, 0, 0, 'Sejal Sanjay Tagde', '2020-21', '1', 0, 0),
(519, 0, 0, 'Sanskruti Raju Tijare', '2020-21', '1', 0, 0),
(520, 0, 0, 'Raksha Pritamlal Turkar', '2020-21', '1', 0, 0),
(523, 0, 0, 'Shashvati Vishwas Yeskar', '2020-21', '1', 35800, 28800),
(524, 0, 0, 'Ishant Manohar Addak', '2020-21', '1', 1500, 0),
(526, 0, 0, 'Sanket Kachru Chamat', '2020-21', '1', 7000, 0),
(527, 0, 0, 'Bhavesh Vijay Chitriv', '2020-21', '1', 0, 0),
(528, 0, 0, 'Ujjwal Nilkanth Chaure', '2020-21', '1', 3900, 0),
(529, 0, 0, 'Utkarsh Nilkanth Chaure', '2020-21', '1', 7000, 0),
(530, 0, 0, 'Vaibhav Rajendra Chinchulkar', '2020-21', '1', 0, 0),
(531, 0, 0, 'Aditya Om Dhabale', '2020-21', '1', 5000, 0),
(532, 0, 0, 'Ayush Ramesh Dongare', '2020-21', '1', 0, 0),
(533, 0, 0, 'Devanshu Damodhar Dongare', '2020-21', '1', 4250, 0),
(534, 0, 0, 'Shivam Vilas Dhande', '2020-21', '1', 7000, 0),
(535, 0, 0, 'Rakshak Jitendra Gedam', '2020-21', '1', 7000, 0),
(536, 0, 0, 'Aryan Sudarshan Gajbhiye', '2020-21', '1', 0, 0),
(537, 0, 0, 'Rushikesh Bhagwat Gorle', '2020-21', '1', 13800, 6800),
(538, 0, 0, 'Piyush Dilip Jadhav', '2020-21', '1', 7000, 0),
(539, 0, 0, 'Rajnish Inaram Jaitwar', '2020-21', '1', 0, 0),
(540, 0, 0, 'Rohit Gyaniram Maladhari', '2020-21', '1', 4800, 0),
(541, 0, 0, 'Yugank Dilip Maske', '2020-21', '1', 0, 0),
(542, 0, 0, 'Chaitanya Jaypal Meshram', '2020-21', '1', 7000, 0),
(543, 0, 0, 'Kushagra Ashok Meshram', '2020-21', '1', 7000, 0),
(544, 0, 0, 'Krishnakumar Bhikhar Mukhiya', '2020-21', '1', 1050, 0),
(545, 0, 0, 'Saurabh Brijbhushan Pandey', '2020-21', '1', 3500, 0),
(546, 0, 0, 'Raju Dileshwar Rahanagdale', '2020-21', '1', 1800, 0),
(547, 0, 0, 'Makrand Ashok Raut', '2020-21', '1', 0, 0),
(548, 0, 0, 'Prashik Ramprasad Sahare', '2020-21', '1', 2600, 0),
(549, 0, 0, 'Yash Bandu Shebe', '2020-21', '1', 7000, 0),
(550, 0, 0, 'Pranay Chudaman Thakare', '2020-21', '1', 7000, 0),
(551, 0, 0, 'Sahil Shrawan Tighare', '2020-21', '1', 800, 0),
(552, 0, 0, 'Anuj Balchand Vaidya', '2020-21', '1', 0, 0),
(553, 0, 0, 'Krishna Ramuji Vaidya', '2020-21', '1', 7000, 0),
(554, 0, 0, 'Soham Ishwar Vaidya', '2020-21', '1', 7000, 0),
(555, 0, 0, 'Yash Jaydeo Urkude', '2020-21', '1', 6800, 0),
(556, 0, 0, 'Pranay Haresh Wankhede', '2020-21', '1', 25800, 18800),
(557, 0, 0, 'Pranshu Ashok Bahe', '2020-21', '1', 7000, 0),
(558, 0, 0, 'mayur Omprakash Yawalkar', '2020-21', '1', 6450, 0),
(608, 0, 0, 'Kinjal Mangesh Bhaladhare', '2020-21', '1', 0, 0),
(609, 0, 0, 'Samiksha Shamu Bawankule', '2020-21', '1', 5900, 0),
(610, 0, 0, 'Anjali Dnyaneshwar Bhure', '2020-21', '1', 0, 0),
(612, 0, 0, 'Vanshika Santaram Gawande', '2020-21', '1', 0, 0),
(613, 0, 0, 'Bhumika Ramkrushna Gorle', '2020-21', '1', 6900, 0),
(614, 0, 0, 'Anvesha Dewaji Halmare', '2020-21', '1', 0, 0),
(615, 0, 0, 'Prachi Prabhakar Kalsarpe', '2020-21', '1', 5350, 0),
(616, 0, 0, 'Palak Vijay Kamdi', '2020-21', '1', 0, 0),
(617, 0, 0, 'Ragini Pavitra Kumbhare', '2020-21', '1', 6900, 0),
(618, 0, 0, 'Divya Abhiman Madankar', '2020-21', '1', 1900, 0),
(619, 0, 0, 'Tanushree Jitendra Matikhaye', '2020-21', '1', 0, 0),
(620, 0, 0, 'Astha Mukunda Meshram', '2020-21', '1', 10700, 3800),
(621, 0, 0, 'Shraddha Rajesh Nandanwar', '2020-21', '1', 0, 0),
(622, 0, 0, 'Archana Udaybhan Pal', '2020-21', '1', 19900, 6200),
(623, 0, 0, 'Niharika Birjendra Pandey', '2020-21', '1', 0, 0),
(624, 0, 0, 'Himanshi Ravindra Sahu', '2020-21', '1', 6900, 0),
(625, 0, 0, 'Akansha Rajesh Raut', '2020-21', '1', 0, 0),
(627, 0, 0, 'Vaishnavi Prakash Thakare', '2020-21', '1', 700, 0),
(628, 0, 0, 'Dhanshree Raju Thaokar', '2020-21', '1', 6900, 0),
(629, 0, 0, 'Sanyogita Sanjay Wakdikar', '2020-21', '1', 0, 0),
(630, 0, 0, 'Arushi Rajkumar Yawalkar', '2020-21', '1', 0, 0),
(631, 0, 0, 'Gayatri Jaiwant Zade', '2020-21', '1', 5350, 0),
(632, 0, 0, 'Natasha Manoj Borkar', '2020-21', '1', 6900, 0),
(633, 0, 0, 'Anjali Haridas Gabhane', '2020-21', '1', 5000, 0),
(634, 0, 0, 'Pratham Vyankat Bhujade', '2020-21', '1', 0, 0),
(635, 0, 0, 'Rohit Laxman Deshmukh', '2020-21', '1', 8700, 5800),
(636, 0, 0, 'Shivkumar Vijay Deshmukh', '2020-21', '1', 14700, 7800),
(637, 0, 0, 'Pankaj Raju Dhanjode', '2020-21', '1', 0, 0),
(638, 0, 0, 'Aryan Siddharth Gajbhiye', '2020-21', '1', 14900, 8000),
(640, 0, 0, 'Avinash Sanjay Gomashe', '2020-21', '1', 8700, 1800),
(642, 0, 0, 'Arpit Santosh Hatwar', '2020-21', '1', 1900, 0),
(643, 0, 0, 'Pappu Arunji Itankar', '2020-21', '1', 0, 0),
(644, 0, 0, 'Madhur Mohan Katkar', '2020-21', '1', 0, 0),
(646, 0, 0, 'Vansh Harikrishna Narnaware', '2020-21', '1', 4000, 0),
(647, 0, 0, 'Bharat Dnyaneshwar Nikhare', '2020-21', '1', 6900, 0),
(648, 0, 0, 'Vinit Bholaram Nikure', '2020-21', '1', 0, 0),
(649, 0, 0, 'Piyush Raju Pikalmundhe', '2020-21', '1', 3700, 0),
(650, 0, 0, 'Sumit Brijbhushan Pandey', '2020-21', '1', 3000, 0),
(651, 0, 0, 'Mohit Pomeshwar Parate', '2020-21', '1', 0, 0),
(652, 0, 0, 'Nikhil Pundalik Raut', '2020-21', '1', 0, 0),
(653, 0, 0, 'Shivam Naresh Sathawane', '2020-21', '1', 0, 0),
(654, 0, 0, 'Tohid Nisar Sheikh', '2020-21', '1', 0, 0),
(655, 0, 0, 'Vansh Sanjay Thote', '2020-21', '1', 0, 0),
(656, 0, 0, 'Nikhil Vishnu Tikale', '2020-21', '1', 6900, 0),
(658, 0, 0, 'Komal Sanjay Pardhi', '2020-21', '1', 5700, 0),
(659, 0, 0, 'Ansh Shivshankar Hatwar', '2020-21', '1', 0, 0),
(660, 0, 0, 'Sameer Komalchand Sawarkar', '2020-21', '1', 2700, 0),
(661, 0, 0, 'Ayush Prabhu Dadmal', '2020-21', '1', 0, 0),
(663, 0, 0, 'Aditi Shankar Bhoyar', '2020-21', '1', 3000, 0),
(664, 0, 0, 'Vaidhavi Dilip Charde', '2020-21', '1', 0, 0),
(668, 0, 0, 'Mahee Vijay Dongre', '2020-21', '1', 13500, 8000),
(669, 0, 0, 'Khushi Chandrabhan Dube', '2020-21', '1', 0, 0),
(670, 0, 0, 'Leena Mahendra Hatwar', '2020-21', '1', 0, 0),
(671, 0, 0, 'Shravani Nandu Katkar', '2020-21', '1', 0, 0),
(672, 0, 0, 'Srushti Goutam Meshram', '2020-21', '1', 5500, 0),
(676, 0, 0, 'Charulata Dnyaneshwar Vaidya', '2020-21', '1', 5500, 0),
(677, 0, 0, 'Trunali Balchand Vaidya', '2020-21', '1', 500, 0),
(678, 0, 0, 'Suhani Shrikant Gaidhane', '2020-21', '1', 5500, 0),
(680, 0, 0, 'Anup Gautam Ambade', '2020-21', '1', 0, 0),
(685, 0, 0, 'Ashutosh Amol Jagnade', '2020-21', '1', 0, 0),
(686, 0, 0, 'Prajwal Mahesh Rakhde', '2020-21', '1', 0, 0),
(687, 0, 0, 'Pranay Ramprasad Sahare', '2020-21', '1', 0, 0),
(689, 0, 0, 'Adarsh Vishnu Wanjari', '2020-21', '1', 5500, 0),
(691, 0, 0, 'Vaishnav Chandrashekhar Urkude', '2020-21', '1', 6500, 0),
(692, 0, 0, 'Nayan Arun Wadibhasme', '2020-21', '1', 0, 0),
(693, 0, 0, 'Tarun Kailas Fendar', '2020-21', '1', 0, 0),
(694, 0, 0, 'Naitik Arvind Jarurkar', '2020-21', '1', 0, 0),
(698, 0, 0, 'Tanvesh Dilip Mangate', '2020-21', '1', 0, 0),
(702, 0, 0, 'Manthan Pandurang Pingle', '2020-21', '1', 0, 0),
(703, 0, 0, 'Prathmesh Harish Sanekar', '2020-21', '1', 11350, 50),
(704, 0, 0, 'Khushi Mahadeo Gaidhane', '2020-21', '1', 8300, 2000),
(708, 0, 0, 'Samiksha Vijay Deshmukh', '2020-21', '1', 5500, 0),
(709, 0, 0, 'Prachi Anil Gahane', '2020-21', '1', 5500, 0),
(710, 0, 0, 'Mayuri Dnyaneshwar Dongare', '2020-21', '1', 500, 0),
(713, 0, 0, 'Prachi Maroti Mankar', '2020-21', '1', 10250, 4750),
(715, 0, 0, 'Bhairavi Shrikant Sarge', '2020-21', '1', 2600, 0),
(717, 0, 0, 'Bhavishka Narendra Thakare', '2020-21', '1', 50, 0),
(718, 0, 0, 'Vedanti Krushna Thakre', '2020-21', '1', 0, 0),
(720, 0, 0, 'Vidisha Surendra Telangrao', '2020-21', '1', 5500, 0),
(721, 0, 0, 'Ishant Ravindra Bodhare', '2020-21', '1', 4500, 0),
(722, 0, 0, 'Pranav Rakesh Bhelave', '2020-21', '1', 0, 0),
(723, 0, 0, 'Suraj Bharat Charde', '2020-21', '1', 0, 0),
(724, 0, 0, 'Harshal Raju Dongre', '2020-21', '1', 5500, 0),
(725, 0, 0, 'Yaswant Khushal Gharat', '2020-21', '1', 0, 0),
(728, 0, 0, 'Shlok Motiram Khobragade', '2020-21', '1', 3450, 0),
(729, 0, 0, 'Vijay Joshan Mankar', '2020-21', '1', 0, 0),
(733, 0, 0, 'Lakki Rajendra Narnaware', '2020-21', '1', 0, 0),
(734, 0, 0, 'Rehant Rampal Patre', '2020-21', '1', 5500, 0),
(735, 0, 0, 'Om Naresh Sathwane', '2020-21', '1', 0, 0),
(737, 0, 0, 'Shreyash Tulsidas Selokar', '2020-21', '1', 4500, 0),
(739, 0, 0, 'Vedant Ramrao Tumsare', '2020-21', '1', 5500, 0),
(740, 0, 0, 'Ayush Mukeshkumar Vaidhya', '2020-21', '1', 0, 0),
(741, 0, 0, 'Anshul Niranjan Vairagade', '2020-21', '1', 0, 0),
(742, 0, 0, 'Ayush Subhash Wankhede', '2020-21', '1', 5500, 0),
(743, 0, 0, 'Zafar Shahid Sheikh', '2020-21', '1', 5500, 0),
(744, 0, 0, 'Mohammad Aftab Firoj Sheikh', '2020-21', '1', 0, 0),
(747, 0, 0, 'Riyakumari Shambhu Gupta', '2020-21', '1', 1000, 0),
(748, 0, 0, 'Tannu Manohar Gawali', '2020-21', '1', 8150, 0),
(749, 0, 0, 'Yadvi Sunil Hevat', '2020-21', '1', 5500, 0),
(750, 0, 0, 'Arushi Vinod Kanfade', '2020-21', '1', 0, 0),
(754, 0, 0, 'Suhani Vinod More', '2020-21', '1', 5500, 0),
(756, 0, 0, 'Shreya Rajesh Rangari', '2020-21', '1', 8900, 3400),
(757, 0, 0, 'Nandini Chakradhar Raut', '2020-21', '1', 0, 0),
(759, 0, 0, 'Arushi Naresh Shende', '2020-21', '1', 8450, 2950),
(760, 0, 0, 'Samiksha Sanjay Thakre', '2020-21', '1', 0, 0),
(764, 0, 0, 'Prince Pramod Deshabhrtar', '2020-21', '1', 3750, 0),
(765, 0, 0, 'Aditya Dnyaneshwar Fandi', '2020-21', '1', 5500, 0),
(767, 0, 0, 'Sandip Ramdas Gawalkar', '2020-21', '1', 0, 0),
(770, 0, 0, 'Vansh Ganesh Jambhulkar', '2020-21', '1', 5500, 0),
(772, 0, 0, 'Atharv Vinayak Kosalkar', '2020-21', '1', 5100, 0),
(774, 0, 0, 'Shreyas Ganesh Kumbhalkar', '2020-21', '1', 0, 0),
(776, 0, 0, 'Sohil Suryakant Motharkar', '2020-21', '1', 10700, 5200),
(778, 0, 0, 'Naitik Rajkumar Narnaware', '2020-21', '1', 0, 0),
(779, 0, 0, 'Praful Dnyaneshawr Nikhare', '2020-21', '1', 0, 0),
(780, 0, 0, 'Parth Rajendra Potbhare', '2020-21', '1', 0, 0),
(783, 0, 0, 'Sanskar Vilas Sirsam', '2020-21', '1', 0, 0),
(785, 0, 0, 'Naitik Vijay Thakre', '2020-21', '1', 5500, 0),
(786, 0, 0, 'Soumya Liladhar Thakre', '2020-21', '1', 0, 0),
(789, 0, 0, 'Lavanya Rajesh Karemore', '2020-21', '1', 3150, 0),
(790, 0, 0, 'Ayushi Sunil Vaidya', '2020-21', '1', 0, 0),
(791, 0, 0, 'Krunal Dhanraj Mathurkar', '2020-21', '1', 5500, 0),
(793, 0, 0, 'Astha Rajesh Bande', '2020-21', '1', 0, 0),
(794, 0, 0, 'Reshma Ashok Bahe', '2020-21', '1', 5500, 0),
(796, 0, 0, 'Akshara Pramod Chaudhari', '2020-21', '1', 0, 0),
(798, 0, 0, 'Bhumika Vijay Dhanjode', '2020-21', '1', 0, 0),
(802, 0, 0, 'Krutika Shantaram Gawande', '2020-21', '1', 0, 0),
(803, 0, 0, 'Khushi Sachin Gade', '2020-21', '1', 0, 0),
(805, 0, 0, 'Akshara Mahadev Gudadhe', '2020-21', '1', 0, 0),
(806, 0, 0, 'Shradhada Chandrashekhar Jumde', '2020-21', '1', 0, 0),
(807, 0, 0, 'Diksha Lokchand Kshirsagar', '2020-21', '1', 0, 0),
(808, 0, 0, 'Vanshika Naresh Motharkar', '2020-21', '1', 5500, 0),
(809, 0, 0, 'Janvi yogiraj Nikhare', '2020-21', '1', 0, 0),
(810, 0, 0, 'Unnati Ashok Nakade', '2020-21', '1', 0, 0),
(811, 0, 0, 'Naz Simra Aslam Beg', '2020-21', '1', 0, 0),
(812, 0, 0, 'Tanushree Subhash Sahare', '2020-21', '1', 5500, 0),
(813, 0, 0, 'Vanashree Subhash Sahare', '2020-21', '1', 5500, 0),
(814, 0, 0, 'Chanchal Vijaykumar Sharma', '2020-21', '1', 0, 0),
(815, 0, 0, 'Rashmi Ranjita Anantakishor Sahoo', '2020-21', '1', 5500, 0),
(816, 0, 0, 'Sharwari Shailesh Shende', '2020-21', '1', 7750, 7750),
(817, 0, 0, 'Bhagyashri Dnyaneshwar Telangrao', '2020-21', '1', 0, 0),
(818, 0, 0, 'Varun Dattuji Chaudhari', '2020-21', '1', 0, 0),
(820, 0, 0, 'Uday Shyam Kuhikar', '2020-21', '1', 3450, 0),
(821, 0, 0, 'Ayush Dinesh Gawali', '2020-21', '1', 5500, 0),
(822, 0, 0, 'Naitik Vinod Meshram', '2020-21', '1', 0, 0),
(824, 0, 0, 'Mirza Amir Akram Beg', '2020-21', '1', 0, 0),
(825, 0, 0, 'Adesh Ramuji Pelane', '2020-21', '1', 0, 0),
(826, 0, 0, 'Piyanshu Sunil Parate', '2020-21', '1', 0, 0),
(827, 0, 0, 'Ayush Rajesh Raut', '2020-21', '1', 0, 0),
(829, 0, 0, 'Subhrat Waman Shinde', '2020-21', '1', 0, 0),
(830, 0, 0, 'Tejas Santosh Wade', '2020-21', '1', 0, 0),
(831, 0, 0, 'Harshal Ravindra Wadibhasme', '2020-21', '1', 5500, 0),
(832, 0, 0, 'Tejas Pramod Wani', '2020-21', '1', 4300, 0),
(833, 0, 0, 'Mohammad Ashraf Mohammad Niyaz Ansari', '2020-21', '1', 5500, 0),
(834, 0, 0, 'Abhay Jitendra Bhiwgade', '2020-21', '1', 9600, 2500),
(835, 0, 0, 'Arushi Dhanraj Limje', '2020-21', '1', 0, 0),
(836, 0, 0, 'Ayasha Prakash Limje', '2020-21', '1', 0, 0),
(837, 0, 0, 'Bhairavi Pravin Bakal', '2020-21', '1', 0, 0),
(838, 0, 0, 'Sejal Vijaykumar Sharma', '2020-21', '1', 0, 0),
(839, 0, 0, 'Piyu Mahendra Bante', '2020-21', '1', 0, 0),
(840, 0, 0, 'Astha Ramesh Ikhar', '2020-21', '1', 0, 0),
(841, 0, 0, 'Sharvari Shivshankar Kumbhalkar', '2020-21', '1', 1000, 1000),
(842, 0, 0, 'Shalvi Bhumeshwar Parate', '2020-21', '1', 3750, 0),
(843, 0, 0, 'Pratyusha Abhay Hatwar', '2020-21', '1', 0, 0),
(845, 0, 0, 'Anushika Dinesh Mankar', '2020-21', '1', 0, 0),
(847, 0, 0, 'Iram Irshad Kureshi', '2020-21', '1', 3750, 0),
(848, 0, 0, 'Vidhi Ajay Pise', '2020-21', '1', 0, 0),
(849, 0, 0, 'Paridhi Suresh Katkar', '2020-21', '1', 3750, 0),
(850, 0, 0, 'Hansika Bharat Padole', '2020-21', '1', 0, 0),
(851, 0, 0, 'Avani Upasrao Pise', '2020-21', '1', 450, 0),
(852, 0, 0, 'Arohi Ganesh Titirmare', '2020-21', '1', 0, 0),
(853, 0, 0, 'Alfiya Naaz Mohammad Riyazuddin', '2020-21', '1', 0, 0),
(854, 0, 0, 'Sakshi Narendra Singh', '2020-21', '1', 0, 0),
(855, 0, 0, 'Hina Bharat Potbhare', '2020-21', '1', 0, 0),
(856, 0, 0, 'Riddhi Sudhir Vaidya', '2020-21', '1', 0, 0),
(858, 0, 0, 'Arjit Ajay Ambildhuke', '2020-21', '1', 0, 0),
(859, 0, 0, 'Arman Mohsin Baig', '2020-21', '1', 0, 0),
(860, 0, 0, 'Daksha Chirkut Bawane', '2020-21', '1', 4550, 0),
(861, 0, 0, 'Vrundesh Vijay Chitriv', '2020-21', '1', 0, 0),
(862, 0, 0, 'Vihant Yashwant Dhore', '2020-21', '1', 0, 0),
(863, 0, 0, 'Harsh Rajendra Fandi', '2020-21', '1', 3750, 0),
(864, 0, 0, 'Anok Anil Fransis', '2020-21', '1', 3750, 0),
(865, 0, 0, 'Tanmay Dashrat Gharat', '2020-21', '1', 0, 0),
(866, 0, 0, 'Yetharth Vinod Wanjari', '2020-21', '1', 0, 0),
(867, 0, 0, 'Om Lukeshwar Deshmukh', '2020-21', '1', 0, 0),
(868, 0, 0, 'Rudra Vinod Shrivastav', '2020-21', '1', 0, 0),
(869, 0, 0, 'Toshif Rafik Sheikh', '2020-21', '1', 1750, 0),
(870, 0, 0, 'Atharv Ashish Waghmare', '2020-21', '1', 0, 0),
(871, 0, 0, 'Shravan Jitendra Nagalwade', '2020-21', '1', 0, 0),
(872, 0, 0, 'Shubham Shambhu Gupta', '2020-21', '1', 1200, 0),
(873, 0, 0, 'Yetharth Ranjit Shende', '2020-21', '1', 0, 0),
(874, 0, 0, 'Darsh Raja Vishwakarma', '2020-21', '1', 0, 0),
(875, 0, 0, 'Aradhya Rajesh Bawane', '2020-21', '1', 1750, 0),
(876, 0, 0, 'Hanshuman Omshankar Darawate', '2020-21', '1', 0, 0),
(877, 0, 0, 'Lakshya Baldeo Urkude', '2020-21', '1', 0, 0),
(878, 0, 0, 'Prince Arvind Hatwar', '2020-21', '1', 1000, 0),
(879, 0, 0, 'Medhansh Indrapal Ninave', '2020-21', '1', 0, 0),
(880, 0, 0, 'Swara Sushil Aswale', '2020-21', '1', 0, 0),
(881, 0, 0, 'Pakhi Dhanraj Bhoyar', '2020-21', '1', 0, 0),
(882, 0, 0, 'Sanj Amit Chaudhary', '2020-21', '1', 1750, 0),
(883, 0, 0, 'Ananya Bhimrao Shende', '2020-21', '1', 0, 0),
(884, 0, 0, 'Utkarsha Sandip Kawale', '2020-21', '1', 0, 0),
(885, 0, 0, 'Avani Arvind Sarve', '2020-21', '1', 3750, 0),
(887, 0, 0, 'Mrunali Dharmendra Maske', '2020-21', '1', 0, 0),
(888, 0, 0, 'Tapsavi Amol Manegurde', '2020-21', '1', 0, 0),
(890, 0, 0, 'Ishika Moreshwar Shende', '2020-21', '1', 1750, 0),
(891, 0, 0, 'Vedika Waman Shinde', '2020-21', '1', 3750, 0),
(892, 0, 0, 'Vedika Vilas Meshram', '2020-21', '1', 0, 0),
(893, 0, 0, 'Bhumi Prashant Pawar', '2020-21', '1', 0, 0),
(894, 0, 0, 'Kimaya Ramrao Tumsare', '2020-21', '1', 3750, 0),
(895, 0, 0, 'Vidisha Dinesh Bhoyar', '2020-21', '1', 0, 0),
(896, 0, 0, 'Kaveri Sunil Waghade', '2020-21', '1', 3750, 0),
(898, 0, 0, 'Siddhi Shravan Thaware', '2020-21', '1', 0, 0),
(899, 0, 0, 'Harsha Moreshwar Kurjekar', '2020-21', '1', 0, 0),
(900, 0, 0, 'Tejasvi Nivrutti Sonwane', '2020-21', '1', 0, 0),
(901, 0, 0, 'Naman Vasanta Bawane', '2020-21', '1', 0, 0),
(902, 0, 0, 'Naman Mangesh Shende', '2020-21', '1', 0, 0),
(903, 0, 0, 'Manthan Yogesh Chakole', '2020-21', '1', 3750, 0),
(905, 0, 0, 'Vinit Ganesh Jambhulkar', '2020-21', '1', 0, 0),
(906, 0, 0, 'Naksh Tarachand Kohad', '2020-21', '1', 3750, 0),
(907, 0, 0, 'Kaushik Jaipal Kalambe', '2020-21', '1', 3750, 0),
(908, 0, 0, 'Priyanshu Chandrashankar Nimje', '2020-21', '1', 0, 0),
(909, 0, 0, 'Tushit Rajesh Ninave', '2020-21', '1', 0, 0),
(910, 0, 0, 'Krishna Brijendra Pandey', '2020-21', '1', 0, 0),
(911, 0, 0, 'Hemant Rohan Sontakke', '2020-21', '1', 2550, 2550),
(912, 0, 0, 'Kanak Dayaneshwar Shrawaukar', '2020-21', '1', 3750, 0),
(913, 0, 0, 'Aayush Gopal Dhomne', '2020-21', '1', 0, 0),
(915, 0, 0, 'Prathmesh Santosh Rohankar', '2020-21', '1', 0, 0),
(916, 0, 0, 'Md Aarif Sahid Sheikh', '2020-21', '1', 3750, 0),
(917, 0, 0, 'Afazal Firoj Sheikh', '2020-21', '1', 3750, 0),
(918, 0, 0, 'Suraj Rajkumar Gochhayat', '2020-21', '1', 0, 0),
(919, 0, 0, 'Aaryan Dilip Gaidhane', '2020-21', '1', 0, 0),
(920, 0, 0, 'Tinku Mahesh Rakhade', '2020-21', '1', 0, 0),
(921, 0, 0, 'Himani Rajkumar Borkar', '2020-21', '1', 0, 0),
(922, 0, 0, 'Anuj Pradip Mehar', '2020-21', '1', 0, 0),
(923, 0, 0, 'Kavyanjali Kailas Fendar', '2020-21', '1', 0, 0),
(924, 0, 0, 'Aaradhya Prashant Motghare', '2020-21', '1', 0, 0),
(926, 0, 0, 'Shravani Dnyaneshwar Vaidya', '2020-21', '1', 0, 0),
(927, 0, 0, 'Deep Gautam Tambe', '2020-21', '1', 0, 0),
(928, 0, 0, 'Dhanshree Arvind Hatwar', '2020-21', '1', 1500, 0),
(929, 0, 0, 'Bani Satish Kurve', '2020-21', '1', 0, 0),
(930, 0, 0, 'Mohammad Altamash Mohammad Niyaz Ansari', '2020-21', '1', 0, 0),
(931, 0, 0, 'Arav Yogesh Thaware', '2020-21', '1', 0, 0),
(932, 0, 0, 'Atharv Vijay Tijare', '2020-21', '1', 0, 0),
(933, 0, 0, 'Vedant Dinesh Gaidhane', '2020-21', '1', 0, 0),
(934, 0, 0, 'Iccha Vishnu Karemore', '2020-21', '1', 0, 0),
(935, 0, 0, 'Nandini Ganesh Sarve', '2020-21', '1', 0, 0),
(936, 0, 0, 'Suraj Anil Yadav', '2020-21', '1', 2300, 0),
(937, 0, 0, 'Soham Dinesh Mankar', '2020-21', '1', 0, 0),
(939, 0, 0, 'Harshal Harichandra Dhakate', '2020-21', '1', 0, 0),
(940, 0, 0, 'Jijansh Dinesh Mankar', '2020-21', '1', 4300, 0),
(941, 0, 0, 'Sameer Krushna Raut', '2020-21', '1', 0, 0),
(942, 0, 0, 'Shrushti Chudaman Dhande', '2020-21', '1', 4300, 0),
(943, 0, 0, 'Saksham Santosh Hatwar', '2020-21', '1', 1800, 0),
(945, 0, 0, 'Kunal Laxman Havre', '2020-21', '1', 0, 0),
(948, 0, 0, 'Utkarsh Chandrakant Nagpure', '2020-21', '1', 4300, 0),
(949, 0, 0, 'Atharv Arvind Nimbalkar', '2020-21', '1', 0, 0),
(950, 0, 0, 'Unnati Vilas Rahate', '2020-21', '1', 2000, 0),
(951, 0, 0, 'Prathmesh Ramdas Borikar', '2020-21', '1', 0, 0),
(952, 0, 0, 'Vansh Madhukar Lende', '2020-21', '1', 0, 0),
(953, 0, 0, 'Shri Prashant Barbate', '2020-21', '1', 4300, 0),
(954, 0, 0, 'Aryan Bharat Thakare', '2020-21', '1', 0, 0),
(955, 0, 0, 'Prehanshi Lokesh Wadibhasme', '2020-21', '1', 0, 0),
(956, 0, 0, 'Laksh Abhishek Shamkuvar', '2020-21', '1', 0, 0),
(957, 0, 0, 'Vinit Shivshankar Vaidya', '2020-21', '1', 0, 0),
(958, 0, 0, 'Naksh Rameshwar Punde', '2020-21', '1', 0, 0),
(959, 0, 0, 'Sanchita Tulsidas Padole', '2020-21', '1', 0, 0),
(960, 0, 0, 'Aasavari Ravi Shahare', '2020-21', '1', 4300, 0),
(961, 0, 0, 'Aaradhya Mukesh Gajbhiye', '2020-21', '1', 4300, 0),
(962, 0, 0, 'Palak Mangesh Vaidya', '2020-21', '1', 4300, 0),
(963, 0, 0, 'Vedanti Ganesh Sarve', '2020-21', '1', 4300, 0),
(964, 0, 0, 'Purvi Suresh Hatwar', '2020-21', '1', 0, 0),
(965, 0, 0, 'Tanvi Mahendra Mahajan', '2020-21', '1', 4300, 0),
(966, 0, 0, 'Zoya Fatima Mohsin Baig', '2020-21', '1', 0, 0),
(968, 0, 0, 'Riddhi Jugal Soni', '2020-21', '1', 0, 0),
(969, 0, 0, 'Mahi Chandral Ambule', '2020-21', '1', 4300, 0),
(971, 0, 0, 'Manavi Ravi Awasare', '2020-21', '1', 6050, 1750),
(972, 0, 0, 'Palak Pradip Biswas', '2020-21', '1', 0, 0),
(973, 0, 0, 'Ayesha Fatema Mirza Altaf Baig', '2020-21', '1', 4300, 0),
(974, 0, 0, 'Pariniti Vilas Bawane', '2020-21', '1', 9750, 0),
(975, 0, 0, 'Nileeya Diwakar Charde', '2020-21', '1', 0, 0),
(976, 0, 0, 'Anvi Vijay Dongre', '2020-21', '1', 0, 0),
(977, 0, 0, 'Bhupali Suresh Fandi', '2020-21', '1', 0, 0),
(978, 0, 0, 'Jivika Gajendra Fulbandhe', '2020-21', '1', 8550, 4250),
(979, 0, 0, 'Shivani Nitish Gautam', '2020-21', '1', 0, 0),
(980, 0, 0, 'Siddhi Sachin Gade', '2020-21', '1', 7300, 3000),
(981, 0, 0, 'Neha Hirachand Gedekar', '2020-21', '1', 4300, 0),
(982, 0, 0, 'Gitika Prakash Kuhikar', '2020-21', '1', 2300, 0),
(984, 0, 0, 'Tarunya Dinesh Mehar', '2020-21', '1', 0, 0),
(985, 0, 0, 'Anjali Indrajeet Madankar', '2020-21', '1', 0, 0),
(986, 0, 0, 'Navya Rajesh Nandanwar', '2020-21', '1', 0, 0),
(987, 0, 0, 'Srushti Sharad Paradhi', '2020-21', '1', 4300, 0),
(988, 0, 0, 'Kiran Udaybhan Pal', '2020-21', '1', 6850, 0),
(989, 0, 0, 'Tanvi Munna Shrirame', '2020-21', '1', 0, 0),
(990, 0, 0, 'Vanshika Narendra Singh', '2020-21', '1', 4300, 0),
(991, 0, 0, 'Niharika Gautam Sahare', '2020-21', '1', 0, 0),
(992, 0, 0, 'Aaliya Fatima Firoj Sheikh', '2020-21', '1', 4300, 0),
(993, 0, 0, 'Akanksha Bharat Thakre', '2020-21', '1', 0, 0),
(994, 0, 0, 'Manasvi Tarachand Kohad', '2020-21', '1', 4300, 0),
(995, 0, 0, 'Atharv Dilip Borkar', '2020-21', '1', 0, 0),
(996, 0, 0, 'Anujkumar Shivprasad Kewat', '2020-21', '1', 8850, 4550),
(997, 0, 0, 'Aman Multan Khan', '2020-21', '1', 4300, 0),
(998, 0, 0, 'Arpit Bharat Marbate', '2020-21', '1', 4300, 0),
(999, 0, 0, 'Krishna Madhukar Madane', '2020-21', '1', 0, 0),
(1000, 0, 0, 'Abhinav Kishor Narnaware', '2020-21', '1', 0, 0),
(1001, 0, 0, 'Harsh Pankaj Potbhare', '2020-21', '1', 4400, 0),
(1002, 0, 0, 'Raj Shalik Padole', '2020-21', '1', 0, 0),
(1003, 0, 0, 'Chetan Sunil Pahade', '2020-21', '1', 2900, 0),
(1004, 0, 0, 'Khamang Yuvraj Roshankhede', '2020-21', '1', 0, 0),
(1005, 0, 0, 'Himanshu Bhimrao Raut', '2020-21', '1', 4300, 0),
(1006, 0, 0, 'Dhiraj Dnyaneshwar Shrwankar', '2020-21', '1', 4300, 0),
(1007, 0, 0, 'Aradhya Krishna Thakre', '2020-21', '1', 0, 0),
(1008, 0, 0, 'Aryan Mukeshkumar Vaidhya', '2020-21', '1', 4300, 0),
(1009, 0, 0, 'Govind Kamalakar Wadibhasme', '2020-21', '1', 4300, 0),
(1010, 0, 0, 'Kartik Balaji Wavdhane', '2020-21', '1', 5650, 1350),
(1012, 0, 0, 'Vihant Ravindra Thawkar', '2020-21', '1', 0, 0),
(1014, 0, 0, 'Pradnyan Ajay Suryawanshi', '2020-21', '1', 0, 0),
(1015, 0, 0, 'Divyanshu Sachin Thawkar', '2020-21', '1', 4300, 0),
(1016, 0, 0, 'Atharv Duryodhan Gondane', '2020-21', '1', 4300, 0),
(1017, 0, 0, 'Taiba Fatema Ajaj Baig', '2020-21', '1', 4300, 0),
(1018, 0, 0, 'Mahi Manoj Hatwar', '2020-21', '1', 0, 0),
(1019, 0, 0, 'Aaradhya Ashish Rewatkar', '2020-21', '1', 0, 0),
(1020, 0, 0, 'Chaitanya Dinesh Mehar', '2020-21', '1', 0, 0),
(1021, 0, 0, 'Aastha Mukesh Vaidya', '2020-21', '1', 1100, 0),
(1022, 0, 0, 'Shivanya Rakesh Dhurve', '2020-21', '1', 1100, 0),
(1023, 0, 0, 'Riddhi Sanjay Chachere', '2020-21', '1', 1100, 0),
(1024, 0, 0, 'Srushti Atul Khewale', '2020-21', '1', 1100, 0),
(1025, 0, 0, 'Rutuja Khushal Bhute', '2020-21', '1', 1100, 0),
(1026, 0, 0, 'Sanavi Tulshidas Padole', '2020-21', '1', 0, 0),
(1027, 0, 0, 'Nidhi Chandrashekhar Bangade', '2020-21', '1', 1100, 0),
(1028, 0, 0, 'Mahi Goutam Ramteke', '2020-21', '1', 1100, 0),
(1029, 0, 0, 'Awani Pradip Bhadade', '2020-21', '1', 1100, 0),
(1030, 0, 0, 'Alvira Riyaz Chhaware', '2020-21', '1', 1100, 0),
(1031, 0, 0, 'Priyal Omprakash Parate', '2020-21', '1', 0, 0),
(1032, 0, 0, 'Arohi Chetan Atkare', '2020-21', '1', 0, 0),
(1033, 0, 0, 'Shivanya Dhyaneshwar Dahare', '2020-21', '1', 0, 0),
(1034, 0, 0, 'Toshika Khushal Nikhare', '2020-21', '1', 1100, 0),
(1035, 0, 0, 'Isita Roshan Chalpe', '2020-21', '1', 0, 0),
(1036, 0, 0, 'Sahili Umesh Dhawade', '2020-21', '1', 1100, 0),
(1037, 0, 0, 'Ruhi Nikesh Kanekar', '2020-21', '1', 0, 0),
(1038, 0, 0, 'Aarya Bhagwan Nikhare', '2020-21', '1', 0, 0),
(1039, 0, 0, 'Ritvika Goutam Bhivgade', '2020-21', '1', 1100, 0),
(1040, 0, 0, 'Gavri Ramesh Kumbhalkar', '2020-21', '1', 0, 0),
(1042, 0, 0, 'Bhavya Sachin Fukat', '2020-21', '1', 1100, 0),
(1043, 0, 0, 'Riyansh Sunil Vaidya', '2020-21', '1', 0, 0),
(1044, 0, 0, 'Pushkar Ravindra Waghmare', '2020-21', '1', 1100, 0),
(1045, 0, 0, 'Chirag Rajesh Bhongade', '2020-21', '1', 1100, 0),
(1046, 0, 0, 'Shourya Sandip Bhoyar', '2020-21', '1', 1100, 0),
(1047, 0, 0, 'Shorya Laxman Panchabudhe', '2020-21', '1', 1100, 0),
(1048, 0, 0, 'Manav Pralhaad Tighare', '2020-21', '1', 1100, 0),
(1049, 0, 0, 'Harshal Nilesh Waghmare', '2020-21', '1', 0, 0),
(1050, 0, 0, 'Shrawan Abhishek Shyamkuwar', '2020-21', '1', 0, 0),
(1051, 0, 0, 'Shrutik Parvir Ukey', '2020-21', '1', 1100, 0),
(1052, 0, 0, 'Soham Vijay Dhanjode', '2020-21', '1', 0, 0),
(1053, 0, 0, 'Aditya Rajkumar Kangali', '2020-21', '1', 0, 0),
(1054, 0, 0, 'Prasad Kailas Jadhav', '2020-21', '1', 0, 0),
(1055, 0, 0, 'Shreyash Arun Lande', '2020-21', '1', 1100, 0),
(1056, 0, 0, 'Guddu Nanuram Bana', '2020-21', '1', 1100, 0),
(1057, 0, 0, 'Rushabh Raybhan Gedekar', '2020-21', '1', 1100, 0),
(1058, 0, 0, 'Riddhi Pramod Gedekar', '2020-21', '1', 1100, 0),
(1059, 0, 0, 'Sharvil Paritosh Dolas', '2020-21', '1', 1100, 0),
(1060, 0, 0, 'Nidhi Ganesh Mankar', '2020-21', '1', 0, 0),
(1061, 0, 0, 'Avani Ankush Panchbudhe', '2020-21', '1', 1100, 0),
(1062, 0, 0, 'Rabiyafatma Mohammad. Niyaz Ansari', '2020-21', '1', 1100, 0),
(1063, 0, 0, 'Rusdafatema Sharik Sheikh', '2020-21', '1', 1100, 0),
(1064, 0, 0, 'Anuska Pravin Bhoyar', '2020-21', '1', 1100, 0),
(1065, 0, 0, 'Shivanya Chaitnya Gawande', '2020-21', '1', 1100, 0),
(1066, 0, 0, 'Riddhi Prashant Ade', '2020-21', '1', 1100, 0),
(1067, 0, 0, 'Anam Toranlal Patle', '2020-21', '1', 0, 0),
(1068, 0, 0, 'Gunjan Liladhar Vaidya', '2020-21', '1', 1100, 0),
(1069, 0, 0, 'Rajnandini Sunil Sharma', '2020-21', '1', 1100, 0),
(1070, 0, 0, 'Prerna Ravindra Thakre', '2020-21', '1', 1100, 0),
(1073, 0, 0, 'Kanishka Jitendra Hirekhan', '2020-21', '1', 1100, 0),
(1074, 0, 0, 'Swara Prabhakar Rangari', '2020-21', '1', 1100, 0),
(1075, 0, 0, 'Swara Sunil Tiwade', '2020-21', '1', 1100, 0),
(1076, 0, 0, 'Sharayu Vinayak Kosalkar', '2020-21', '1', 1100, 0),
(1077, 0, 0, 'Sanvi Ghanshyam kuhite', '2020-21', '1', 1100, 0),
(1078, 0, 0, 'Priyal Premlal Thombare', '2020-21', '1', 1100, 0),
(1079, 0, 0, 'Shahnawaz Beg Aslam Beg Mirza', '2020-21', '1', 1100, 0),
(1080, 0, 0, 'Azim Beg Altaf Beg Mirza', '2020-21', '1', 1100, 0),
(1081, 0, 0, 'Athrav Anil Shelke', '2020-21', '1', 1100, 0),
(1082, 0, 0, 'Ved Avinash Nikhare', '2020-21', '1', 1100, 0),
(1083, 0, 0, 'Sanskar Ghanshyam Motghare', '2020-21', '1', 1100, 0),
(1085, 0, 0, 'Ganesh Gopal Nishane', '2020-21', '1', 1100, 0),
(1086, 0, 0, 'Aaryan Rajesh Kumbhare', '2020-21', '1', 0, 0),
(1088, 0, 0, 'Aryan Lokesh Kirpan', '2020-21', '1', 0, 0),
(1089, 0, 0, 'Atharv Hemant Bhoyar', '2020-21', '1', 1100, 0),
(1090, 0, 0, 'Arnav Mahesh Nagpure', '2020-21', '1', 1100, 0),
(1092, 0, 0, 'Shavezbeg Ashfakbeg Mirza', '2020-21', '1', 1100, 0),
(1093, 0, 0, 'Samrat Atulkumar Chotmor', '2020-21', '1', 1100, 0),
(1094, 0, 0, 'Sayog Suresh Shende', '2020-21', '1', 1100, 0),
(1095, 0, 0, 'Krish Dinesh Kalambe', '2020-21', '1', 1100, 0),
(1096, 0, 0, 'Ajinkya Ajit Khobragade', '2020-21', '1', 0, 0),
(1097, 0, 0, 'Nayan Pankaj Bhoyar', '2020-21', '1', 1100, 0),
(1098, 0, 0, 'Yatharth Mahesh Dhomne', '2020-21', '1', 1100, 0),
(1099, 0, 0, 'Utkarsh Naresh Lande', '2020-21', '1', 1100, 0),
(1100, 0, 0, 'Soham Sachin Nikhare', '2020-21', '1', 1100, 0),
(1101, 0, 0, 'Rudra Rakesh Vaidya', '2020-21', '1', 1100, 0),
(1102, 0, 0, 'Mayank Mukesh Jaitwar', '2020-21', '1', 1100, 0),
(1103, 0, 0, 'Lawanya Raju Kumre', '2020-21', '1', 0, 0),
(1104, 0, 0, 'Sanskruti Pawan Tekam', '2020-21', '1', 1100, 0),
(1105, 0, 0, 'Nidhi Pravin Bante', '2020-21', '1', 0, 0),
(1106, 0, 0, 'Ananya Sudhammapal Meshram', '2020-21', '1', 0, 0),
(1107, 0, 0, 'Purvi Sandip Mulunde', '2020-21', '1', 0, 0),
(1108, 0, 0, 'Pradnya Rajuji Patil', '2020-21', '1', 0, 0),
(1109, 0, 0, 'Aradhya Rajesh Rehapade', '2020-21', '1', 0, 0),
(1110, 0, 0, 'Hitasha Umashankar Vaidya', '2020-21', '1', 0, 0),
(1111, 0, 0, 'Vaishnavi Ramdin Natiye', '2020-21', '1', 0, 0),
(1112, 0, 0, 'Rashi Narendra Pikalmunde', '2020-21', '1', 0, 0),
(1113, 0, 0, 'Ridhi Shrawan Rajgire', '2020-21', '1', 0, 0),
(1114, 0, 0, 'Sidhi Manoj Parate', '2020-21', '1', 0, 0),
(1115, 0, 0, 'Pranali Rameshwar Wakekar', '2020-21', '1', -200, 0),
(1116, 0, 0, 'Nidhi Ravi Sahare', '2020-21', '1', 7750, 0),
(1118, 0, 0, 'Lavanya Subhash Wankhede', '2020-21', '1', 4300, 0),
(1120, 0, 0, 'Pradnya Pradeep Bawane', '2020-21', '1', 4300, 0),
(1122, 0, 0, 'Shreya Sanjay Wadibhasme', '2020-21', '1', 4300, 0),
(1124, 0, 0, 'Paridi Prashant Meshram', '2020-21', '1', 4300, 0),
(1125, 0, 0, 'Anshul Sudhakar Dangre', '2020-21', '1', 0, 0),
(1126, 0, 0, 'Roshan Ravindra Jaunjalkar', '2020-21', '1', 0, 0),
(1127, 0, 0, 'Ishant Ganesh Kumbhalkar', '2020-21', '1', 0, 0),
(1128, 0, 0, 'Vicky Rajendra Narnaware', '2020-21', '1', 0, 0),
(1129, 0, 0, 'Ashwin Jitendra Rajbhar', '2020-21', '1', 0, 0),
(1130, 0, 0, 'Shreyash Rajesh Rangari', '2020-21', '1', 0, 0),
(1131, 0, 0, 'Aditya Jairam Wanjari', '2020-21', '1', 0, 0),
(1133, 0, 0, 'Avinash Satish Barai', '2020-21', '1', 0, 0),
(1135, 0, 0, 'Anshul Shrikant Gaidhane', '2020-21', '1', 4300, 0),
(1138, 0, 0, 'Vedant Sanjay Vaidya', '2020-21', '1', 700, 200),
(1139, 0, 0, 'Akshara Ajay Thote', '2020-21', '1', 0, 0),
(1140, 0, 0, 'Sambodhi Hemant Chandrikapure', '2020-21', '1', 2500, 0),
(1141, 0, 0, 'Janvi Dinesh Marbate', '2020-21', '1', -200, 0),
(1142, 0, 0, 'Kartik Onkar Thote', '2020-21', '1', 3300, 0),
(1143, 0, 0, 'Khushi Nanuram Bana', '2020-21', '1', 12900, 8600),
(1144, 0, 0, 'Sanvi Gautam Bhivgade', '2020-21', '1', 4300, 0),
(1146, 0, 0, 'Parul Anil Gahane', '2020-21', '1', 4300, 0),
(1147, 0, 0, 'Siona Pradip Godbole', '2020-21', '1', 4300, 2000),
(1152, 0, 0, 'Anjali Khemraj Nikhare', '2020-21', '1', -200, 0),
(1153, 0, 0, 'Anushka Ankush Panchbudhe', '2020-21', '1', 4300, 0),
(1154, 0, 0, 'Ayushi Digambar Satpute', '2020-21', '1', 3800, 0),
(1156, 0, 0, 'Gopika Moreshwar Shende', '2020-21', '1', 2000, 0),
(1157, 0, 0, 'Kunali Jageshwar Shravankar', '2020-21', '1', 4300, 0),
(1158, 0, 0, 'Ishika Durgesh Vaidya', '2020-21', '1', 4300, 0),
(1159, 0, 0, 'Teena Rajesh Vaidya', '2020-21', '1', -200, 0),
(1160, 0, 0, 'Ananya Chandramani Tambe', '2020-21', '1', 4300, 0),
(1161, 0, 0, 'Shoury Yogesh Gongle', '2020-21', '1', 0, 0),
(1163, 0, 0, 'Aryan Sudam Ikhar', '2020-21', '1', -200, 0),
(1164, 0, 0, 'Bhavesh Krushnagopal Jamunpane', '2020-21', '1', 300, 0),
(1165, 0, 0, 'Rakshit Udeybhan Kadu', '2020-21', '1', 6300, 2000),
(1166, 0, 0, 'Atharv Rajendra Khandal', '2020-21', '1', 4300, 0),
(1167, 0, 0, 'Sameer Aslam Khan', '2020-21', '1', 13400, 8000),
(1168, 0, 0, 'Naitik Arun Kumbhalkar', '2020-21', '1', 4300, 0),
(1169, 0, 0, 'Gaurav Mahendra Mahajan', '2020-21', '1', 4300, 0),
(1170, 0, 0, 'Manav Mahadeo Marbate', '2020-21', '1', 4300, 0),
(1171, 0, 0, 'Anshul Upas Pise', '2020-21', '1', -200, 0),
(1174, 0, 0, 'Prashik Vilas Shahare', '2020-21', '1', -200, 0),
(1175, 0, 0, 'Soumya Manoj Sonwane', '2020-21', '1', 2500, 0),
(1176, 0, 0, 'Tinku Ramaji Wade', '2020-21', '1', 4050, 0),
(1177, 0, 0, 'Prit Jatin Wadichar', '2020-21', '1', -200, 0),
(1178, 0, 0, 'Lokesh Manoj Kewat', '2020-21', '1', 4300, 0),
(1180, 0, 0, 'Alisha Fatima Astam Baig Mirza', '2020-21', '1', 3750, 0),
(1181, 0, 0, 'Arohi Virendra Ninave', '2020-21', '1', 0, 0),
(1182, 0, 0, 'Bhumi Arvind Rokade', '2020-21', '1', 3475, 3475),
(1183, 0, 0, 'Chitrangi Rushi Hatwar', '2020-21', '1', 0, 0),
(1184, 0, 0, 'Junehara Munawar Sayyad', '2020-21', '1', 0, 0),
(1185, 0, 0, 'Nandini Vijay Parate', '2020-21', '1', 0, 0),
(1186, 0, 0, 'Ovi Dashrath Maske', '2020-21', '1', 0, 0),
(1187, 0, 0, 'Ravi Rajesh Tagde', '2020-21', '1', 0, 0),
(1188, 0, 0, 'Shreya Sanjay Wadibhasme', '2020-21', '1', 0, 0),
(1189, 0, 0, 'Unnati Rajesh Ninave', '2020-21', '1', 0, 0),
(1191, 0, 0, 'Vrinda Haribhau Sonkusare', '2020-21', '1', 0, 0),
(1192, 0, 0, 'Rutuja Rampal Patre', '2020-21', '1', 3750, 0),
(1193, 0, 0, 'Anshika Mukesh Vaidya', '2020-21', '1', 3750, 0),
(1194, 0, 0, 'Aleha Firdas iliyas Sheikh', '2020-21', '1', 3750, 0),
(1195, 0, 0, 'Joya Riyaj Chhaware', '2020-21', '1', 3750, 0),
(1196, 0, 0, 'Shravani Anil Bawane', '2020-21', '1', 3750, 0),
(1197, 0, 0, 'Jivika Vilas Lanjewar', '2020-21', '1', 0, 0),
(1198, 0, 0, 'Ahil Baig Irfan Baig Mirza', '2020-21', '1', 4550, 4550),
(1201, 0, 0, 'Azmaan Aslam Chhaware', '2020-21', '1', 3750, 0),
(1202, 0, 0, 'Bhavesh Chandrakant Nagpure', '2020-21', '1', 3750, 0),
(1203, 0, 0, 'Daivesh Girdhar Thakre', '2020-21', '1', 3750, 0),
(1204, 0, 0, 'Jayesh Sawan Paserkar', '2020-21', '1', 0, 0),
(1205, 0, 0, 'Likhit Anil Akhare', '2020-21', '1', 0, 0),
(1206, 0, 0, 'Lucky Raybhan Thakre', '2020-21', '1', 3750, 0),
(1209, 0, 0, 'Shreyansh Prakash Borkar', '2020-21', '1', 0, 0),
(1210, 0, 0, 'Sushant Sanjay Dhawade', '2020-21', '1', 3750, 0),
(1211, 0, 0, 'Swaraj Prakash Taywade', '2020-21', '1', 0, 0),
(1212, 0, 0, 'Yatharth Sanjay Taywade', '2020-21', '1', 0, 0),
(1213, 0, 0, 'Krish Shard Pardhi', '2020-21', '1', 3750, 0),
(1217, 0, 0, 'Atharv Harish Sanekar', '2020-21', '1', 4550, 4550),
(1218, 0, 0, 'Gourav Pitambar Padole', '2020-21', '1', 0, 0),
(1219, 0, 0, 'Pranav Pradip Bawane', '2020-21', '1', 0, 0),
(1220, 0, 0, 'Mahek Rameshwar Parate', '2020-21', '1', 0, 0),
(1221, 0, 0, 'Meet Kalyan Basu', '2020-21', '1', 0, 0),
(1222, 0, 0, 'Shrey Rajkumar Meshram', '2021-22', '1', 0, 0),
(1224, 0, 0, 'Arhan Akaram Baig', '2020-21', '1', 3750, 0),
(1225, 0, 0, 'Aradhya Dhyaneshwar Ikhar', '2020-21', '1', 0, 0),
(1226, 0, 0, 'Ashi Sonu Dongre', '2020-21', '1', 5725, 1975),
(1229, 0, 0, 'Charul Hemant Chandrikapure', '2020-21', '1', 1950, 0),
(1230, 0, 0, 'Khanak Gangadhar Gottipatti', '2020-21', '1', 0, 0),
(1231, 0, 0, 'Ansh Arjun Tivade', '2020-21', '1', 3750, 0),
(1232, 0, 0, 'Lawanya Ghanshyam Bawankule', '2020-21', '1', 3750, 0),
(1233, 0, 0, 'Shraddha Bhaurao Sakharkar', '2020-21', '1', 0, 0),
(1234, 0, 0, 'Monjali Mukesh Mankar', '2020-21', '1', 0, 0),
(1235, 0, 0, 'Mauli Bandu Nagpure', '2020-21', '1', 0, 0),
(1236, 0, 0, 'Rushali Moreshwar Kirnapure', '2020-21', '1', 0, 0),
(1237, 0, 0, 'Rushali Sanjay Mandurkar', '2020-21', '1', 0, 0),
(1238, 0, 0, 'Saloni Yogiraj Nikhare', '2020-21', '1', 0, 0),
(1239, 0, 0, 'Siddhi Vijay Bhoyar', '2020-21', '1', 0, 0),
(1240, 0, 0, 'Simar Raju Khan', '2020-21', '1', 4550, 0),
(1241, 0, 0, 'Prince Bharat Maraskolhe', '2020-21', '1', 3750, 0),
(1242, 0, 0, 'Sejal Prashant Wakulkar', '2020-21', '1', 0, 0),
(1244, 0, 0, 'Swara Prashant Sangade', '2020-21', '1', 0, 0),
(1245, 0, 0, 'Suhani Nandu Shahare', '2020-21', '1', 1850, 0),
(1247, 0, 0, 'Yashika Vijay Dhanjode', '2020-21', '1', 0, 0),
(1249, 0, 0, 'Ayush Naresh Bhoyar', '2020-21', '1', 0, 0),
(1250, 0, 0, 'Arush Abhay Sarade', '2020-21', '1', 0, 0),
(1251, 0, 0, 'Bhavesh Prakash Rambhad', '2020-21', '1', 0, 0),
(1252, 0, 0, 'Gaurav Roopchand Ninawe', '2020-21', '1', 0, 0),
(1253, 0, 0, 'Hitesh Rajendra Choudhari', '2020-21', '1', 3750, 0),
(1254, 0, 0, 'Krish Narayan Tighare', '2020-21', '1', 3750, 0),
(1255, 0, 0, 'Nehant Arun Kumbalkar', '2020-21', '1', 3750, 0),
(1256, 0, 0, 'Pranay Istaru Dhoble', '2020-21', '1', 0, 0),
(1258, 0, 0, 'Ranvir Sandip Mulunde', '2020-21', '1', 3750, 0),
(1259, 0, 0, 'Rohit Puchhupal Kapgathe', '2020-21', '1', 12200, 2000),
(1260, 0, 0, 'Shlok Tarachand Nimje', '2020-21', '1', 0, 0),
(1261, 0, 0, 'Vihan Vijay Gomse', '2020-21', '1', 3750, 0),
(1262, 0, 0, 'Akansha Shambu Kakde', '2020-21', '1', 3750, 0),
(1263, 0, 0, 'Akshara Rajesh Vaidya', '2020-21', '1', 0, 0),
(1265, 0, 0, 'Gunjan Sandip Dhobale', '2020-21', '1', 0, 0),
(1266, 0, 0, 'Hemant Dhanraj Bachale', '2020-21', '1', 3750, 0),
(1268, 0, 0, 'Pariyusha Vishal Ranpariya', '2020-21', '1', 0, 0),
(1269, 0, 0, 'Ayush Mithun Kale', '2020-21', '1', 3750, 0),
(1271, 0, 0, 'Manav Ajay Lanjewar', '2020-21', '1', 3750, 0),
(1273, 0, 0, 'Mansavi Vijay Thakare', '2020-21', '1', 3750, 0),
(1274, 0, 0, 'Vedant Prakash Deshmukh', '2020-21', '1', 4300, 0),
(1289, 0, 0, 'Shruti Tejram Pise', '2020-21', '1', 0, 0),
(1290, 0, 0, 'Punishka Vinayak Gedekar', '2020-21', '1', 0, 0),
(1292, 0, 0, 'Mohit Gopichand Shinde', '2020-21', '1', 0, 0),
(1293, 0, 0, 'Om Raju Shinde', '2020-21', '1', 0, 0),
(1294, 0, 0, 'Soham Manoj Rahate', '2020-21', '1', 0, 0),
(1295, 0, 0, 'Swapnil Vishnu Madankar', '2020-21', '1', 0, 0),
(1296, 0, 0, 'Shreya Bhimrao Raut', '2020-21', '1', 5600, 0),
(1298, 0, 0, 'Nayankumar Tojram Mehar', '2020-21', '1', 0, 0),
(1299, 0, 0, 'Prince Ganesh Kardbhajne', '2020-21', '1', 0, 0),
(1300, 0, 0, 'Vansh Ajay Dadure', '2020-21', '1', 5500, 0),
(1301, 0, 0, 'Ananya Devidas Bhoyar', '2020-21', '1', 0, 0),
(1302, 0, 0, 'Achal Tojram Mehar', '2020-21', '1', 0, 0),
(1304, 0, 0, 'Sashwati Devidas Bhoyar', '2020-21', '1', -200, 0),
(1305, 0, 0, 'Labhesha Ajay Zalke', '2020-21', '1', 0, 0),
(1306, 0, 0, 'Ekta Shantikumar Hanke', '2020-21', '1', 0, 0),
(1307, 0, 0, 'Laksh Krishnamohan Jha', '2020-21', '1', 0, 0),
(1309, 0, 0, 'Alisha Kacharuji Shende', '2020-21', '1', 0, 0),
(1310, 0, 0, 'Manas Rajesh Mesharam', '2020-21', '1', 0, 0),
(1311, 0, 0, 'Santanu Madhukar Mate', '2020-21', '1', 0, 0),
(1312, 0, 0, 'Soham Kishor Titirmare', '2020-21', '1', 0, 0),
(1313, 0, 0, 'Sudhanshu Monish Bhivgade', '2020-21', '1', 0, 0),
(1314, 0, 0, 'Asalesha Indrajit Sukhdeve', '2020-21', '1', 0, 0),
(1315, 0, 0, 'Rushika Pankaj Akare', '2020-21', '1', 0, 0),
(1316, 0, 0, 'Chhavi Moreshwar Shingade', '2020-21', '1', 0, 0),
(1317, 0, 0, 'Shrawani Ajay Akare', '2020-21', '1', 0, 0),
(1318, 0, 0, 'Drushti Vijay Lende', '2020-21', '1', 0, 0),
(1319, 0, 0, 'Priyanshi Sanjay Sapate', '2020-21', '1', 0, 0),
(1320, 0, 0, 'Khanak Arun Gade', '2020-21', '1', 0, 0),
(1321, 0, 0, 'Radha Yogeshji Bharne', '2020-21', '1', 0, 0),
(1322, 0, 0, 'Sushant Sunil Lodhi', '2020-21', '1', 3750, 0),
(1323, 0, 0, 'Ansh Trilok Yadav', '2020-21', '1', 750, 0),
(1324, 0, 0, 'Shriyut Naresh Shende', '2020-21', '1', 3750, 0),
(1331, 0, 0, 'Mayur Chandraprakash Rahangdale', '2021-22', '1', 0, 0),
(1332, 0, 0, 'Avanika Jugalkishor Soni', '2021-22', '1', 0, 0),
(1333, 0, 0, 'Nandani Krushnagopal Jamupane', '2021-22', '1', 0, 0),
(1334, 0, 0, 'Nandani Krushnagopal Jamupane', '2021-22', '1', 0, 0),
(1335, 0, 0, 'Nandani Krushnagopal Jamupane', '2021-22', '1', 0, 0),
(1336, 0, 0, 'Arpana Mrutunjay Vishwakarma', '2021-22', '1', 0, 0),
(1337, 0, 0, 'Akhil Vijay Khushram', '2021-22', '1', 0, 0),
(1338, 0, 0, 'Runal Rajesh Tagde', '2021-22', '1', 0, 0),
(1339, 0, 0, 'Shragvi Vishal Meshram', '2021-22', '1', 0, 0),
(1340, 0, 0, 'Yug Dinesh Gaidhane', '2021-22', '1', 1100, 0),
(1341, 0, 0, 'Chinmay Chandrashekhar Nimaje', '2021-22', '1', 0, 0),
(1342, 0, 0, 'Sanavi Vijay Bhoyar', '2021-22', '1', 1100, 0),
(1343, 0, 0, 'Arohi Yogesh Kelwade', '2021-22', '1', 0, 0),
(1344, 0, 0, 'Ritika Navnit Thombre', '2021-22', '1', 1100, 0),
(1345, 0, 0, 'Pragati Rohidas Ture', '2021-22', '1', 0, 0),
(1346, 0, 0, 'Vanshil Surendra Telangrao', '2021-22', '1', 0, 0),
(1347, 0, 0, 'Aradhya Subhash Sivankar', '2021-22', '1', 0, 0),
(1348, 0, 0, 'Jiya Nitesh Kohpare', '2021-22', '1', 0, 0),
(1349, 0, 0, 'Vedansh Dharmendra Khavase', '2021-22', '1', 0, 0),
(1350, 0, 0, 'Sharthak Sanjay Wadibhasame', '2021-22', '1', 0, 0),
(1351, 0, 0, 'Ummehani Munwwar Ali Sayyad', '2021-22', '1', 1100, 0),
(1352, 0, 0, 'Gunmay Pravin Bante', '2021-22', '1', 0, 0),
(1353, 0, 0, 'Vihant Laxman Haware', '2021-22', '1', 0, 0),
(1354, 0, 0, 'Dipanshu Yogiraj Nikhare', '2021-22', '1', 0, 0),
(1355, 0, 0, 'Nishchay Atul Panchbudhe', '2021-22', '1', 1100, 0),
(1356, 0, 0, 'Shivanshi Ravindra Thawkar', '2021-22', '1', 0, 0),
(1357, 0, 0, 'Shreyas Yogesh Bawane', '2021-22', '1', 0, 0),
(1358, 0, 0, 'Riya Pradip Motghare', '2021-22', '1', 0, 0),
(1359, 0, 0, 'Vihan Shyamsundar Motghare', '2021-22', '1', 1100, 0),
(1360, 0, 0, 'Ruhnika Dilip Shende', '2021-22', '1', 0, 0),
(1361, 0, 0, 'Atharv Baldev Narnavare', '2021-22', '1', 1100, 0),
(1362, 0, 0, 'Pratham Lahu Marbate', '2021-22', '1', 0, 0),
(1363, 0, 0, 'Yugant Mahendra Bante', '2021-22', '1', 0, 0),
(1364, 0, 0, 'Sanaya Bharat Marbate', '2021-22', '1', 1100, 0),
(1365, 0, 0, 'Mohd. Naman Iliyas Sheikh', '2021-22', '1', 1100, 0),
(1366, 0, 0, 'Himanshu Budhram Sahu', '2021-22', '1', 0, 0),
(1367, 0, 0, 'Sourya Ishwar Bawane', '2021-22', '1', 1100, 0),
(1368, 0, 0, 'Drushti Liladhar Vaidya', '2021-22', '1', 1100, 0),
(1369, 0, 0, 'Nidhi Mangesh Kathale', '2021-22', '1', 0, 0),
(1370, 0, 0, 'Riddhant Yashwant Dhore', '2021-22', '1', 1100, 0),
(1371, 0, 0, 'Ansh Anand Charde', '2021-22', '1', 1100, 0),
(1372, 0, 0, 'Vioni Sawan Hajare', '2021-22', '1', 0, 0),
(1373, 0, 0, 'Om Suresh Usare', '2021-22', '1', 0, 0),
(1374, 0, 0, 'Riyansh Murlidhar Hatwar', '2021-22', '1', 1100, 0),
(1375, 0, 0, 'Rudra Govinda Vaidya', '2021-22', '1', 0, 0),
(1376, 0, 0, 'Jigyansha Nivaruti Sonwane', '2021-22', '1', 0, 0),
(1377, 0, 0, 'Vihan Pintu Malangkar', '2021-22', '1', 1100, 0),
(1378, 0, 0, 'Sanvi Vilash Katwale', '2021-22', '1', 0, 0),
(1379, 0, 0, 'Paridhi Pramod Giri', '2021-22', '1', 0, 0),
(1380, 0, 0, 'Ovi Roshan Bhadade', '2021-22', '1', 1100, 0),
(1381, 0, 0, 'Mahi Arvind Shende', '2021-22', '1', 0, 0),
(1382, 0, 0, 'Vihan Laxman Barapatre', '2021-22', '1', 1100, 0),
(1388, 0, 0, 'Vaishnavi Nitin Shende', '2019-20', '1', 5500, 0),
(1395, 0, 0, 'Yash Ajay Nimbalkar', '2020-21', '1', 0, 0);

-- --------------------------------------------------------

--
-- Table structure for table `toppers`
--

CREATE TABLE `toppers` (
  `id` int(255) NOT NULL,
  `image` varchar(255) DEFAULT NULL,
  `name` varchar(255) DEFAULT NULL,
  `year` varchar(255) DEFAULT NULL,
  `class` varchar(255) DEFAULT NULL
) ENGINE=InnoDB DEFAULT CHARSET=latin1 COLLATE=latin1_swedish_ci;

-- --------------------------------------------------------

--
-- Table structure for table `users`
--

CREATE TABLE `users` (
  `user_id` int(11) NOT NULL,
  `user-type` enum('user','super-user') NOT NULL,
  `student` bit(1) NOT NULL,
  `promote` bit(1) NOT NULL,
  `class_section` bit(1) NOT NULL,
  `teacher` bit(1) NOT NULL,
  `payment` bit(1) NOT NULL,
  `fees` bit(1) NOT NULL,
  `leaving_certificate` bit(1) NOT NULL,
  `website_contain` bit(1) NOT NULL,
  `reports` bit(1) NOT NULL,
  `user` bit(1) NOT NULL,
  `username` varchar(255) NOT NULL,
  `password` varchar(255) NOT NULL,
  `fname` varchar(255) NOT NULL,
  `lname` varchar(255) NOT NULL,
  `email` varchar(255) NOT NULL
) ENGINE=InnoDB DEFAULT CHARSET=latin1 COLLATE=latin1_swedish_ci;

--
-- Dumping data for table `users`
--

INSERT INTO `users` (`user_id`, `user-type`, `student`, `promote`, `class_section`, `teacher`, `payment`, `fees`, `leaving_certificate`, `website_contain`, `reports`, `user`, `username`, `password`, `fname`, `lname`, `email`) VALUES
(8, 'super-user', b'1', b'1', b'1', b'1', b'1', b'1', b'1', b'1', b'1', b'1', 'admin', '628592c2ace26d6d9fc1c32f5e021fc4ac518ae6', 'Little Birds', 'Admin', 'admin@gmail.com');

-- --------------------------------------------------------

--
-- Table structure for table `user_access`
--

CREATE TABLE `user_access` (
  `accessID` int(10) NOT NULL,
  `user_id` int(10) DEFAULT NULL,
  `modules` longtext CHARACTER SET utf8mb4 COLLATE utf8mb4_bin DEFAULT NULL CHECK (json_valid(`modules`)),
  `submodules` longtext CHARACTER SET utf8mb4 COLLATE utf8mb4_bin DEFAULT NULL CHECK (json_valid(`submodules`)),
  `userDesID` int(10) DEFAULT NULL,
  `userCatID` int(10) DEFAULT NULL,
  `statusID` int(2) DEFAULT NULL,
  `created_by` int(10) DEFAULT NULL,
  `created_at` datetime DEFAULT current_timestamp(),
  `modified_by` int(10) DEFAULT NULL,
  `modifed_at` datetime DEFAULT NULL ON UPDATE current_timestamp()
) ENGINE=InnoDB DEFAULT CHARSET=utf8mb4 COLLATE=utf8mb4_general_ci;

--
-- Dumping data for table `user_access`
--

INSERT INTO `user_access` (`accessID`, `user_id`, `modules`, `submodules`, `userDesID`, `userCatID`, `statusID`, `created_by`, `created_at`, `modified_by`, `modifed_at`) VALUES
(3, 1, '[\"STUD\",\"PROM\",\"CLSE\",\"PAYM\",\"FEES\",\"LETC\",\"REPO\",\"SMSM\",\"BONA\",\"ACAD\",\"ESTP\",\"EXAM\",\"ATEN\"]', '{\"Manage_Student\":[\"1\",\"2\",\"3\",\"4\"],\"Manage_Pramotion\":[\"1\",\"2\",\"3\",\"4\"],\"Manage_Class_N_Section\":[\"1\",\"2\",\"3\",\"4\"],\"Make_Payment\":[\"1\",\"2\",\"3\",\"4\"],\"Payment_Receipt\":[\"1\",\"2\",\"3\",\"4\"],\"Manage_Expences\":[\"1\",\"2\",\"3\",\"4\"],\"Manage_Fees\":[\"1\",\"2\",\"3\",\"4\"],\"Manage_Fees_Automation\":[\"1\",\"2\",\"3\",\"4\"],\"Manage_Leaving\":[\"1\",\"2\",\"3\",\"4\"],\"Student_information\":[\"1\"],\"Manage_SMS\":[\"1\"],\"Manage_Users\":null,\"Manage_Bonafide\":[\"1\",\"2\",\"3\",\"4\"],\"Manage_Acadamic_Year\":[\"1\",\"2\",\"3\",\"4\"],\"Old_Student\":[\"1\"],\"Date_Wise_Payment\":[\"1\"],\"Leaving_Report\":[\"1\"],\"Manage_Designation\":null,\"Exam_Title_Setup\":[\"1\",\"2\"],\"Subject_Setup\":[\"1\",\"2\",\"3\",\"4\"],\"Grades_Setup\":[\"1\"],\"Acadamic_Exam_Setup\":[\"1\",\"2\"],\"Paper_Setup\":[\"1\",\"2\",\"3\",\"4\"],\"Exam_Result\":[\"1\",\"2\",\"3\",\"4\"],\"Attendance_N_Weight\":[\"1\",\"2\",\"3\",\"4\"],\"Final_Result\":[\"1\",\"2\",\"3\",\"4\"],\"Gallery\":null,\"Outstanding_Fee_Report\":null,\"Attendance_Setup\":[\"1\",\"2\",\"3\",\"4\"],\"Holiday_Setup\":[\"1\",\"2\",\"3\",\"4\"]}', 8, 1, 1, 8, '2024-07-31 14:28:56', 2, '2024-09-24 20:02:59'),
(4, 2, '[\"STUD\",\"PROM\",\"CLSE\",\"PAYM\",\"FEES\",\"LETC\",\"REPO\",\"SMSM\",\"USER\",\"BONA\",\"ACAD\",\"ESTP\",\"EXAM\",\"WEBM\"]', '{\"Manage_Student\":[\"1\",\"2\",\"3\",\"4\"],\"Manage_Pramotion\":[\"1\",\"2\",\"3\",\"4\"],\"Manage_Class_N_Section\":[\"1\",\"2\",\"3\",\"4\"],\"Make_Payment\":[\"1\",\"2\",\"3\",\"4\"],\"Payment_Receipt\":[\"1\",\"2\",\"3\",\"4\"],\"Manage_Expences\":[\"1\",\"2\",\"3\",\"4\"],\"Manage_Fees\":[\"1\",\"2\",\"3\",\"4\"],\"Manage_Fees_Automation\":[\"1\",\"2\",\"3\",\"4\"],\"Manage_Leaving\":[\"1\",\"2\",\"3\",\"4\"],\"Student_information\":[\"1\"],\"Manage_SMS\":[\"1\",\"2\",\"3\",\"4\"],\"Manage_Users\":[\"1\",\"2\",\"3\",\"4\"],\"Manage_Bonafide\":[\"1\",\"2\",\"3\",\"4\"],\"Manage_Acadamic_Year\":[\"1\",\"2\",\"3\",\"4\"],\"Old_Student\":[\"1\"],\"Date_Wise_Payment\":[\"1\"],\"Leaving_Report\":[\"1\"],\"Manage_Designation\":[\"1\",\"2\",\"3\",\"4\"],\"Exam_Title_Setup\":[\"1\",\"2\",\"3\",\"4\"],\"Subject_Setup\":[\"1\",\"2\",\"3\",\"4\"],\"Grades_Setup\":[\"1\",\"2\",\"3\",\"4\"],\"Acadamic_Exam_Setup\":[\"1\",\"2\",\"3\",\"4\"],\"Paper_Setup\":[\"1\",\"2\",\"3\",\"4\"],\"Exam_Result\":[\"1\",\"2\",\"3\",\"4\"],\"Attendance_N_Weight\":[\"1\",\"2\",\"3\",\"4\"],\"Final_Result\":[\"1\",\"2\",\"3\",\"4\"],\"Gallery\":[\"1\"],\"Outstanding_Fee_Report\":[\"1\"]}', 1, 1, 1, 1, '2024-08-01 16:19:06', 2, '2024-09-02 20:27:40');

-- --------------------------------------------------------

--
-- Table structure for table `user_category`
--

CREATE TABLE `user_category` (
  `userCatID` int(10) NOT NULL,
  `category` varchar(100) DEFAULT NULL,
  `statusID` int(2) NOT NULL,
  `created_by` int(10) DEFAULT 0,
  `created_at` datetime DEFAULT current_timestamp(),
  `modified_by` int(10) DEFAULT 0,
  `modified_at` datetime DEFAULT NULL ON UPDATE current_timestamp()
) ENGINE=InnoDB DEFAULT CHARSET=utf8mb4 COLLATE=utf8mb4_general_ci;

--
-- Dumping data for table `user_category`
--

INSERT INTO `user_category` (`userCatID`, `category`, `statusID`, `created_by`, `created_at`, `modified_by`, `modified_at`) VALUES
(1, 'Admin', 1, 0, '2024-08-01 15:12:50', 0, NULL),
(2, 'Management', 1, 0, '2024-08-01 15:12:50', 0, '2024-08-01 15:13:00'),
(3, 'Teaching-Staff', 1, 0, '2024-08-01 15:12:50', 0, NULL),
(4, 'Non-Teaching Staff', 1, 0, '2024-08-01 15:12:50', 0, NULL);

-- --------------------------------------------------------

--
-- Table structure for table `user_designation`
--

CREATE TABLE `user_designation` (
  `userDesID` int(10) NOT NULL,
  `designation` varchar(100) NOT NULL,
  `statusID` int(2) NOT NULL DEFAULT 0,
  `created_by` int(10) DEFAULT NULL,
  `created_at` datetime DEFAULT current_timestamp(),
  `modified_by` int(10) DEFAULT 0,
  `modified_at` datetime DEFAULT NULL ON UPDATE current_timestamp()
) ENGINE=InnoDB DEFAULT CHARSET=utf8mb4 COLLATE=utf8mb4_general_ci;

--
-- Dumping data for table `user_designation`
--

INSERT INTO `user_designation` (`userDesID`, `designation`, `statusID`, `created_by`, `created_at`, `modified_by`, `modified_at`) VALUES
(1, 'Chairman', 1, NULL, '2024-07-30 23:16:10', 0, '2024-07-30 23:16:14'),
(2, 'Secretary', 1, NULL, '2024-07-30 00:00:00', 0, '2024-07-30 23:16:18'),
(3, 'Management Member', 1, NULL, '2024-07-30 00:00:00', 0, '2024-07-30 23:17:03'),
(4, 'Principal', 1, NULL, '2024-07-30 00:00:00', 0, '2024-07-30 23:17:53'),
(5, 'Teacher', 1, NULL, '2024-07-30 00:00:00', 0, '2024-07-30 23:17:08'),
(6, 'Clerk', 1, NULL, '2024-07-30 00:00:00', 0, '2024-07-30 23:17:25'),
(7, 'Cashier', 1, NULL, '2024-07-30 00:00:00', 1, '2024-07-30 23:17:30'),
(8, 'Accountant', 1, NULL, '2024-07-30 00:00:00', 0, '2024-07-30 23:17:48');

-- --------------------------------------------------------

--
-- Table structure for table `user_users`
--

CREATE TABLE `user_users` (
  `user_id` int(100) NOT NULL,
  `fname` text DEFAULT NULL,
  `lname` text DEFAULT NULL,
  `userCatID` int(10) DEFAULT 0,
  `userDesID` int(10) DEFAULT 0,
  `email` text DEFAULT NULL,
  `username` varchar(255) NOT NULL,
  `password` text DEFAULT NULL,
  `statusID` int(1) DEFAULT 0,
  `created_by` int(10) DEFAULT NULL,
  `created_at` datetime DEFAULT current_timestamp(),
  `modified_by` int(10) DEFAULT 0,
  `modified_at` datetime DEFAULT NULL ON UPDATE current_timestamp()
) ENGINE=InnoDB DEFAULT CHARSET=utf8mb4 COLLATE=utf8mb4_general_ci;

--
-- Dumping data for table `user_users`
--

INSERT INTO `user_users` (`user_id`, `fname`, `lname`, `userCatID`, `userDesID`, `email`, `username`, `password`, `statusID`, `created_by`, `created_at`, `modified_by`, `modified_at`) VALUES
(1, 'S. P. E. M.', 'School', 1, 8, 'admin@gmail.com', 'admin', 'fe54f84e15a6ef775f0d70441394b2ac3bbb7fc21b8e2da9e6bd2f5191069f69', 1, NULL, '2024-07-30 23:44:43', 2, '2024-08-27 20:54:59'),
(2, 'ANIKET', 'SURKAR', 1, 1, 'aniketsurkar8@gmail.com', 'superadmin', '8d969eef6ecad3c29a3a629280e686cf0c3f5d5a86aff3ca12020c923adc6c92', 1, 1, '2024-08-01 16:19:06', 1, '2024-08-01 14:41:34');

-- --------------------------------------------------------

--
-- Table structure for table `web_data`
--

CREATE TABLE `web_data` (
  `sms_send` int(10) NOT NULL
) ENGINE=InnoDB DEFAULT CHARSET=latin1 COLLATE=latin1_swedish_ci;

--
-- Dumping data for table `web_data`
--

INSERT INTO `web_data` (`sms_send`) VALUES
(13065);

--
-- Indexes for dumped tables
--

--
-- Indexes for table `academic_session`
--
ALTER TABLE `academic_session`
  ADD PRIMARY KEY (`session_id`);

--
-- Indexes for table `bonafide_certificate`
--
ALTER TABLE `bonafide_certificate`
  ADD PRIMARY KEY (`bonafide_id`);

--
-- Indexes for table `class`
--
ALTER TABLE `class`
  ADD PRIMARY KEY (`class_id`);

--
-- Indexes for table `exam_acadamicexams`
--
ALTER TABLE `exam_acadamicexams`
  ADD PRIMARY KEY (`examID`);

--
-- Indexes for table `exam_grades`
--
ALTER TABLE `exam_grades`
  ADD PRIMARY KEY (`gradeID`);

--
-- Indexes for table `exam_heads`
--
ALTER TABLE `exam_heads`
  ADD PRIMARY KEY (`exHeadID`);

--
-- Indexes for table `exam_parameters`
--
ALTER TABLE `exam_parameters`
  ADD PRIMARY KEY (`paramID`);

--
-- Indexes for table `exam_studentpapers`
--
ALTER TABLE `exam_studentpapers`
  ADD PRIMARY KEY (`studPaperID`);

--
-- Indexes for table `exam_subjectpaper`
--
ALTER TABLE `exam_subjectpaper`
  ADD PRIMARY KEY (`paperID`);

--
-- Indexes for table `exam_subjects`
--
ALTER TABLE `exam_subjects`
  ADD PRIMARY KEY (`subjectID`);

--
-- Indexes for table `expenses`
--
ALTER TABLE `expenses`
  ADD PRIMARY KEY (`expenses_id`);

--
-- Indexes for table `fees`
--
ALTER TABLE `fees`
  ADD PRIMARY KEY (`fees_id`),
  ADD KEY `class_id` (`class_id`),
  ADD KEY `class_id_2` (`class_id`);

--
-- Indexes for table `gallery`
--
ALTER TABLE `gallery`
  ADD PRIMARY KEY (`id`);

--
-- Indexes for table `holiday`
--
ALTER TABLE `holiday`
  ADD PRIMARY KEY (`holiday_id`);

--
-- Indexes for table `leaving_certificate`
--
ALTER TABLE `leaving_certificate`
  ADD PRIMARY KEY (`leaving_id`),
  ADD KEY `student_id` (`student_id`);

--
-- Indexes for table `management`
--
ALTER TABLE `management`
  ADD PRIMARY KEY (`id`);

--
-- Indexes for table `notification`
--
ALTER TABLE `notification`
  ADD PRIMARY KEY (`notification_id`);

--
-- Indexes for table `payments`
--
ALTER TABLE `payments`
  ADD PRIMARY KEY (`payment_id`);

--
-- Indexes for table `payment_log`
--
ALTER TABLE `payment_log`
  ADD PRIMARY KEY (`payment_log_id`),
  ADD KEY `payment_id` (`payment_id`);

--
-- Indexes for table `section`
--
ALTER TABLE `section`
  ADD PRIMARY KEY (`section_id`),
  ADD KEY `class_id` (`class_id`),
  ADD KEY `teacher_id` (`teacher_id`);

--
-- Indexes for table `student`
--
ALTER TABLE `student`
  ADD PRIMARY KEY (`student_id`),
  ADD KEY `class_id` (`class_id`),
  ADD KEY `section_id` (`section_id`);

--
-- Indexes for table `student_attendance`
--
ALTER TABLE `student_attendance`
  ADD PRIMARY KEY (`attendance_id`);

--
-- Indexes for table `student_promote`
--
ALTER TABLE `student_promote`
  ADD PRIMARY KEY (`promotion_id`),
  ADD KEY `student_id` (`student_id`,`previous_class_id`,`new_class_id`,`section_id`),
  ADD KEY `previous_class_id` (`previous_class_id`),
  ADD KEY `new_class_id` (`new_class_id`),
  ADD KEY `section_id` (`section_id`);

--
-- Indexes for table `system_log`
--
ALTER TABLE `system_log`
  ADD PRIMARY KEY (`log_id`);

--
-- Indexes for table `sys_configuration`
--
ALTER TABLE `sys_configuration`
  ADD PRIMARY KEY (`configID`);

--
-- Indexes for table `sys_jobdates`
--
ALTER TABLE `sys_jobdates`
  ADD PRIMARY KEY (`sysJobDatID`);

--
-- Indexes for table `sys_module`
--
ALTER TABLE `sys_module`
  ADD PRIMARY KEY (`moduleID`);

--
-- Indexes for table `sys_submodule`
--
ALTER TABLE `sys_submodule`
  ADD PRIMARY KEY (`submoduleID`);

--
-- Indexes for table `teacher`
--
ALTER TABLE `teacher`
  ADD PRIMARY KEY (`teacher_id`);

--
-- Indexes for table `temp`
--
ALTER TABLE `temp`
  ADD PRIMARY KEY (`student_id`);

--
-- Indexes for table `toppers`
--
ALTER TABLE `toppers`
  ADD PRIMARY KEY (`id`);

--
-- Indexes for table `users`
--
ALTER TABLE `users`
  ADD PRIMARY KEY (`user_id`);

--
-- Indexes for table `user_access`
--
ALTER TABLE `user_access`
  ADD PRIMARY KEY (`accessID`) USING BTREE;

--
-- Indexes for table `user_category`
--
ALTER TABLE `user_category`
  ADD PRIMARY KEY (`userCatID`);

--
-- Indexes for table `user_designation`
--
ALTER TABLE `user_designation`
  ADD PRIMARY KEY (`userDesID`);

--
-- Indexes for table `user_users`
--
ALTER TABLE `user_users`
  ADD PRIMARY KEY (`user_id`);

--
-- AUTO_INCREMENT for dumped tables
--

--
-- AUTO_INCREMENT for table `academic_session`
--
ALTER TABLE `academic_session`
  MODIFY `session_id` int(255) NOT NULL AUTO_INCREMENT, AUTO_INCREMENT=15;

--
-- AUTO_INCREMENT for table `bonafide_certificate`
--
ALTER TABLE `bonafide_certificate`
  MODIFY `bonafide_id` int(11) NOT NULL AUTO_INCREMENT, AUTO_INCREMENT=7;

--
-- AUTO_INCREMENT for table `class`
--
ALTER TABLE `class`
  MODIFY `class_id` int(12) UNSIGNED NOT NULL AUTO_INCREMENT, AUTO_INCREMENT=31;

--
-- AUTO_INCREMENT for table `exam_acadamicexams`
--
ALTER TABLE `exam_acadamicexams`
  MODIFY `examID` int(11) NOT NULL AUTO_INCREMENT, AUTO_INCREMENT=14;

--
-- AUTO_INCREMENT for table `exam_grades`
--
ALTER TABLE `exam_grades`
  MODIFY `gradeID` int(11) NOT NULL AUTO_INCREMENT, AUTO_INCREMENT=14;

--
-- AUTO_INCREMENT for table `exam_heads`
--
ALTER TABLE `exam_heads`
  MODIFY `exHeadID` int(11) NOT NULL AUTO_INCREMENT, AUTO_INCREMENT=10;

--
-- AUTO_INCREMENT for table `exam_parameters`
--
ALTER TABLE `exam_parameters`
  MODIFY `paramID` int(20) NOT NULL AUTO_INCREMENT, AUTO_INCREMENT=50;

--
-- AUTO_INCREMENT for table `exam_studentpapers`
--
ALTER TABLE `exam_studentpapers`
  MODIFY `studPaperID` int(30) NOT NULL AUTO_INCREMENT, AUTO_INCREMENT=484;

--
-- AUTO_INCREMENT for table `exam_subjectpaper`
--
ALTER TABLE `exam_subjectpaper`
  MODIFY `paperID` int(11) NOT NULL AUTO_INCREMENT, AUTO_INCREMENT=97;

--
-- AUTO_INCREMENT for table `exam_subjects`
--
ALTER TABLE `exam_subjects`
  MODIFY `subjectID` int(11) NOT NULL AUTO_INCREMENT, AUTO_INCREMENT=10;

--
-- AUTO_INCREMENT for table `expenses`
--
ALTER TABLE `expenses`
  MODIFY `expenses_id` int(11) NOT NULL AUTO_INCREMENT, AUTO_INCREMENT=4;

--
-- AUTO_INCREMENT for table `fees`
--
ALTER TABLE `fees`
  MODIFY `fees_id` int(12) NOT NULL AUTO_INCREMENT, AUTO_INCREMENT=28;

--
-- AUTO_INCREMENT for table `gallery`
--
ALTER TABLE `gallery`
  MODIFY `id` int(255) NOT NULL AUTO_INCREMENT, AUTO_INCREMENT=11;

--
-- AUTO_INCREMENT for table `holiday`
--
ALTER TABLE `holiday`
  MODIFY `holiday_id` int(11) NOT NULL AUTO_INCREMENT, AUTO_INCREMENT=3;

--
-- AUTO_INCREMENT for table `leaving_certificate`
--
ALTER TABLE `leaving_certificate`
  MODIFY `leaving_id` int(12) UNSIGNED NOT NULL AUTO_INCREMENT, AUTO_INCREMENT=6;

--
-- AUTO_INCREMENT for table `management`
--
ALTER TABLE `management`
  MODIFY `id` int(255) NOT NULL AUTO_INCREMENT;

--
-- AUTO_INCREMENT for table `notification`
--
ALTER TABLE `notification`
  MODIFY `notification_id` int(12) UNSIGNED NOT NULL AUTO_INCREMENT;

--
-- AUTO_INCREMENT for table `payments`
--
ALTER TABLE `payments`
  MODIFY `payment_id` int(12) UNSIGNED NOT NULL AUTO_INCREMENT, AUTO_INCREMENT=895;

--
-- AUTO_INCREMENT for table `payment_log`
--
ALTER TABLE `payment_log`
  MODIFY `payment_log_id` int(12) UNSIGNED NOT NULL AUTO_INCREMENT, AUTO_INCREMENT=14;

--
-- AUTO_INCREMENT for table `section`
--
ALTER TABLE `section`
  MODIFY `section_id` int(12) UNSIGNED NOT NULL AUTO_INCREMENT, AUTO_INCREMENT=36;

--
-- AUTO_INCREMENT for table `student`
--
ALTER TABLE `student`
  MODIFY `student_id` int(12) UNSIGNED NOT NULL AUTO_INCREMENT, AUTO_INCREMENT=567;

--
-- AUTO_INCREMENT for table `student_attendance`
--
ALTER TABLE `student_attendance`
  MODIFY `attendance_id` int(11) NOT NULL AUTO_INCREMENT, AUTO_INCREMENT=182;

--
-- AUTO_INCREMENT for table `student_promote`
--
ALTER TABLE `student_promote`
  MODIFY `promotion_id` int(12) UNSIGNED NOT NULL AUTO_INCREMENT, AUTO_INCREMENT=329;

--
-- AUTO_INCREMENT for table `system_log`
--
ALTER TABLE `system_log`
  MODIFY `log_id` int(255) NOT NULL AUTO_INCREMENT, AUTO_INCREMENT=5;

--
-- AUTO_INCREMENT for table `sys_configuration`
--
ALTER TABLE `sys_configuration`
  MODIFY `configID` int(11) NOT NULL AUTO_INCREMENT, AUTO_INCREMENT=12;

--
-- AUTO_INCREMENT for table `sys_jobdates`
--
ALTER TABLE `sys_jobdates`
  MODIFY `sysJobDatID` int(11) NOT NULL AUTO_INCREMENT, AUTO_INCREMENT=8;

--
-- AUTO_INCREMENT for table `sys_module`
--
ALTER TABLE `sys_module`
  MODIFY `moduleID` int(10) NOT NULL AUTO_INCREMENT, AUTO_INCREMENT=16;

--
-- AUTO_INCREMENT for table `sys_submodule`
--
ALTER TABLE `sys_submodule`
  MODIFY `submoduleID` int(10) NOT NULL AUTO_INCREMENT, AUTO_INCREMENT=32;

--
-- AUTO_INCREMENT for table `teacher`
--
ALTER TABLE `teacher`
  MODIFY `teacher_id` int(12) UNSIGNED NOT NULL AUTO_INCREMENT;

--
-- AUTO_INCREMENT for table `temp`
--
ALTER TABLE `temp`
  MODIFY `student_id` int(12) UNSIGNED NOT NULL AUTO_INCREMENT, AUTO_INCREMENT=1401;

--
-- AUTO_INCREMENT for table `toppers`
--
ALTER TABLE `toppers`
  MODIFY `id` int(255) NOT NULL AUTO_INCREMENT, AUTO_INCREMENT=4;

--
-- AUTO_INCREMENT for table `users`
--
ALTER TABLE `users`
  MODIFY `user_id` int(11) NOT NULL AUTO_INCREMENT, AUTO_INCREMENT=9;

--
-- AUTO_INCREMENT for table `user_access`
--
ALTER TABLE `user_access`
  MODIFY `accessID` int(10) NOT NULL AUTO_INCREMENT, AUTO_INCREMENT=5;

--
-- AUTO_INCREMENT for table `user_category`
--
ALTER TABLE `user_category`
  MODIFY `userCatID` int(10) NOT NULL AUTO_INCREMENT, AUTO_INCREMENT=5;

--
-- AUTO_INCREMENT for table `user_designation`
--
ALTER TABLE `user_designation`
  MODIFY `userDesID` int(10) NOT NULL AUTO_INCREMENT, AUTO_INCREMENT=9;

--
-- AUTO_INCREMENT for table `user_users`
--
ALTER TABLE `user_users`
  MODIFY `user_id` int(100) NOT NULL AUTO_INCREMENT, AUTO_INCREMENT=3;

--
-- Constraints for dumped tables
--

--
-- Constraints for table `fees`
--
ALTER TABLE `fees`
  ADD CONSTRAINT `fees_ibfk_1` FOREIGN KEY (`class_id`) REFERENCES `class` (`class_id`);

--
-- Constraints for table `payment_log`
--
ALTER TABLE `payment_log`
  ADD CONSTRAINT `payment_log_ibfk_1` FOREIGN KEY (`payment_id`) REFERENCES `payments` (`payment_id`);
COMMIT;

/*!40101 SET CHARACTER_SET_CLIENT=@OLD_CHARACTER_SET_CLIENT */;
/*!40101 SET CHARACTER_SET_RESULTS=@OLD_CHARACTER_SET_RESULTS */;
/*!40101 SET COLLATION_CONNECTION=@OLD_COLLATION_CONNECTION */;
